# SBND cathode v6 volume, exported from drift-time analysis
# Units: centimetres.  Coordinates are (x,y,z) with x normal to cathode.
# A point (x,y,z) is *inside* the cathode volume when
#    Y_MIN <= y <= Y_MAX,  Z_MIN <= z <= Z_MAX,
#    x_neg(y,z) <= x <= x_pos(y,z),
# where x_neg and x_pos are read/interpolated from the grids below.
# A NaN value in either grid means "no data" at that (y,z) bin;
# the C++ loader treats NaN as "outside the volume".
# Built from drift-time analysis (stepped pipeline).
# x_neg = spline_fit_TPC0(y,z) - 1.50 cm
# x_pos = spline_fit_TPC1(y,z) + 1.50 cm
VERSION  1
NY       160
NZ       200
Y_MIN    -200.000000
Y_MAX    200.000000
Z_MIN    0.000000
Z_MAX    500.000000
BIN_CM   2.500000
X_NEG
nan nan nan nan nan -1.6152 -1.6585 -1.6912 -1.6889 -1.6534 -1.6378 -1.6517 -1.6698 -1.6923 -1.7255 -1.7699 -1.8074 -1.8384 -1.9966 -2.2565 -2.3033 -2.1089 -1.8547 -1.7400 nan nan -2.0810 -2.2539 -2.2894 -2.1402 -1.9575 -1.8354 -1.8113 -1.8635 -1.9710 -2.1215 -2.2651 -2.3356 -2.2767 -2.1802 -2.2442 -2.3530 -2.3223 -2.1253 -1.9070 -1.9056 -2.0857 -2.2770 -2.2545 -2.0510 -1.9012 -1.9299 -2.0996 -2.1540 -2.0549 -1.9461 -1.9619 -2.1131 -2.2292 -2.3815 -2.6966 -2.8176 -2.5894 -2.3287 -2.1640 -2.0826 -2.0616 -2.0813 -2.1226 -2.0987 -1.9718 -1.9702 -2.1375 -2.2488 -2.2344 -2.1258 -2.0035 -1.8914 -1.7626 -1.7326 -1.8930 -2.1196 -2.2502 -2.1819 -2.2057 -2.4708 -2.5041 -2.2630 -2.1069 -2.1252 -2.2237 -2.1574 -1.9819 -1.9474 -2.0296 -2.0770 -1.9018 -1.8126 -2.2609 -2.8010 -2.9160 -2.4118 -1.7295 -1.4991 -1.6146 -1.8800 -2.2272 -2.6786 -3.1650 -3.1798 -2.8137 -2.9030 -3.2180 -3.1804 -2.8553 -2.4464 -2.1586 -2.0400 -2.0573 -2.1491 -2.2084 -2.1120 -1.9045 -1.7245 -1.7581 -1.9727 -2.1621 -2.3148 -2.4480 -2.4915 -2.4045 -2.2045 -2.0392 -1.9844 -1.9232 -1.9326 -2.1859 -2.5763 -2.9284 -3.0922 -3.0159 -2.7457 -2.4649 -2.3003 -2.2393 -2.2000 -2.1106 -2.0533 -2.0671 -2.1017 -2.2109 -2.4067 -2.3982 -2.1199 -1.8286 -1.6580 -1.6271 -1.6276 -1.6225 -1.6692 -1.7914 -1.9559 -2.0375 -2.0710 -2.2080 -2.3042 -2.2476 -2.2323 -2.2895 -2.2857 -2.1367 -1.8678 -1.6723 -1.6380 -1.7413 -1.8885 -1.9739 -1.9231 -1.8863 -2.0942 -2.4732 -2.7834 -2.6927 -2.3240 -2.0198 -1.8724 -1.8806 -1.9866 -2.0599 -2.0227 -2.0848 -2.2378 -2.1793 -2.0129 -1.9422 -1.8564 -1.7224 -1.6433 -1.6217 -1.5968
nan -1.7593 -1.7710 -1.7983 -1.8159 -1.8564 -1.9161 -1.9536 -1.9372 -1.8767 -1.8521 -1.8642 -1.8581 -1.8536 -1.8793 -1.9341 -1.9781 -1.9829 -2.0817 -2.2780 -2.3153 -2.1626 -1.9507 -1.8088 -1.8033 -1.9106 -2.0961 -2.2949 -2.3514 -2.2336 -2.0868 -1.9911 -1.9735 -2.0221 -2.1143 -2.2247 -2.3359 -2.4113 -2.3608 -2.2611 -2.3244 -2.4390 -2.4172 -2.2253 -2.0517 -2.2142 -2.6902 -3.2111 -3.2820 -2.8631 -2.3238 -2.0420 -2.1260 -2.1966 -2.1352 -2.0607 -2.0898 -2.2102 -2.2195 -2.2012 -2.3449 -2.4362 -2.3572 -2.2776 -2.2347 -2.1847 -2.1357 -2.1225 -2.1815 -2.1854 -2.0337 -1.9874 -2.1223 -2.2206 -2.2082 -2.1118 -2.0181 -1.9386 -1.8150 -1.7551 -1.8519 -1.9806 -2.0270 -1.9680 -2.0802 -2.4516 -2.5306 -2.2741 -2.1022 -2.1063 -2.1763 -2.0599 -1.8516 -1.8528 -1.9769 -2.0210 -1.8324 -1.8487 -2.6319 -3.5090 -3.7197 -2.9697 -1.9112 -1.4910 -1.6022 -1.9495 -2.3399 -2.7437 -3.1070 -3.0203 -2.5840 -2.5334 -2.7078 -2.6632 -2.5205 -2.3856 -2.2384 -2.1261 -2.1059 -2.1693 -2.2339 -2.1705 -1.9758 -1.7661 -1.8000 -2.0210 -2.1266 -2.1668 -2.2461 -2.3123 -2.2999 -2.1798 -2.0795 -2.0635 -2.0059 -2.0061 -2.2709 -2.6741 -2.9993 -3.0565 -2.8950 -2.6904 -2.4956 -2.3286 -2.2009 -2.1142 -2.0665 -2.0620 -2.1464 -2.4104 -2.8741 -3.3851 -3.3978 -2.8248 -2.1873 -1.8016 -1.7458 -1.7655 -1.7497 -1.7910 -1.9187 -2.0918 -2.1823 -2.2255 -2.3723 -2.4516 -2.3441 -2.2953 -2.3455 -2.3358 -2.2048 -1.9829 -1.8092 -1.7939 -1.9715 -2.1697 -2.2279 -2.1219 -1.9811 -1.9959 -2.2024 -2.4712 -2.5068 -2.3065 -2.0577 -1.9425 -2.0036 -2.0978 -2.1155 -2.0478 -2.1196 -2.3058 -2.2669 -2.1147 -2.0735 -2.0245 -1.9234 -1.8630 -1.8294 -1.7254
-1.7683 -1.9047 -1.9938 -2.0382 -2.0346 -2.0456 -2.0817 -2.1013 -2.0771 -2.0186 -1.9929 -1.9908 -1.9551 -1.9206 -1.9258 -1.9614 -1.9868 -1.9671 -1.9702 -2.0210 -2.0347 -1.9930 -1.9230 -1.8351 -1.7749 -1.8315 -1.9575 -2.0442 -2.0547 -2.0094 -1.9764 -1.9656 -1.9644 -1.9850 -2.0186 -2.0334 -2.0531 -2.0927 -2.0779 -2.0264 -2.0465 -2.1039 -2.1151 -2.0351 -2.0267 -2.3846 -3.0603 -3.7540 -3.9304 -3.4639 -2.6491 -2.0316 -1.9046 -1.9494 -1.9792 -1.9751 -1.9930 -2.0427 -2.0302 -1.9770 -1.9626 -1.9564 -1.9431 -1.9662 -1.9988 -1.9856 -1.9341 -1.8927 -1.9287 -1.9545 -1.8720 -1.8158 -1.8422 -1.8642 -1.8521 -1.8184 -1.8014 -1.7921 -1.7403 -1.6992 -1.7197 -1.7352 -1.7068 -1.6595 -1.7381 -1.9670 -2.0237 -1.8930 -1.8275 -1.8443 -1.8602 -1.7716 -1.6556 -1.6754 -1.7111 -1.6704 -1.6727 -1.9907 -2.8188 -3.6214 -3.8308 -3.2013 -2.2314 -1.6842 -1.6032 -1.7971 -2.0037 -2.1514 -2.2373 -2.1239 -1.8883 -1.8648 -1.9616 -1.9627 -1.9477 -1.9580 -1.9387 -1.8923 -1.8523 -1.8575 -1.8942 -1.8983 -1.8253 -1.7126 -1.7526 -1.8985 -1.9144 -1.8569 -1.8414 -1.8807 -1.9197 -1.8879 -1.8632 -1.8895 -1.8716 -1.8649 -2.0020 -2.2109 -2.3581 -2.3212 -2.1860 -2.1229 -2.0949 -2.0513 -1.9987 -1.9581 -1.9400 -1.9038 -1.9595 -2.3920 -3.1352 -3.8456 -3.9371 -3.3027 -2.4550 -1.8705 -1.7765 -1.8209 -1.8122 -1.8269 -1.8869 -1.9697 -2.0186 -2.0468 -2.1137 -2.1227 -2.0230 -1.9826 -2.0240 -2.0375 -2.0065 -1.9465 -1.8769 -1.8716 -2.0011 -2.1214 -2.1180 -2.0368 -1.9440 -1.9051 -1.9675 -2.0925 -2.1279 -2.0536 -1.9479 -1.9253 -1.9964 -2.0278 -1.9885 -1.9297 -1.9615 -2.0640 -2.0666 -2.0119 -2.0032 -2.0012 -1.9875 -1.9870 -1.9604 -1.8030
-1.7426 -1.9946 -2.1520 -2.2054 -2.1805 -2.1555 -2.1581 -2.1635 -2.1415 -2.0904 -2.0640 -2.0554 -2.0182 -1.9822 -1.9778 -1.9916 -1.9982 -1.9771 -1.9526 -1.9434 -1.9395 -1.9341 -1.9171 -1.8510 -1.7710 -1.8081 -1.9071 -1.9420 -1.9307 -1.9170 -1.9327 -1.9562 -1.9586 -1.9705 -1.9945 -1.9953 -1.9950 -2.0166 -2.0153 -1.9870 -1.9770 -2.0000 -2.0307 -1.9923 -2.0530 -2.5385 -3.3061 -4.0008 -4.2045 -3.7818 -2.9152 -2.1629 -1.8960 -1.9098 -1.9844 -1.9816 -1.9660 -1.9948 -2.0174 -2.0056 -1.9615 -1.9220 -1.9106 -1.9181 -1.9269 -1.9191 -1.8870 -1.8493 -1.8496 -1.8571 -1.8255 -1.7890 -1.7712 -1.7638 -1.7587 -1.7530 -1.7535 -1.7516 -1.7261 -1.7049 -1.7103 -1.7006 -1.6653 -1.6359 -1.6519 -1.7122 -1.7256 -1.7017 -1.7281 -1.7755 -1.7894 -1.7496 -1.6988 -1.6914 -1.6149 -1.5151 -1.7775 -2.4282 -3.2049 -3.8058 -3.9655 -3.5265 -2.7411 -2.0607 -1.7248 -1.7213 -1.7735 -1.7796 -1.7471 -1.6781 -1.6126 -1.6266 -1.6777 -1.6951 -1.7057 -1.7284 -1.7523 -1.7624 -1.7542 -1.7534 -1.7638 -1.7630 -1.7381 -1.7050 -1.7324 -1.7944 -1.7923 -1.7471 -1.7145 -1.7276 -1.7578 -1.7489 -1.7478 -1.7845 -1.8012 -1.8051 -1.8446 -1.9041 -1.9453 -1.9296 -1.8964 -1.9113 -1.9414 -1.9557 -1.9610 -1.9551 -1.9227 -1.8329 -1.8581 -2.3833 -3.2510 -3.9985 -4.1471 -3.5807 -2.6449 -1.9128 -1.7687 -1.8300 -1.8485 -1.8572 -1.8770 -1.9090 -1.9333 -1.9485 -1.9653 -1.9469 -1.8860 -1.8730 -1.9094 -1.9248 -1.9309 -1.9425 -1.9289 -1.9159 -1.9538 -1.9840 -1.9666 -1.9461 -1.9346 -1.9237 -1.9376 -1.9736 -1.9800 -1.9565 -1.9383 -1.9610 -2.0102 -2.0125 -1.9798 -1.9631 -1.9775 -2.0050 -2.0025 -1.9775 -1.9584 -1.9600 -1.9837 -2.0141 -1.9986 -1.8350
-1.6954 -1.9884 -2.1959 -2.2837 -2.2662 -2.2200 -2.1927 -2.1903 -2.1722 -2.1210 -2.0946 -2.0928 -2.0719 -2.0411 -2.0191 -2.0099 -2.0033 -1.9854 -1.9651 -1.9511 -1.9413 -1.9345 -1.9217 -1.8619 -1.7826 -1.8054 -1.8869 -1.9194 -1.9163 -1.9133 -1.9348 -1.9581 -1.9572 -1.9676 -1.9954 -2.0054 -2.0114 -2.0332 -2.0433 -2.0279 -1.9997 -1.9976 -2.0233 -1.9814 -2.0602 -2.6239 -3.4252 -4.0514 -4.2302 -3.8659 -3.0671 -2.3050 -1.9459 -1.9285 -2.0284 -2.0074 -1.9639 -1.9962 -2.0415 -2.0553 -2.0278 -1.9945 -1.9776 -1.9632 -1.9497 -1.9400 -1.9190 -1.8844 -1.8560 -1.8423 -1.8393 -1.8273 -1.8046 -1.7921 -1.7872 -1.7802 -1.7750 -1.7677 -1.7473 -1.7320 -1.7349 -1.7259 -1.7058 -1.7041 -1.6998 -1.6762 -1.6696 -1.6987 -1.7549 -1.8028 -1.8157 -1.8027 -1.7791 -1.7424 -1.6034 -1.4979 -1.9517 -2.8036 -3.4863 -3.8935 -4.0048 -3.7459 -3.1539 -2.3990 -1.8692 -1.7167 -1.7005 -1.6807 -1.6217 -1.5856 -1.6000 -1.6262 -1.6498 -1.6685 -1.6745 -1.6764 -1.6989 -1.7335 -1.7598 -1.7674 -1.7566 -1.7376 -1.7270 -1.7340 -1.7452 -1.7545 -1.7625 -1.7555 -1.7337 -1.7333 -1.7479 -1.7451 -1.7540 -1.7938 -1.8300 -1.8490 -1.8574 -1.8615 -1.8678 -1.8832 -1.9092 -1.9412 -1.9639 -1.9754 -1.9932 -1.9878 -1.9207 -1.8259 -1.9057 -2.4989 -3.3674 -4.0216 -4.1641 -3.6994 -2.7807 -1.9815 -1.7729 -1.8252 -1.8763 -1.8900 -1.8904 -1.9056 -1.9217 -1.9316 -1.9379 -1.9265 -1.8983 -1.8977 -1.9195 -1.9226 -1.9287 -1.9541 -1.9656 -1.9568 -1.9437 -1.9293 -1.9215 -1.9404 -1.9706 -1.9808 -1.9807 -1.9791 -1.9695 -1.9649 -1.9827 -2.0085 -2.0224 -2.0104 -1.9980 -2.0131 -2.0220 -2.0090 -1.9937 -1.9710 -1.9369 -1.9277 -1.9526 -1.9807 -1.9639 -1.8177
-1.7624 -1.9946 -2.1640 -2.2830 -2.3036 -2.2642 -2.2207 -2.2170 -2.2038 -2.1497 -2.1222 -2.1278 -2.1214 -2.0907 -2.0460 -2.0175 -2.0048 -1.9905 -1.9827 -1.9834 -1.9745 -1.9567 -1.9346 -1.8793 -1.8094 -1.8130 -1.8733 -1.9232 -1.9445 -1.9460 -1.9544 -1.9615 -1.9546 -1.9639 -1.9910 -2.0021 -2.0123 -2.0419 -2.0642 -2.0589 -2.0269 -2.0078 -2.0126 -1.9618 -2.0595 -2.6717 -3.4772 -4.0290 -4.1596 -3.8268 -3.1169 -2.3889 -1.9670 -1.9258 -2.0483 -2.0158 -1.9576 -1.9969 -2.0352 -2.0388 -2.0297 -2.0157 -2.0026 -1.9975 -1.9969 -1.9908 -1.9683 -1.9292 -1.8884 -1.8659 -1.8705 -1.8712 -1.8563 -1.8450 -1.8336 -1.8148 -1.8040 -1.7991 -1.7798 -1.7601 -1.7546 -1.7422 -1.7321 -1.7571 -1.7758 -1.7585 -1.7606 -1.7953 -1.8307 -1.8495 -1.8477 -1.8351 -1.8106 -1.7559 -1.6188 -1.5671 -2.1138 -3.0047 -3.5766 -3.8442 -3.9254 -3.8037 -3.3696 -2.5970 -1.9618 -1.7340 -1.7271 -1.7528 -1.7023 -1.6654 -1.6860 -1.7034 -1.7120 -1.7263 -1.7305 -1.7254 -1.7346 -1.7648 -1.8039 -1.8143 -1.7922 -1.7706 -1.7669 -1.7794 -1.7803 -1.7753 -1.7943 -1.8093 -1.7993 -1.7998 -1.8137 -1.8197 -1.8395 -1.8848 -1.9253 -1.9545 -1.9828 -2.0052 -2.0190 -2.0323 -2.0476 -2.0600 -2.0512 -2.0272 -2.0256 -2.0008 -1.9029 -1.8475 -2.0379 -2.6877 -3.4983 -4.0087 -4.0978 -3.7150 -2.8758 -2.0784 -1.7962 -1.8145 -1.8946 -1.9178 -1.9122 -1.9318 -1.9499 -1.9593 -1.9772 -1.9860 -1.9741 -1.9695 -1.9719 -1.9599 -1.9529 -1.9676 -1.9878 -1.9974 -1.9883 -1.9777 -1.9826 -2.0054 -2.0283 -2.0293 -2.0205 -2.0140 -2.0091 -2.0133 -2.0318 -2.0392 -2.0245 -2.0063 -2.0039 -2.0224 -2.0262 -2.0050 -1.9865 -1.9617 -1.9207 -1.9043 -1.9207 -1.9318 -1.9021 -1.7710
-2.1620 -2.2385 -2.1656 -2.2345 -2.3023 -2.3031 -2.2638 -2.2634 -2.2617 -2.2203 -2.1874 -2.1744 -2.1569 -2.1209 -2.0705 -2.0348 -2.0210 -2.0197 -2.0252 -2.0283 -2.0139 -1.9891 -1.9659 -1.9194 -1.8582 -1.8452 -1.8822 -1.9334 -1.9669 -1.9731 -1.9692 -1.9591 -1.9460 -1.9537 -1.9776 -1.9827 -1.9869 -2.0141 -2.0361 -2.0365 -2.0211 -2.0063 -1.9970 -1.9737 -2.1360 -2.7829 -3.5717 -4.0687 -4.1552 -3.8172 -3.1371 -2.4150 -1.9539 -1.9058 -2.0507 -2.0145 -1.9440 -1.9812 -2.0118 -2.0112 -2.0182 -2.0148 -1.9972 -2.0005 -2.0183 -2.0223 -2.0044 -1.9691 -1.9315 -1.9067 -1.9012 -1.8948 -1.8795 -1.8667 -1.8542 -1.8380 -1.8287 -1.8241 -1.8085 -1.7918 -1.7841 -1.7677 -1.7556 -1.7832 -1.8123 -1.8110 -1.8223 -1.8531 -1.8739 -1.8772 -1.8675 -1.8557 -1.8258 -1.7493 -1.6436 -1.6931 -2.2970 -3.1485 -3.6011 -3.7569 -3.8156 -3.7910 -3.4630 -2.6669 -1.9598 -1.7008 -1.7234 -1.7959 -1.7555 -1.7165 -1.7416 -1.7625 -1.7682 -1.7741 -1.7758 -1.7740 -1.7790 -1.7991 -1.8298 -1.8375 -1.8199 -1.8081 -1.8098 -1.8179 -1.8168 -1.8156 -1.8386 -1.8606 -1.8625 -1.8726 -1.8913 -1.8998 -1.9223 -1.9699 -2.0073 -2.0365 -2.0816 -2.1236 -2.1431 -2.1405 -2.1296 -2.1217 -2.0883 -2.0360 -2.0268 -2.0046 -1.9014 -1.8632 -2.0965 -2.7700 -3.5506 -3.9800 -4.0316 -3.6943 -2.9331 -2.1602 -1.8093 -1.7861 -1.8877 -1.9232 -1.9204 -1.9515 -1.9741 -1.9782 -1.9944 -2.0099 -2.0100 -2.0108 -2.0098 -1.9918 -1.9755 -1.9791 -1.9988 -2.0188 -2.0229 -2.0231 -2.0316 -2.0460 -2.0557 -2.0505 -2.0414 -2.0374 -2.0370 -2.0406 -2.0469 -2.0422 -2.0256 -2.0164 -2.0162 -2.0161 -2.0059 -1.9866 -1.9695 -1.9390 -1.8879 -1.8734 -1.9023 -1.9162 -1.8771 -1.7344
-2.8253 -2.7040 -2.2316 -2.1695 -2.2799 -2.3428 -2.3223 -2.3243 -2.3341 -2.3150 -2.2754 -2.2292 -2.1876 -2.1475 -2.1071 -2.0750 -2.0641 -2.0804 -2.0920 -2.0787 -2.0554 -2.0353 -2.0195 -1.9784 -1.9166 -1.8942 -1.9154 -1.9509 -1.9775 -1.9843 -1.9745 -1.9553 -1.9378 -1.9420 -1.9602 -1.9576 -1.9513 -1.9655 -1.9774 -1.9809 -1.9915 -1.9936 -1.9799 -2.0002 -2.2397 -2.9106 -3.6828 -4.1583 -4.2228 -3.8618 -3.1568 -2.4082 -1.9268 -1.8827 -2.0444 -2.0093 -1.9284 -1.9556 -1.9859 -1.9948 -2.0133 -2.0099 -1.9807 -1.9824 -2.0100 -2.0258 -2.0194 -1.9955 -1.9694 -1.9455 -1.9226 -1.9008 -1.8808 -1.8645 -1.8546 -1.8513 -1.8478 -1.8399 -1.8285 -1.8209 -1.8188 -1.8028 -1.7833 -1.7933 -1.8084 -1.8063 -1.8178 -1.8475 -1.8723 -1.8794 -1.8706 -1.8666 -1.8362 -1.7356 -1.6646 -1.8245 -2.4728 -3.2691 -3.6235 -3.7010 -3.7455 -3.7765 -3.4995 -2.6671 -1.9040 -1.6292 -1.6723 -1.7699 -1.7315 -1.6985 -1.7450 -1.7817 -1.7895 -1.7881 -1.7881 -1.7943 -1.8054 -1.8194 -1.8322 -1.8364 -1.8337 -1.8341 -1.8391 -1.8453 -1.8484 -1.8548 -1.8769 -1.8995 -1.9118 -1.9317 -1.9540 -1.9610 -1.9821 -2.0298 -2.0603 -2.0786 -2.1180 -2.1564 -2.1679 -2.1480 -2.1175 -2.0980 -2.0552 -1.9969 -1.9996 -2.0001 -1.9107 -1.8636 -2.0732 -2.7399 -3.5253 -3.9522 -3.9978 -3.6681 -2.9469 -2.1953 -1.8044 -1.7529 -1.8644 -1.9088 -1.9120 -1.9538 -1.9812 -1.9781 -1.9777 -1.9846 -1.9950 -2.0104 -2.0193 -2.0056 -1.9896 -1.9913 -2.0058 -2.0220 -2.0295 -2.0336 -2.0402 -2.0484 -2.0541 -2.0535 -2.0486 -2.0434 -2.0408 -2.0385 -2.0330 -2.0280 -2.0280 -2.0353 -2.0339 -2.0092 -1.9819 -1.9640 -1.9456 -1.9063 -1.8474 -1.8445 -1.9017 -1.9339 -1.8923 -1.7204
-3.4432 -3.1693 -2.3239 -2.1184 -2.2605 -2.3819 -2.3792 -2.3761 -2.3820 -2.3704 -2.3300 -2.2763 -2.2375 -2.2054 -2.1712 -2.1446 -2.1403 -2.1631 -2.1657 -2.1313 -2.1111 -2.1086 -2.0932 -2.0368 -1.9585 -1.9356 -1.9628 -1.9921 -2.0033 -1.9947 -1.9804 -1.9633 -1.9448 -1.9414 -1.9501 -1.9459 -1.9386 -1.9439 -1.9507 -1.9594 -1.9814 -1.9887 -1.9669 -1.9801 -2.2205 -2.8976 -3.6819 -4.1732 -4.2468 -3.8838 -3.1682 -2.4088 -1.9221 -1.8756 -2.0369 -2.0033 -1.9211 -1.9425 -1.9695 -1.9804 -2.0048 -2.0045 -1.9732 -1.9739 -2.0039 -2.0248 -2.0229 -2.0032 -1.9853 -1.9648 -1.9334 -1.9131 -1.9070 -1.8922 -1.8752 -1.8697 -1.8666 -1.8579 -1.8427 -1.8342 -1.8383 -1.8315 -1.8147 -1.8118 -1.8146 -1.8132 -1.8230 -1.8461 -1.8692 -1.8745 -1.8614 -1.8610 -1.8332 -1.7208 -1.6717 -1.8956 -2.5639 -3.3295 -3.6514 -3.7142 -3.7629 -3.8036 -3.5297 -2.6860 -1.8969 -1.5973 -1.6468 -1.7643 -1.7289 -1.6998 -1.7580 -1.7962 -1.7996 -1.7993 -1.8052 -1.8178 -1.8313 -1.8410 -1.8460 -1.8534 -1.8618 -1.8632 -1.8649 -1.8736 -1.8806 -1.8904 -1.9166 -1.9450 -1.9632 -1.9842 -2.0060 -2.0188 -2.0487 -2.1000 -2.1209 -2.1201 -2.1417 -2.1687 -2.1728 -2.1392 -2.0895 -2.0547 -2.0092 -1.9606 -1.9735 -1.9800 -1.8952 -1.8595 -2.0799 -2.7318 -3.5012 -3.9400 -3.9866 -3.6362 -2.9064 -2.1649 -1.7920 -1.7474 -1.8525 -1.8933 -1.8995 -1.9483 -1.9833 -1.9832 -1.9765 -1.9778 -1.9909 -2.0094 -2.0208 -2.0137 -2.0056 -2.0106 -2.0182 -2.0238 -2.0303 -2.0409 -2.0549 -2.0640 -2.0669 -2.0666 -2.0615 -2.0528 -2.0465 -2.0400 -2.0289 -2.0227 -2.0278 -2.0409 -2.0391 -2.0055 -1.9747 -1.9578 -1.9270 -1.8777 -1.8315 -1.8469 -1.9142 -1.9469 -1.9029 -1.7192
-3.6893 -3.3711 -2.3781 -2.1077 -2.2616 -2.4122 -2.4231 -2.4168 -2.4126 -2.3948 -2.3585 -2.3225 -2.3122 -2.2984 -2.2637 -2.2414 -2.2436 -2.2571 -2.2410 -2.1950 -2.1883 -2.2042 -2.1790 -2.0989 -2.0045 -1.9865 -2.0266 -2.0544 -2.0471 -2.0160 -1.9987 -1.9896 -1.9704 -1.9556 -1.9517 -1.9499 -1.9498 -1.9541 -1.9623 -1.9758 -1.9950 -1.9967 -1.9648 -1.9341 -2.1181 -2.7871 -3.5983 -4.1209 -4.2209 -3.8740 -3.1631 -2.4107 -1.9362 -1.8825 -2.0271 -1.9965 -1.9223 -1.9413 -1.9597 -1.9637 -1.9900 -1.9982 -1.9761 -1.9794 -2.0066 -2.0236 -2.0176 -1.9955 -1.9804 -1.9644 -1.9368 -1.9333 -1.9519 -1.9411 -1.9098 -1.8884 -1.8817 -1.8768 -1.8529 -1.8330 -1.8391 -1.8437 -1.8383 -1.8375 -1.8404 -1.8438 -1.8532 -1.8683 -1.8808 -1.8737 -1.8486 -1.8445 -1.8184 -1.7049 -1.6639 -1.9072 -2.5819 -3.3488 -3.6906 -3.7806 -3.8422 -3.8631 -3.5685 -2.7408 -1.9477 -1.6086 -1.6511 -1.7891 -1.7632 -1.7345 -1.7881 -1.8151 -1.8123 -1.8208 -1.8358 -1.8491 -1.8593 -1.8686 -1.8802 -1.8954 -1.9063 -1.9008 -1.8984 -1.9140 -1.9231 -1.9307 -1.9647 -2.0018 -2.0190 -2.0330 -2.0520 -2.0763 -2.1203 -2.1755 -2.1876 -2.1681 -2.1682 -2.1815 -2.1818 -2.1414 -2.0779 -2.0275 -1.9820 -1.9489 -1.9649 -1.9571 -1.8590 -1.8565 -2.1391 -2.7870 -3.5159 -3.9443 -3.9786 -3.5929 -2.8242 -2.0865 -1.7781 -1.7683 -1.8548 -1.8824 -1.8880 -1.9383 -1.9796 -1.9890 -1.9889 -1.9929 -2.0046 -2.0160 -2.0218 -2.0221 -2.0246 -2.0320 -2.0339 -2.0328 -2.0401 -2.0587 -2.0819 -2.0927 -2.0909 -2.0860 -2.0770 -2.0646 -2.0549 -2.0470 -2.0374 -2.0281 -2.0241 -2.0294 -2.0270 -2.0014 -1.9795 -1.9618 -1.9127 -1.8573 -1.8406 -1.8735 -1.9278 -1.9439 -1.8995 -1.7244
-3.2701 -3.0531 -2.3200 -2.1561 -2.2925 -2.4211 -2.4476 -2.4602 -2.4655 -2.4484 -2.4141 -2.3897 -2.4022 -2.4055 -2.3736 -2.3558 -2.3577 -2.3511 -2.3225 -2.2863 -2.2895 -2.3031 -2.2651 -2.1844 -2.1058 -2.0916 -2.1173 -2.1214 -2.0948 -2.0564 -2.0415 -2.0351 -2.0101 -1.9828 -1.9663 -1.9605 -1.9629 -1.9696 -1.9767 -1.9872 -2.0073 -2.0121 -1.9808 -1.9406 -2.1083 -2.7658 -3.5752 -4.1062 -4.2214 -3.8769 -3.1367 -2.3764 -1.9369 -1.8867 -2.0092 -1.9872 -1.9247 -1.9343 -1.9431 -1.9449 -1.9731 -1.9885 -1.9766 -1.9834 -2.0051 -2.0122 -2.0014 -1.9819 -1.9689 -1.9566 -1.9390 -1.9467 -1.9715 -1.9578 -1.9178 -1.8892 -1.8847 -1.8869 -1.8593 -1.8301 -1.8314 -1.8358 -1.8364 -1.8501 -1.8637 -1.8660 -1.8762 -1.8943 -1.9010 -1.8811 -1.8428 -1.8310 -1.8010 -1.6834 -1.6474 -1.9088 -2.6026 -3.3860 -3.7445 -3.8454 -3.9053 -3.9084 -3.6043 -2.7963 -1.9961 -1.6112 -1.6377 -1.7931 -1.7859 -1.7596 -1.8021 -1.8266 -1.8321 -1.8502 -1.8657 -1.8718 -1.8811 -1.8986 -1.9224 -1.9421 -1.9497 -1.9449 -1.9499 -1.9751 -1.9861 -1.9901 -2.0263 -2.0628 -2.0704 -2.0774 -2.0970 -2.1262 -2.1711 -2.2207 -2.2299 -2.2049 -2.1858 -2.1802 -2.1739 -2.1361 -2.0764 -2.0249 -1.9826 -1.9594 -1.9788 -1.9576 -1.8361 -1.8558 -2.2027 -2.8708 -3.5706 -3.9563 -3.9509 -3.5320 -2.7330 -2.0055 -1.7645 -1.7889 -1.8552 -1.8716 -1.8771 -1.9224 -1.9601 -1.9710 -1.9756 -1.9853 -2.0013 -2.0123 -2.0191 -2.0313 -2.0410 -2.0421 -2.0426 -2.0494 -2.0656 -2.0840 -2.0960 -2.0960 -2.0894 -2.0848 -2.0768 -2.0624 -2.0482 -2.0388 -2.0346 -2.0283 -2.0184 -2.0119 -2.0043 -1.9887 -1.9742 -1.9512 -1.8923 -1.8416 -1.8510 -1.8910 -1.9268 -1.9353 -1.8996 -1.7322
-2.4612 -2.4371 -2.1958 -2.2275 -2.3276 -2.4061 -2.4511 -2.4967 -2.5268 -2.5212 -2.4900 -2.4685 -2.4914 -2.5053 -2.4779 -2.4597 -2.4537 -2.4317 -2.4067 -2.3960 -2.4031 -2.3978 -2.3466 -2.2816 -2.2380 -2.2285 -2.2267 -2.1989 -2.1585 -2.1254 -2.1113 -2.0991 -2.0693 -2.0388 -2.0181 -2.0025 -1.9967 -2.0019 -2.0003 -1.9978 -2.0201 -2.0340 -2.0098 -1.9919 -2.1842 -2.8334 -3.6189 -4.1384 -4.2614 -3.9145 -3.1238 -2.3357 -1.9292 -1.8890 -1.9955 -1.9828 -1.9271 -1.9214 -1.9246 -1.9323 -1.9616 -1.9791 -1.9736 -1.9826 -1.9982 -1.9933 -1.9794 -1.9677 -1.9570 -1.9475 -1.9430 -1.9537 -1.9662 -1.9430 -1.9018 -1.8785 -1.8839 -1.8951 -1.8685 -1.8347 -1.8306 -1.8274 -1.8261 -1.8553 -1.8805 -1.8756 -1.8863 -1.9140 -1.9179 -1.8876 -1.8406 -1.8228 -1.7853 -1.6562 -1.6244 -1.9129 -2.6304 -3.4230 -3.7790 -3.8709 -3.9226 -3.9287 -3.6404 -2.8502 -2.0350 -1.6039 -1.6093 -1.7757 -1.7882 -1.7670 -1.8013 -1.8330 -1.8549 -1.8800 -1.8900 -1.8874 -1.9011 -1.9315 -1.9646 -1.9836 -1.9879 -1.9931 -2.0123 -2.0438 -2.0562 -2.0594 -2.0920 -2.1204 -2.1174 -2.1228 -2.1457 -2.1686 -2.1989 -2.2344 -2.2437 -2.2227 -2.1907 -2.1661 -2.1508 -2.1219 -2.0802 -2.0406 -2.0034 -1.9827 -2.0065 -1.9812 -1.8399 -1.8585 -2.2337 -2.9282 -3.6241 -3.9669 -3.9225 -3.4889 -2.6848 -1.9669 -1.7528 -1.7894 -1.8474 -1.8598 -1.8638 -1.9018 -1.9310 -1.9368 -1.9413 -1.9553 -1.9781 -1.9945 -2.0087 -2.0356 -2.0505 -2.0408 -2.0418 -2.0636 -2.0911 -2.1029 -2.0915 -2.0759 -2.0680 -2.0689 -2.0655 -2.0510 -2.0338 -2.0237 -2.0253 -2.0259 -2.0169 -2.0011 -1.9851 -1.9739 -1.9609 -1.9317 -1.8721 -1.8314 -1.8558 -1.8941 -1.9153 -1.9263 -1.9001 -1.7331
-1.9064 -2.0538 -2.1302 -2.2521 -2.3204 -2.3732 -2.4359 -2.5018 -2.5475 -2.5566 -2.5390 -2.5291 -2.5599 -2.5776 -2.5474 -2.5157 -2.4980 -2.4855 -2.4848 -2.4972 -2.5073 -2.4883 -2.4229 -2.3569 -2.3265 -2.3292 -2.3329 -2.3054 -2.2653 -2.2305 -2.2035 -2.1804 -2.1590 -2.1485 -2.1424 -2.1190 -2.0947 -2.0867 -2.0674 -2.0436 -2.0541 -2.0644 -2.0389 -2.0212 -2.2135 -2.8605 -3.6406 -4.1592 -4.3072 -3.9873 -3.1786 -2.3593 -1.9426 -1.9018 -2.0093 -1.9961 -1.9324 -1.9149 -1.9209 -1.9382 -1.9647 -1.9778 -1.9742 -1.9834 -1.9934 -1.9787 -1.9618 -1.9552 -1.9451 -1.9389 -1.9491 -1.9655 -1.9678 -1.9355 -1.8938 -1.8795 -1.8981 -1.9187 -1.8894 -1.8519 -1.8529 -1.8511 -1.8457 -1.8753 -1.8999 -1.8888 -1.8977 -1.9248 -1.9179 -1.8769 -1.8293 -1.8137 -1.7713 -1.6263 -1.5959 -1.9086 -2.6253 -3.3959 -3.7433 -3.8384 -3.9020 -3.9377 -3.6877 -2.9226 -2.0945 -1.6202 -1.6026 -1.7707 -1.7903 -1.7743 -1.8114 -1.8461 -1.8718 -1.9003 -1.9113 -1.9100 -1.9322 -1.9703 -2.0017 -2.0181 -2.0259 -2.0419 -2.0669 -2.0923 -2.1046 -2.1140 -2.1435 -2.1665 -2.1655 -2.1771 -2.2007 -2.2078 -2.2170 -2.2387 -2.2431 -2.2213 -2.1847 -2.1516 -2.1302 -2.1095 -2.0851 -2.0576 -2.0251 -2.0044 -2.0295 -2.0079 -1.8670 -1.8651 -2.2079 -2.8987 -3.6121 -3.9683 -3.9373 -3.5221 -2.7372 -2.0095 -1.7448 -1.7584 -1.8336 -1.8499 -1.8455 -1.8805 -1.9099 -1.9163 -1.9214 -1.9349 -1.9554 -1.9696 -1.9870 -2.0269 -2.0505 -2.0372 -2.0357 -2.0595 -2.0878 -2.0954 -2.0774 -2.0628 -2.0614 -2.0660 -2.0635 -2.0495 -2.0348 -2.0285 -2.0330 -2.0359 -2.0277 -2.0088 -1.9877 -1.9730 -1.9585 -1.9287 -1.8684 -1.8298 -1.8600 -1.8976 -1.9111 -1.9180 -1.8841 -1.7145
-1.7220 -1.9776 -2.1356 -2.2318 -2.2816 -2.3364 -2.4098 -2.4780 -2.5288 -2.5570 -2.5647 -2.5733 -2.6059 -2.6194 -2.5854 -2.5389 -2.5124 -2.5233 -2.5503 -2.5725 -2.5838 -2.5606 -2.4839 -2.3994 -2.3548 -2.3710 -2.4096 -2.4152 -2.3906 -2.3499 -2.3064 -2.2757 -2.2703 -2.2886 -2.3050 -2.2787 -2.2361 -2.2111 -2.1730 -2.1262 -2.1127 -2.1041 -2.0641 -2.0180 -2.1809 -2.8326 -3.6311 -4.1601 -4.3284 -4.0374 -3.2449 -2.4156 -1.9707 -1.9237 -2.0407 -2.0188 -1.9405 -1.9192 -1.9321 -1.9562 -1.9775 -1.9852 -1.9823 -1.9887 -1.9921 -1.9726 -1.9550 -1.9502 -1.9395 -1.9366 -1.9599 -1.9831 -1.9810 -1.9448 -1.9050 -1.8985 -1.9253 -1.9479 -1.9114 -1.8713 -1.8843 -1.8919 -1.8840 -1.9034 -1.9207 -1.9106 -1.9170 -1.9329 -1.9091 -1.8578 -1.8127 -1.8010 -1.7529 -1.5927 -1.5788 -1.9405 -2.6534 -3.3782 -3.7054 -3.7989 -3.8674 -3.9244 -3.7146 -2.9953 -2.1712 -1.6552 -1.6129 -1.7787 -1.7966 -1.7856 -1.8321 -1.8643 -1.8827 -1.9131 -1.9329 -1.9418 -1.9696 -2.0050 -2.0269 -2.0395 -2.0526 -2.0745 -2.0963 -2.1098 -2.1236 -2.1441 -2.1715 -2.1922 -2.2014 -2.2210 -2.2405 -2.2315 -2.2229 -2.2328 -2.2277 -2.2002 -2.1655 -2.1339 -2.1099 -2.0918 -2.0754 -2.0556 -2.0273 -2.0067 -2.0302 -2.0177 -1.8975 -1.8698 -2.1424 -2.8091 -3.5533 -3.9610 -3.9781 -3.6016 -2.8513 -2.1046 -1.7469 -1.7185 -1.8261 -1.8520 -1.8353 -1.8674 -1.9025 -1.9168 -1.9253 -1.9364 -1.9496 -1.9541 -1.9660 -2.0119 -2.0460 -2.0383 -2.0331 -2.0466 -2.0656 -2.0727 -2.0650 -2.0650 -2.0741 -2.0788 -2.0719 -2.0562 -2.0466 -2.0483 -2.0571 -2.0576 -2.0443 -2.0270 -2.0081 -1.9869 -1.9668 -1.9357 -1.8706 -1.8284 -1.8624 -1.9023 -1.9111 -1.9061 -1.8517 -1.6797
-1.6725 -1.9812 -2.1503 -2.2150 -2.2572 -2.3136 -2.3841 -2.4463 -2.5043 -2.5613 -2.6006 -2.6226 -2.6389 -2.6391 -2.6150 -2.5758 -2.5509 -2.5689 -2.5985 -2.6133 -2.6192 -2.5952 -2.5164 -2.4167 -2.3493 -2.3664 -2.4331 -2.4783 -2.4797 -2.4449 -2.4052 -2.3808 -2.3816 -2.4072 -2.4306 -2.4061 -2.3614 -2.3325 -2.2861 -2.2241 -2.1874 -2.1525 -2.0870 -2.0101 -2.1505 -2.8130 -3.6337 -4.1649 -4.3028 -3.9803 -3.2064 -2.4133 -1.9855 -1.9441 -2.0596 -2.0301 -1.9488 -1.9327 -1.9478 -1.9688 -1.9870 -1.9970 -1.9988 -1.9988 -1.9921 -1.9734 -1.9613 -1.9594 -1.9488 -1.9482 -1.9785 -2.0015 -1.9926 -1.9599 -1.9310 -1.9302 -1.9500 -1.9576 -1.9134 -1.8748 -1.8936 -1.9065 -1.8998 -1.9156 -1.9353 -1.9373 -1.9449 -1.9483 -1.9127 -1.8544 -1.8047 -1.7846 -1.7217 -1.5518 -1.5969 -2.0817 -2.8416 -3.5276 -3.8069 -3.8479 -3.8578 -3.8710 -3.6704 -3.0284 -2.2396 -1.6795 -1.6098 -1.7791 -1.8014 -1.7952 -1.8468 -1.8782 -1.8943 -1.9285 -1.9589 -1.9770 -1.9984 -2.0200 -2.0336 -2.0411 -2.0501 -2.0693 -2.0880 -2.0990 -2.1201 -2.1510 -2.1742 -2.1892 -2.2024 -2.2205 -2.2321 -2.2191 -2.2043 -2.2020 -2.1886 -2.1602 -2.1293 -2.1008 -2.0758 -2.0517 -2.0310 -2.0152 -1.9923 -1.9724 -1.9940 -1.9933 -1.9031 -1.8626 -2.0802 -2.7406 -3.5181 -3.9509 -3.9904 -3.6435 -2.9278 -2.1802 -1.7665 -1.7112 -1.8411 -1.8787 -1.8539 -1.8729 -1.9066 -1.9302 -1.9440 -1.9568 -1.9705 -1.9671 -1.9663 -2.0067 -2.0458 -2.0482 -2.0442 -2.0486 -2.0579 -2.0637 -2.0654 -2.0760 -2.0905 -2.0933 -2.0794 -2.0569 -2.0474 -2.0584 -2.0806 -2.0796 -2.0511 -2.0355 -2.0281 -2.0058 -1.9733 -1.9266 -1.8529 -1.8133 -1.8578 -1.9002 -1.9001 -1.8850 -1.8154 -1.6422
-1.6578 -1.9799 -2.1515 -2.2098 -2.2548 -2.3090 -2.3687 -2.4212 -2.4827 -2.5616 -2.6301 -2.6662 -2.6629 -2.6493 -2.6435 -2.6264 -2.6089 -2.6165 -2.6298 -2.6329 -2.6330 -2.6134 -2.5490 -2.4512 -2.3665 -2.3707 -2.4422 -2.5099 -2.5337 -2.5156 -2.4994 -2.4922 -2.4878 -2.5004 -2.5180 -2.5005 -2.4671 -2.4426 -2.3928 -2.3201 -2.2653 -2.2039 -2.1080 -2.0171 -2.1630 -2.8360 -3.6612 -4.1766 -4.2579 -3.8792 -3.1221 -2.3823 -1.9919 -1.9582 -2.0632 -2.0281 -1.9537 -1.9511 -1.9673 -1.9786 -1.9909 -2.0053 -2.0164 -2.0115 -1.9926 -1.9717 -1.9639 -1.9675 -1.9622 -1.9675 -2.0034 -2.0200 -1.9984 -1.9720 -1.9600 -1.9657 -1.9693 -1.9524 -1.9081 -1.8782 -1.8921 -1.8998 -1.8936 -1.9111 -1.9404 -1.9600 -1.9706 -1.9647 -1.9278 -1.8659 -1.8010 -1.7657 -1.6869 -1.5053 -1.6308 -2.3000 -3.1887 -3.8902 -4.1029 -4.0479 -3.9619 -3.8709 -3.6203 -3.0395 -2.2883 -1.6838 -1.5925 -1.7742 -1.8044 -1.8006 -1.8547 -1.8922 -1.9156 -1.9553 -1.9928 -2.0144 -2.0228 -2.0284 -2.0377 -2.0410 -2.0406 -2.0511 -2.0659 -2.0794 -2.1067 -2.1407 -2.1570 -2.1649 -2.1774 -2.1882 -2.1910 -2.1830 -2.1696 -2.1552 -2.1369 -2.1137 -2.0864 -2.0598 -2.0342 -2.0017 -1.9712 -1.9555 -1.9365 -1.9181 -1.9392 -1.9483 -1.8837 -1.8438 -2.0382 -2.7119 -3.5170 -3.9462 -3.9763 -3.6332 -2.9303 -2.1952 -1.7865 -1.7328 -1.8659 -1.9105 -1.8862 -1.8937 -1.9221 -1.9492 -1.9626 -1.9771 -1.9989 -1.9961 -1.9852 -2.0133 -2.0491 -2.0596 -2.0603 -2.0618 -2.0660 -2.0711 -2.0772 -2.0896 -2.1025 -2.1037 -2.0852 -2.0545 -2.0398 -2.0552 -2.0909 -2.0885 -2.0427 -2.0279 -2.0347 -2.0172 -1.9742 -1.9095 -1.8285 -1.7946 -1.8498 -1.8939 -1.8862 -1.8675 -1.7900 -1.6127
-1.6711 -1.9852 -2.1429 -2.2004 -2.2576 -2.3177 -2.3709 -2.4117 -2.4573 -2.5245 -2.6099 -2.6761 -2.6779 -2.6625 -2.6671 -2.6626 -2.6480 -2.6432 -2.6476 -2.6554 -2.6615 -2.6570 -2.6283 -2.5567 -2.4702 -2.4561 -2.5068 -2.5626 -2.5878 -2.5853 -2.5956 -2.6055 -2.5924 -2.5921 -2.6088 -2.6035 -2.5811 -2.5525 -2.4892 -2.4010 -2.3326 -2.2493 -2.1265 -2.0499 -2.2367 -2.9112 -3.7045 -4.1841 -4.2466 -3.8747 -3.1436 -2.4169 -2.0118 -1.9651 -2.0648 -2.0224 -1.9521 -1.9687 -1.9954 -1.9995 -1.9937 -2.0018 -2.0238 -2.0230 -1.9939 -1.9553 -1.9387 -1.9496 -1.9593 -1.9815 -2.0298 -2.0404 -2.0010 -1.9745 -1.9775 -1.9942 -1.9879 -1.9543 -1.9256 -1.9139 -1.9143 -1.9047 -1.8911 -1.9040 -1.9364 -1.9675 -1.9783 -1.9666 -1.9396 -1.8770 -1.7877 -1.7466 -1.6673 -1.4580 -1.6384 -2.5013 -3.6089 -4.4266 -4.5779 -4.4238 -4.2781 -4.0693 -3.6930 -3.0831 -2.3182 -1.6725 -1.5780 -1.7800 -1.8096 -1.8021 -1.8647 -1.9180 -1.9551 -1.9994 -2.0365 -2.0552 -2.0582 -2.0587 -2.0662 -2.0695 -2.0669 -2.0683 -2.0724 -2.0783 -2.0979 -2.1224 -2.1297 -2.1356 -2.1532 -2.1628 -2.1598 -2.1533 -2.1385 -2.1145 -2.0947 -2.0780 -2.0544 -2.0285 -2.0026 -1.9695 -1.9368 -1.9161 -1.8948 -1.8787 -1.9015 -1.9133 -1.8552 -1.8202 -2.0186 -2.7049 -3.5239 -3.9551 -3.9715 -3.6013 -2.8680 -2.1357 -1.7786 -1.7528 -1.8722 -1.9115 -1.8973 -1.9176 -1.9494 -1.9673 -1.9652 -1.9717 -2.0008 -2.0103 -2.0049 -2.0242 -2.0498 -2.0595 -2.0630 -2.0667 -2.0724 -2.0808 -2.0911 -2.1001 -2.1070 -2.1098 -2.0943 -2.0616 -2.0407 -2.0490 -2.0801 -2.0727 -2.0219 -2.0083 -2.0208 -2.0090 -1.9714 -1.9110 -1.8312 -1.7952 -1.8468 -1.8919 -1.8900 -1.8751 -1.7895 -1.5991
-1.7383 -2.0320 -2.1435 -2.1882 -2.2588 -2.3299 -2.3813 -2.4133 -2.4363 -2.4733 -2.5613 -2.6571 -2.6779 -2.6687 -2.6751 -2.6737 -2.6611 -2.6525 -2.6595 -2.6812 -2.6991 -2.7112 -2.7171 -2.6798 -2.6091 -2.5863 -2.6104 -2.6372 -2.6504 -2.6572 -2.6818 -2.6981 -2.6792 -2.6748 -2.6957 -2.6965 -2.6754 -2.6394 -2.5641 -2.4643 -2.3873 -2.2865 -2.1409 -2.0868 -2.3203 -2.9874 -3.7329 -4.1733 -4.2518 -3.9314 -3.2223 -2.4755 -2.0280 -1.9623 -2.0655 -2.0200 -1.9526 -1.9864 -2.0261 -2.0261 -1.9984 -1.9933 -2.0228 -2.0304 -1.9968 -1.9387 -1.9090 -1.9252 -1.9511 -1.9916 -2.0513 -2.0581 -2.0043 -1.9710 -1.9798 -2.0085 -2.0028 -1.9649 -1.9548 -1.9600 -1.9487 -1.9222 -1.8984 -1.9022 -1.9307 -1.9635 -1.9690 -1.9525 -1.9398 -1.8801 -1.7693 -1.7322 -1.6623 -1.4190 -1.6270 -2.6529 -3.9884 -4.9544 -5.0564 -4.8277 -4.6791 -4.4074 -3.9136 -3.2116 -2.3680 -1.6603 -1.5679 -1.7990 -1.8247 -1.8105 -1.8847 -1.9529 -1.9998 -2.0464 -2.0814 -2.0991 -2.1070 -2.1107 -2.1139 -2.1181 -2.1195 -2.1116 -2.0997 -2.0927 -2.0959 -2.1028 -2.1013 -2.1080 -2.1313 -2.1431 -2.1379 -2.1293 -2.1114 -2.0831 -2.0625 -2.0483 -2.0276 -2.0033 -1.9792 -1.9531 -1.9249 -1.8962 -1.8694 -1.8581 -1.8844 -1.8903 -1.8214 -1.8037 -2.0418 -2.7321 -3.5357 -3.9693 -3.9824 -3.5839 -2.8038 -2.0594 -1.7559 -1.7615 -1.8633 -1.8906 -1.8875 -1.9331 -1.9743 -1.9793 -1.9598 -1.9545 -1.9829 -2.0038 -2.0107 -2.0275 -2.0445 -2.0512 -2.0567 -2.0649 -2.0745 -2.0873 -2.1001 -2.1016 -2.0998 -2.1075 -2.1011 -2.0720 -2.0488 -2.0467 -2.0606 -2.0481 -2.0073 -1.9958 -2.0034 -1.9926 -1.9675 -1.9253 -1.8530 -1.8109 -1.8504 -1.8948 -1.9052 -1.8987 -1.8065 -1.5985
-1.8920 -2.1565 -2.1762 -2.1844 -2.2584 -2.3349 -2.3827 -2.4148 -2.4344 -2.4590 -2.5375 -2.6317 -2.6551 -2.6481 -2.6560 -2.6618 -2.6608 -2.6621 -2.6745 -2.6980 -2.7188 -2.7331 -2.7391 -2.7169 -2.6758 -2.6689 -2.6897 -2.7047 -2.7129 -2.7215 -2.7366 -2.7409 -2.7232 -2.7249 -2.7453 -2.7313 -2.6969 -2.6660 -2.6037 -2.5131 -2.4340 -2.3175 -2.1502 -2.0919 -2.3329 -2.9889 -3.7104 -4.1338 -4.2233 -3.9246 -3.2098 -2.4506 -2.0062 -1.9479 -2.0593 -2.0256 -1.9689 -2.0080 -2.0483 -2.0438 -2.0066 -1.9942 -2.0226 -2.0322 -2.0023 -1.9490 -1.9206 -1.9352 -1.9638 -2.0065 -2.0615 -2.0661 -2.0127 -1.9705 -1.9712 -2.0050 -2.0076 -1.9737 -1.9633 -1.9686 -1.9609 -1.9358 -1.9094 -1.9096 -1.9332 -1.9589 -1.9532 -1.9297 -1.9254 -1.8736 -1.7601 -1.7280 -1.6609 -1.3994 -1.6294 -2.7507 -4.1972 -5.2195 -5.2845 -5.0255 -4.9177 -4.7061 -4.2286 -3.4557 -2.4856 -1.6650 -1.5568 -1.8254 -1.8571 -1.8397 -1.9187 -1.9852 -2.0262 -2.0723 -2.1142 -2.1441 -2.1626 -2.1666 -2.1581 -2.1572 -2.1597 -2.1397 -2.1137 -2.1027 -2.0957 -2.0868 -2.0791 -2.0831 -2.1001 -2.1077 -2.1021 -2.0938 -2.0783 -2.0533 -2.0288 -2.0082 -1.9887 -1.9700 -1.9519 -1.9337 -1.9090 -1.8731 -1.8446 -1.8429 -1.8726 -1.8659 -1.7796 -1.8062 -2.1301 -2.8160 -3.5594 -3.9714 -3.9966 -3.6134 -2.8197 -2.0546 -1.7524 -1.7617 -1.8588 -1.8797 -1.8768 -1.9311 -1.9770 -1.9816 -1.9653 -1.9581 -1.9734 -1.9856 -1.9925 -2.0111 -2.0324 -2.0463 -2.0579 -2.0690 -2.0787 -2.0903 -2.0995 -2.0894 -2.0779 -2.0921 -2.0951 -2.0697 -2.0527 -2.0519 -2.0537 -2.0430 -2.0220 -2.0139 -2.0095 -1.9900 -1.9643 -1.9281 -1.8627 -1.8228 -1.8579 -1.8988 -1.9118 -1.9128 -1.8217 -1.6020
-2.0521 -2.2830 -2.2145 -2.1922 -2.2643 -2.3369 -2.3768 -2.4157 -2.4466 -2.4709 -2.5316 -2.6027 -2.6184 -2.6141 -2.6278 -2.6449 -2.6604 -2.6783 -2.6947 -2.7083 -2.7248 -2.7335 -2.7200 -2.6953 -2.6796 -2.6934 -2.7230 -2.7428 -2.7545 -2.7602 -2.7557 -2.7419 -2.7282 -2.7394 -2.7569 -2.7215 -2.6694 -2.6470 -2.6092 -2.5420 -2.4695 -2.3459 -2.1647 -2.0849 -2.3038 -2.9503 -3.6718 -4.0976 -4.1883 -3.8816 -3.1449 -2.3834 -1.9694 -1.9299 -2.0483 -2.0376 -1.9976 -2.0315 -2.0633 -2.0564 -2.0215 -2.0061 -2.0241 -2.0292 -2.0102 -1.9825 -1.9674 -1.9733 -1.9904 -2.0210 -2.0612 -2.0660 -2.0248 -1.9787 -1.9668 -1.9982 -2.0063 -1.9751 -1.9524 -1.9491 -1.9532 -1.9410 -1.9195 -1.9216 -1.9410 -1.9541 -1.9363 -1.9068 -1.9043 -1.8630 -1.7638 -1.7345 -1.6644 -1.4098 -1.6323 -2.7137 -4.1038 -5.0861 -5.1579 -4.9326 -4.8833 -4.7940 -4.4290 -3.6504 -2.5935 -1.6824 -1.5558 -1.8508 -1.8898 -1.8695 -1.9453 -2.0016 -2.0327 -2.0802 -2.1352 -2.1823 -2.2106 -2.2113 -2.1887 -2.1768 -2.1733 -2.1433 -2.1111 -2.1028 -2.0920 -2.0728 -2.0622 -2.0610 -2.0638 -2.0658 -2.0630 -2.0536 -2.0392 -2.0203 -1.9929 -1.9648 -1.9480 -1.9362 -1.9224 -1.9074 -1.8841 -1.8475 -1.8222 -1.8279 -1.8594 -1.8417 -1.7424 -1.8150 -2.2215 -2.8976 -3.5710 -3.9493 -3.9940 -3.6568 -2.8817 -2.0997 -1.7640 -1.7564 -1.8578 -1.8806 -1.8736 -1.9228 -1.9649 -1.9730 -1.9730 -1.9733 -1.9725 -1.9660 -1.9645 -1.9866 -2.0188 -2.0453 -2.0660 -2.0799 -2.0857 -2.0897 -2.0906 -2.0722 -2.0558 -2.0716 -2.0769 -2.0541 -2.0500 -2.0601 -2.0562 -2.0500 -2.0490 -2.0429 -2.0247 -1.9929 -1.9548 -1.9095 -1.8498 -1.8227 -1.8640 -1.9020 -1.9088 -1.9115 -1.8239 -1.6024
-2.0941 -2.2929 -2.2127 -2.2097 -2.2867 -2.3473 -2.3745 -2.4203 -2.4577 -2.4687 -2.5074 -2.5638 -2.5850 -2.5948 -2.6192 -2.6447 -2.6697 -2.6994 -2.7177 -2.7217 -2.7361 -2.7484 -2.7322 -2.7045 -2.6874 -2.6930 -2.7147 -2.7372 -2.7518 -2.7543 -2.7444 -2.7267 -2.7129 -2.7267 -2.7470 -2.7110 -2.6533 -2.6239 -2.5915 -2.5426 -2.4874 -2.3753 -2.1978 -2.1082 -2.3117 -2.9545 -3.6808 -4.1122 -4.2073 -3.9000 -3.1540 -2.3837 -1.9666 -1.9206 -2.0390 -2.0507 -2.0258 -2.0512 -2.0773 -2.0748 -2.0450 -2.0228 -2.0237 -2.0237 -2.0195 -2.0190 -2.0156 -2.0081 -2.0071 -2.0232 -2.0548 -2.0639 -2.0365 -1.9976 -1.9842 -2.0092 -2.0077 -1.9673 -1.9412 -1.9392 -1.9468 -1.9401 -1.9247 -1.9300 -1.9441 -1.9442 -1.9204 -1.8922 -1.8884 -1.8557 -1.7768 -1.7478 -1.6793 -1.4575 -1.6042 -2.4474 -3.6184 -4.5235 -4.6839 -4.5677 -4.5658 -4.5423 -4.2668 -3.5613 -2.5639 -1.6974 -1.5824 -1.8671 -1.8962 -1.8668 -1.9352 -1.9915 -2.0297 -2.0874 -2.1511 -2.2032 -2.2330 -2.2319 -2.2032 -2.1778 -2.1606 -2.1311 -2.1050 -2.0962 -2.0804 -2.0568 -2.0456 -2.0405 -2.0347 -2.0405 -2.0461 -2.0264 -2.0001 -1.9827 -1.9599 -1.9367 -1.9282 -1.9194 -1.8999 -1.8792 -1.8579 -1.8323 -1.8126 -1.8132 -1.8429 -1.8269 -1.7280 -1.8056 -2.2178 -2.8830 -3.5344 -3.8987 -3.9567 -3.6540 -2.9017 -2.1198 -1.7679 -1.7478 -1.8494 -1.8789 -1.8782 -1.9268 -1.9578 -1.9544 -1.9613 -1.9710 -1.9667 -1.9548 -1.9522 -1.9761 -2.0115 -2.0425 -2.0710 -2.0908 -2.0921 -2.0851 -2.0775 -2.0635 -2.0530 -2.0587 -2.0530 -2.0329 -2.0424 -2.0625 -2.0522 -2.0445 -2.0529 -2.0444 -2.0162 -1.9793 -1.9296 -1.8699 -1.8176 -1.8102 -1.8631 -1.9039 -1.9066 -1.9000 -1.8080 -1.5948
-2.0564 -2.2382 -2.1960 -2.2347 -2.3175 -2.3635 -2.3769 -2.4239 -2.4584 -2.4493 -2.4724 -2.5282 -2.5606 -2.5830 -2.6128 -2.6373 -2.6644 -2.7085 -2.7372 -2.7381 -2.7483 -2.7649 -2.7619 -2.7367 -2.7021 -2.6824 -2.6856 -2.7047 -2.7167 -2.7133 -2.7079 -2.6974 -2.6814 -2.6932 -2.7209 -2.7033 -2.6561 -2.6151 -2.5712 -2.5252 -2.4864 -2.3960 -2.2340 -2.1413 -2.3306 -2.9704 -3.7052 -4.1485 -4.2515 -3.9495 -3.2108 -2.4332 -1.9888 -1.9222 -2.0393 -2.0636 -2.0438 -2.0589 -2.0811 -2.0855 -2.0634 -2.0350 -2.0184 -2.0160 -2.0262 -2.0413 -2.0412 -2.0220 -2.0057 -2.0109 -2.0403 -2.0574 -2.0446 -2.0191 -2.0099 -2.0258 -2.0091 -1.9590 -1.9390 -1.9432 -1.9430 -1.9333 -1.9239 -1.9303 -1.9376 -1.9281 -1.9057 -1.8839 -1.8743 -1.8441 -1.7849 -1.7574 -1.6975 -1.5239 -1.5758 -2.1159 -3.0234 -3.8475 -4.1141 -4.1246 -4.1625 -4.1481 -3.9069 -3.2951 -2.4394 -1.7061 -1.6236 -1.8753 -1.8881 -1.8511 -1.9124 -1.9764 -2.0311 -2.0996 -2.1600 -2.1994 -2.2233 -2.2244 -2.1983 -2.1630 -2.1327 -2.1126 -2.0997 -2.0872 -2.0662 -2.0423 -2.0296 -2.0205 -2.0124 -2.0267 -2.0417 -2.0129 -1.9726 -1.9525 -1.9379 -1.9278 -1.9284 -1.9176 -1.8864 -1.8587 -1.8423 -1.8311 -1.8139 -1.8006 -1.8246 -1.8187 -1.7305 -1.7723 -2.1159 -2.7715 -3.4601 -3.8531 -3.9232 -3.6247 -2.8829 -2.1120 -1.7610 -1.7363 -1.8354 -1.8717 -1.8804 -1.9308 -1.9501 -1.9309 -1.9360 -1.9535 -1.9576 -1.9550 -1.9594 -1.9820 -2.0108 -2.0362 -2.0655 -2.0892 -2.0888 -2.0736 -2.0582 -2.0523 -2.0518 -2.0449 -2.0264 -2.0096 -2.0283 -2.0535 -2.0401 -2.0295 -2.0386 -2.0267 -1.9941 -1.9570 -1.9016 -1.8340 -1.7909 -1.8009 -1.8634 -1.9116 -1.9155 -1.8899 -1.7816 -1.5806
-2.0470 -2.2415 -2.2181 -2.2641 -2.3403 -2.3756 -2.3796 -2.4179 -2.4437 -2.4280 -2.4531 -2.5145 -2.5440 -2.5564 -2.5731 -2.5827 -2.6095 -2.6840 -2.7437 -2.7507 -2.7463 -2.7498 -2.7559 -2.7382 -2.6949 -2.6644 -2.6603 -2.6739 -2.6758 -2.6598 -2.6514 -2.6448 -2.6313 -2.6437 -2.6774 -2.6814 -2.6578 -2.6241 -2.5694 -2.5076 -2.4694 -2.3945 -2.2461 -2.1376 -2.2929 -2.9235 -3.6773 -4.1488 -4.2563 -3.9456 -3.2216 -2.4555 -2.0000 -1.9311 -2.0556 -2.0762 -2.0447 -2.0476 -2.0609 -2.0664 -2.0583 -2.0340 -2.0064 -2.0065 -2.0262 -2.0372 -2.0298 -2.0079 -1.9883 -1.9886 -2.0155 -2.0419 -2.0474 -2.0312 -2.0178 -2.0226 -2.0035 -1.9621 -1.9490 -1.9490 -1.9346 -1.9209 -1.9177 -1.9215 -1.9204 -1.9074 -1.8915 -1.8754 -1.8533 -1.8172 -1.7733 -1.7523 -1.7060 -1.5801 -1.5998 -1.9798 -2.7376 -3.4965 -3.7859 -3.8578 -3.9443 -3.9383 -3.6904 -3.1074 -2.3376 -1.7097 -1.6532 -1.8804 -1.8936 -1.8632 -1.9225 -1.9890 -2.0489 -2.1150 -2.1560 -2.1682 -2.1832 -2.1906 -2.1713 -2.1361 -2.1046 -2.0958 -2.0938 -2.0791 -2.0570 -2.0345 -2.0157 -1.9998 -1.9912 -2.0066 -2.0246 -2.0039 -1.9679 -1.9448 -1.9341 -1.9329 -1.9353 -1.9188 -1.8806 -1.8556 -1.8485 -1.8413 -1.8181 -1.7918 -1.8078 -1.8086 -1.7323 -1.7225 -1.9698 -2.6192 -3.3851 -3.8584 -3.9507 -3.6228 -2.8726 -2.1084 -1.7511 -1.7214 -1.8238 -1.8620 -1.8675 -1.9108 -1.9269 -1.9091 -1.9154 -1.9378 -1.9537 -1.9651 -1.9778 -1.9958 -2.0132 -2.0269 -2.0450 -2.0628 -2.0667 -2.0528 -2.0299 -2.0203 -2.0212 -2.0147 -1.9985 -1.9863 -2.0051 -2.0304 -2.0248 -2.0201 -2.0291 -2.0187 -1.9872 -1.9465 -1.8918 -1.8325 -1.7991 -1.8142 -1.8772 -1.9331 -1.9425 -1.8929 -1.7584 -1.5658
-2.0493 -2.2789 -2.2633 -2.2906 -2.3475 -2.3751 -2.3762 -2.4003 -2.4161 -2.4075 -2.4420 -2.5052 -2.5263 -2.5217 -2.5166 -2.5050 -2.5267 -2.6264 -2.7189 -2.7416 -2.7257 -2.7086 -2.7108 -2.6967 -2.6550 -2.6267 -2.6240 -2.6345 -2.6268 -2.5970 -2.5786 -2.5715 -2.5664 -2.5798 -2.6106 -2.6333 -2.6410 -2.6283 -2.5707 -2.4911 -2.4471 -2.3789 -2.2354 -2.1094 -2.2372 -2.8674 -3.6460 -4.1438 -4.2448 -3.9110 -3.1943 -2.4436 -1.9911 -1.9372 -2.0782 -2.0874 -2.0371 -2.0306 -2.0315 -2.0307 -2.0382 -2.0268 -1.9978 -2.0028 -2.0253 -2.0208 -2.0022 -1.9852 -1.9722 -1.9735 -1.9971 -2.0294 -2.0492 -2.0359 -2.0133 -2.0079 -1.9953 -1.9724 -1.9639 -1.9557 -1.9318 -1.9156 -1.9136 -1.9118 -1.9035 -1.8895 -1.8802 -1.8694 -1.8400 -1.7990 -1.7633 -1.7503 -1.7168 -1.6200 -1.6469 -1.9937 -2.7176 -3.4492 -3.7084 -3.7838 -3.9111 -3.9185 -3.6429 -3.0218 -2.2662 -1.7019 -1.6643 -1.8805 -1.9089 -1.8969 -1.9587 -2.0187 -2.0680 -2.1202 -2.1383 -2.1254 -2.1319 -2.1431 -2.1293 -2.1027 -2.0812 -2.0776 -2.0754 -2.0587 -2.0393 -2.0207 -1.9975 -1.9781 -1.9720 -1.9802 -1.9907 -1.9859 -1.9674 -1.9459 -1.9356 -1.9357 -1.9332 -1.9126 -1.8774 -1.8606 -1.8599 -1.8505 -1.8193 -1.7836 -1.7917 -1.7935 -1.7262 -1.6939 -1.8940 -2.5443 -3.3635 -3.9007 -4.0064 -3.6445 -2.8853 -2.1242 -1.7487 -1.7075 -1.8138 -1.8508 -1.8476 -1.8823 -1.9019 -1.8953 -1.9039 -1.9270 -1.9515 -1.9742 -1.9929 -2.0060 -2.0124 -2.0146 -2.0192 -2.0290 -2.0399 -2.0331 -2.0057 -1.9876 -1.9839 -1.9822 -1.9751 -1.9675 -1.9785 -1.9981 -2.0066 -2.0147 -2.0253 -2.0216 -1.9951 -1.9469 -1.8931 -1.8485 -1.8230 -1.8367 -1.8963 -1.9547 -1.9649 -1.8946 -1.7447 -1.5700
-1.9965 -2.2654 -2.2869 -2.3059 -2.3384 -2.3575 -2.3621 -2.3739 -2.3822 -2.3850 -2.4188 -2.4713 -2.4967 -2.4960 -2.4799 -2.4533 -2.4605 -2.5479 -2.6456 -2.6912 -2.6870 -2.6619 -2.6461 -2.6219 -2.5828 -2.5542 -2.5492 -2.5626 -2.5564 -2.5220 -2.4950 -2.4873 -2.4942 -2.5032 -2.5173 -2.5542 -2.5927 -2.5974 -2.5460 -2.4695 -2.4320 -2.3662 -2.2166 -2.0930 -2.2390 -2.8969 -3.6951 -4.1906 -4.2696 -3.9097 -3.1816 -2.4249 -1.9678 -1.9301 -2.0923 -2.0955 -2.0346 -2.0286 -2.0194 -2.0069 -2.0233 -2.0271 -2.0061 -2.0142 -2.0328 -2.0165 -1.9924 -1.9822 -1.9788 -1.9852 -2.0070 -2.0366 -2.0558 -2.0412 -2.0144 -2.0034 -1.9933 -1.9796 -1.9741 -1.9675 -1.9501 -1.9319 -1.9196 -1.9121 -1.9011 -1.8840 -1.8755 -1.8722 -1.8553 -1.8224 -1.7867 -1.7770 -1.7487 -1.6477 -1.6572 -1.9855 -2.7223 -3.4803 -3.7384 -3.8066 -3.9386 -3.9485 -3.6453 -2.9579 -2.1863 -1.6757 -1.6605 -1.8718 -1.9169 -1.9250 -1.9909 -2.0368 -2.0641 -2.0991 -2.1085 -2.0922 -2.0927 -2.0972 -2.0828 -2.0686 -2.0613 -2.0498 -2.0312 -2.0094 -1.9945 -1.9841 -1.9672 -1.9559 -1.9577 -1.9547 -1.9468 -1.9465 -1.9437 -1.9316 -1.9226 -1.9175 -1.9083 -1.8915 -1.8706 -1.8566 -1.8507 -1.8437 -1.8133 -1.7714 -1.7747 -1.7742 -1.7119 -1.7266 -1.9982 -2.6596 -3.4397 -3.9391 -4.0233 -3.6604 -2.9176 -2.1626 -1.7634 -1.7008 -1.8023 -1.8393 -1.8373 -1.8751 -1.8987 -1.8942 -1.8994 -1.9188 -1.9442 -1.9699 -1.9904 -2.0014 -2.0028 -1.9998 -2.0026 -2.0147 -2.0301 -2.0276 -2.0030 -1.9870 -1.9819 -1.9727 -1.9632 -1.9586 -1.9583 -1.9663 -1.9856 -2.0054 -2.0180 -2.0230 -2.0035 -1.9476 -1.8881 -1.8476 -1.8264 -1.8430 -1.9045 -1.9560 -1.9517 -1.8742 -1.7517 -1.6362
-1.8961 -2.1982 -2.2804 -2.3116 -2.3318 -2.3446 -2.3498 -2.3491 -2.3508 -2.3630 -2.3897 -2.4253 -2.4572 -2.4713 -2.4603 -2.4313 -2.4209 -2.4697 -2.5462 -2.6073 -2.6243 -2.6039 -2.5706 -2.5344 -2.4993 -2.4676 -2.4555 -2.4725 -2.4768 -2.4508 -2.4213 -2.4116 -2.4270 -2.4314 -2.4294 -2.4713 -2.5244 -2.5338 -2.4937 -2.4391 -2.4201 -2.3601 -2.2062 -2.0924 -2.2649 -2.9456 -3.7455 -4.2209 -4.2879 -3.9294 -3.1994 -2.4294 -1.9544 -1.9216 -2.0999 -2.0990 -2.0354 -2.0410 -2.0326 -2.0105 -2.0241 -2.0375 -2.0306 -2.0367 -2.0444 -2.0268 -2.0064 -2.0005 -2.0040 -2.0166 -2.0380 -2.0579 -2.0638 -2.0463 -2.0223 -2.0109 -2.0009 -1.9895 -1.9862 -1.9860 -1.9786 -1.9566 -1.9295 -1.9173 -1.9085 -1.8917 -1.8828 -1.8843 -1.8832 -1.8601 -1.8200 -1.8121 -1.7852 -1.6619 -1.6391 -1.9503 -2.7084 -3.5085 -3.7902 -3.8517 -3.9601 -3.9648 -3.6482 -2.9043 -2.1148 -1.6486 -1.6525 -1.8588 -1.9155 -1.9379 -2.0043 -2.0340 -2.0389 -2.0598 -2.0711 -2.0635 -2.0571 -2.0489 -2.0343 -2.0329 -2.0363 -2.0112 -1.9731 -1.9484 -1.9412 -1.9419 -1.9356 -1.9339 -1.9409 -1.9274 -1.9021 -1.8995 -1.9060 -1.9040 -1.8965 -1.8849 -1.8698 -1.8597 -1.8546 -1.8386 -1.8230 -1.8240 -1.8030 -1.7604 -1.7633 -1.7612 -1.7012 -1.7739 -2.1387 -2.8116 -3.5253 -3.9487 -4.0034 -3.6637 -2.9498 -2.2022 -1.7844 -1.7045 -1.8016 -1.8378 -1.8385 -1.8832 -1.9093 -1.9016 -1.9041 -1.9210 -1.9425 -1.9616 -1.9765 -1.9879 -1.9906 -1.9866 -1.9947 -2.0141 -2.0280 -2.0252 -2.0097 -2.0062 -2.0055 -1.9844 -1.9647 -1.9596 -1.9525 -1.9526 -1.9761 -1.9977 -2.0051 -2.0122 -1.9986 -1.9421 -1.8802 -1.8394 -1.8201 -1.8402 -1.9026 -1.9405 -1.9174 -1.8553 -1.8553 -1.9361
-1.7886 -2.1115 -2.2523 -2.3119 -2.3479 -2.3616 -2.3544 -2.3369 -2.3299 -2.3451 -2.3696 -2.3940 -2.4147 -2.4313 -2.4381 -2.4206 -2.3993 -2.4116 -2.4561 -2.5094 -2.5325 -2.5197 -2.4879 -2.4561 -2.4301 -2.3981 -2.3782 -2.3913 -2.4069 -2.4015 -2.3777 -2.3620 -2.3746 -2.3826 -2.3848 -2.4186 -2.4555 -2.4540 -2.4245 -2.3976 -2.4009 -2.3576 -2.2171 -2.0977 -2.2464 -2.9015 -3.6771 -4.1382 -4.2302 -3.9267 -3.2406 -2.4768 -1.9743 -1.9282 -2.1084 -2.0967 -2.0314 -2.0575 -2.0677 -2.0467 -2.0442 -2.0547 -2.0625 -2.0601 -2.0515 -2.0447 -2.0359 -2.0273 -2.0312 -2.0484 -2.0701 -2.0783 -2.0671 -2.0478 -2.0312 -2.0228 -2.0165 -2.0109 -2.0105 -2.0091 -1.9967 -1.9665 -1.9313 -1.9170 -1.9143 -1.9087 -1.9044 -1.9021 -1.8947 -1.8655 -1.8222 -1.8204 -1.7978 -1.6602 -1.6273 -1.9477 -2.7144 -3.5204 -3.8113 -3.8630 -3.9433 -3.9459 -3.6386 -2.8801 -2.0891 -1.6457 -1.6524 -1.8487 -1.9089 -1.9339 -1.9924 -2.0103 -2.0041 -2.0182 -2.0300 -2.0237 -2.0056 -1.9882 -1.9829 -1.9919 -1.9959 -1.9640 -1.9219 -1.9037 -1.9089 -1.9205 -1.9172 -1.9114 -1.9114 -1.8924 -1.8661 -1.8667 -1.8766 -1.8752 -1.8670 -1.8535 -1.8349 -1.8257 -1.8258 -1.8083 -1.7907 -1.8015 -1.7930 -1.7577 -1.7647 -1.7664 -1.7080 -1.7635 -2.1002 -2.7733 -3.4998 -3.9196 -3.9761 -3.6530 -2.9545 -2.2126 -1.7921 -1.7177 -1.8257 -1.8568 -1.8457 -1.8865 -1.9139 -1.9103 -1.9199 -1.9417 -1.9596 -1.9642 -1.9643 -1.9770 -1.9849 -1.9794 -1.9885 -2.0085 -2.0136 -2.0075 -2.0036 -2.0152 -2.0238 -2.0022 -1.9768 -1.9674 -1.9646 -1.9718 -1.9930 -2.0004 -1.9875 -1.9823 -1.9703 -1.9274 -1.8802 -1.8480 -1.8306 -1.8461 -1.8979 -1.9218 -1.8931 -1.8726 -2.1259 -2.6219
-1.7043 -2.0395 -2.2175 -2.2971 -2.3550 -2.3733 -2.3538 -2.3264 -2.3143 -2.3268 -2.3503 -2.3684 -2.3712 -2.3801 -2.4004 -2.3938 -2.3676 -2.3589 -2.3779 -2.4124 -2.4286 -2.4204 -2.4008 -2.3831 -2.3674 -2.3373 -2.3105 -2.3136 -2.3327 -2.3447 -2.3305 -2.3116 -2.3169 -2.3335 -2.3519 -2.3735 -2.3830 -2.3682 -2.3473 -2.3441 -2.3705 -2.3519 -2.2343 -2.1051 -2.2161 -2.8419 -3.5961 -4.0414 -4.1455 -3.8847 -3.2517 -2.5113 -1.9896 -1.9303 -2.1100 -2.0889 -2.0218 -2.0661 -2.1003 -2.0886 -2.0689 -2.0691 -2.0855 -2.0759 -2.0570 -2.0633 -2.0610 -2.0401 -2.0395 -2.0619 -2.0866 -2.0887 -2.0676 -2.0509 -2.0405 -2.0298 -2.0241 -2.0248 -2.0263 -2.0192 -1.9959 -1.9583 -1.9228 -1.9126 -1.9175 -1.9206 -1.9197 -1.9111 -1.8881 -1.8465 -1.8031 -1.8072 -1.7887 -1.6491 -1.6224 -1.9585 -2.7222 -3.5118 -3.7966 -3.8401 -3.9075 -3.9173 -3.6336 -2.8954 -2.1149 -1.6690 -1.6591 -1.8389 -1.8963 -1.9141 -1.9560 -1.9656 -1.9580 -1.9695 -1.9788 -1.9693 -1.9438 -1.9250 -1.9307 -1.9438 -1.9429 -1.9145 -1.8823 -1.8734 -1.8860 -1.9011 -1.8941 -1.8789 -1.8698 -1.8539 -1.8389 -1.8439 -1.8506 -1.8439 -1.8352 -1.8236 -1.8024 -1.7900 -1.7906 -1.7764 -1.7634 -1.7795 -1.7790 -1.7537 -1.7674 -1.7765 -1.7213 -1.7195 -1.9647 -2.6439 -3.4393 -3.8926 -3.9401 -3.5940 -2.9008 -2.1788 -1.7689 -1.7166 -1.8519 -1.8785 -1.8467 -1.8784 -1.9091 -1.9153 -1.9331 -1.9581 -1.9720 -1.9630 -1.9500 -1.9653 -1.9798 -1.9728 -1.9779 -1.9923 -1.9889 -1.9808 -1.9855 -2.0043 -2.0178 -2.0035 -1.9808 -1.9701 -1.9751 -1.9915 -2.0074 -1.9982 -1.9652 -1.9444 -1.9326 -1.9107 -1.8841 -1.8599 -1.8430 -1.8525 -1.8930 -1.9082 -1.8810 -1.8981 -2.3960 -3.3050
-1.6638 -2.0093 -2.1911 -2.2570 -2.3114 -2.3322 -2.3188 -2.3020 -2.2958 -2.3034 -2.3185 -2.3298 -2.3281 -2.3312 -2.3426 -2.3295 -2.3001 -2.2892 -2.3031 -2.3288 -2.3374 -2.3273 -2.3134 -2.3032 -2.2922 -2.2641 -2.2340 -2.2269 -2.2357 -2.2444 -2.2375 -2.2265 -2.2308 -2.2525 -2.2813 -2.2988 -2.2989 -2.2853 -2.2712 -2.2801 -2.3291 -2.3352 -2.2341 -2.1135 -2.2380 -2.8969 -3.6671 -4.0806 -4.1277 -3.8242 -3.1969 -2.4744 -1.9530 -1.9000 -2.0934 -2.0773 -2.0103 -2.0582 -2.1043 -2.1034 -2.0802 -2.0722 -2.0855 -2.0799 -2.0682 -2.0777 -2.0632 -2.0204 -2.0151 -2.0464 -2.0781 -2.0854 -2.0708 -2.0625 -2.0518 -2.0251 -2.0078 -2.0078 -2.0081 -1.9989 -1.9760 -1.9395 -1.9085 -1.9111 -1.9213 -1.9128 -1.9048 -1.8978 -1.8735 -1.8313 -1.7909 -1.7938 -1.7731 -1.6392 -1.6124 -1.9365 -2.6944 -3.4837 -3.7627 -3.8079 -3.8904 -3.9162 -3.6532 -2.9457 -2.1754 -1.7068 -1.6659 -1.8251 -1.8768 -1.8823 -1.9020 -1.9037 -1.8973 -1.9049 -1.9111 -1.9042 -1.8866 -1.8748 -1.8808 -1.8888 -1.8861 -1.8699 -1.8521 -1.8452 -1.8495 -1.8536 -1.8420 -1.8275 -1.8227 -1.8197 -1.8168 -1.8179 -1.8149 -1.8050 -1.7997 -1.7914 -1.7664 -1.7524 -1.7599 -1.7561 -1.7485 -1.7601 -1.7571 -1.7376 -1.7578 -1.7739 -1.7236 -1.6993 -1.9143 -2.6277 -3.4748 -3.9133 -3.8850 -3.4658 -2.7946 -2.1266 -1.7192 -1.6791 -1.8491 -1.8785 -1.8313 -1.8604 -1.8996 -1.9143 -1.9278 -1.9421 -1.9489 -1.9373 -1.9256 -1.9457 -1.9650 -1.9595 -1.9593 -1.9669 -1.9638 -1.9596 -1.9647 -1.9752 -1.9801 -1.9699 -1.9580 -1.9554 -1.9599 -1.9704 -1.9823 -1.9724 -1.9397 -1.9163 -1.9078 -1.9022 -1.8832 -1.8520 -1.8320 -1.8449 -1.8894 -1.9053 -1.8734 -1.8867 -2.4367 nan
-1.6549 -2.0053 -2.1749 -2.2156 -2.2530 -2.2730 -2.2738 -2.2779 -2.2851 -2.2894 -2.2910 -2.2924 -2.2971 -2.3015 -2.2969 -2.2708 -2.2380 -2.2273 -2.2416 -2.2667 -2.2740 -2.2607 -2.2401 -2.2208 -2.2044 -2.1854 -2.1687 -2.1612 -2.1563 -2.1505 -2.1471 -2.1472 -2.1524 -2.1702 -2.1968 -2.2160 -2.2240 -2.2227 -2.2134 -2.2229 -2.2860 -2.3077 -2.2152 -2.1231 -2.3027 -3.0219 -3.8150 -4.2018 -4.2358 -3.9345 -3.2765 -2.4961 -1.9197 -1.8532 -2.0678 -2.0715 -2.0102 -2.0525 -2.0981 -2.1039 -2.0872 -2.0780 -2.0864 -2.0896 -2.0900 -2.0940 -2.0621 -2.0042 -2.0009 -2.0409 -2.0724 -2.0825 -2.0786 -2.0785 -2.0650 -2.0229 -1.9914 -1.9844 -1.9809 -1.9729 -1.9577 -1.9307 -1.9096 -1.9231 -1.9285 -1.8949 -1.8767 -1.8797 -1.8637 -1.8285 -1.7949 -1.7935 -1.7664 -1.6398 -1.5989 -1.8798 -2.6289 -3.4433 -3.7409 -3.8042 -3.9054 -3.9270 -3.6532 -2.9571 -2.1965 -1.7203 -1.6676 -1.8174 -1.8616 -1.8533 -1.8561 -1.8534 -1.8464 -1.8445 -1.8466 -1.8480 -1.8435 -1.8377 -1.8365 -1.8371 -1.8369 -1.8343 -1.8295 -1.8224 -1.8117 -1.7980 -1.7847 -1.7792 -1.7845 -1.7929 -1.7964 -1.7898 -1.7781 -1.7694 -1.7705 -1.7670 -1.7410 -1.7284 -1.7451 -1.7521 -1.7496 -1.7568 -1.7497 -1.7332 -1.7607 -1.7795 -1.7240 -1.7133 -1.9679 -2.7183 -3.5558 -3.9180 -3.8221 -3.4213 -2.8863 -2.3016 -1.7867 -1.6539 -1.8297 -1.8667 -1.8167 -1.8500 -1.8961 -1.9120 -1.9147 -1.9146 -1.9141 -1.9074 -1.9055 -1.9270 -1.9466 -1.9450 -1.9411 -1.9409 -1.9395 -1.9410 -1.9465 -1.9475 -1.9414 -1.9321 -1.9289 -1.9332 -1.9332 -1.9346 -1.9460 -1.9454 -1.9262 -1.9105 -1.9056 -1.9036 -1.8802 -1.8386 -1.8185 -1.8415 -1.8979 -1.9190 -1.8778 -1.8527 -2.2692 nan
-1.6548 -1.9996 -2.1649 -2.2009 -2.2307 -2.2468 -2.2522 -2.2695 -2.2888 -2.2945 -2.2848 -2.2751 -2.2862 -2.2992 -2.2931 -2.2667 -2.2309 -2.2035 -2.2025 -2.2257 -2.2401 -2.2287 -2.1913 -2.1441 -2.1106 -2.1141 -2.1373 -2.1476 -2.1406 -2.1262 -2.1226 -2.1256 -2.1253 -2.1282 -2.1399 -2.1599 -2.1807 -2.1918 -2.1849 -2.1888 -2.2494 -2.2703 -2.1832 -2.1324 -2.3728 -3.1177 -3.8955 -4.2854 -4.4835 -4.3903 -3.7068 -2.7376 -1.9702 -1.8187 -2.0458 -2.0781 -2.0311 -2.0697 -2.1081 -2.1123 -2.1013 -2.0994 -2.1126 -2.1192 -2.1188 -2.1158 -2.0823 -2.0337 -2.0435 -2.0854 -2.0988 -2.0937 -2.0878 -2.0879 -2.0762 -2.0387 -2.0039 -1.9865 -1.9783 -1.9712 -1.9603 -1.9468 -1.9405 -1.9505 -1.9358 -1.8802 -1.8609 -1.8780 -1.8664 -1.8351 -1.8126 -1.8111 -1.7789 -1.6578 -1.5923 -1.8132 -2.5482 -3.4057 -3.7608 -3.8591 -3.9515 -3.9227 -3.5879 -2.8604 -2.1099 -1.6739 -1.6586 -1.8237 -1.8584 -1.8386 -1.8406 -1.8411 -1.8294 -1.8108 -1.8071 -1.8176 -1.8166 -1.8063 -1.7991 -1.7987 -1.8032 -1.8072 -1.8103 -1.8096 -1.7920 -1.7659 -1.7558 -1.7593 -1.7668 -1.7736 -1.7742 -1.7646 -1.7529 -1.7486 -1.7562 -1.7594 -1.7395 -1.7314 -1.7508 -1.7605 -1.7631 -1.7786 -1.7780 -1.7665 -1.8038 -1.8194 -1.7389 -1.7525 -2.0784 -2.8338 -3.5838 -3.8311 -3.7781 -3.6350 -3.4284 -2.9325 -2.1054 -1.6944 -1.8169 -1.8628 -1.8246 -1.8648 -1.9071 -1.9129 -1.9102 -1.9069 -1.9030 -1.9011 -1.9057 -1.9201 -1.9333 -1.9359 -1.9313 -1.9229 -1.9148 -1.9178 -1.9326 -1.9395 -1.9354 -1.9283 -1.9221 -1.9184 -1.9186 -1.9259 -1.9408 -1.9457 -1.9361 -1.9290 -1.9237 -1.9095 -1.8785 -1.8419 -1.8315 -1.8632 -1.9248 -1.9495 -1.9029 -1.8309 -2.0153 nan
-1.6595 -1.9915 -2.1516 -2.1858 -2.2046 -2.2100 -2.2103 -2.2271 -2.2469 -2.2536 -2.2499 -2.2482 -2.2607 -2.2706 -2.2642 -2.2488 -2.2204 -2.1751 -2.1508 -2.1644 -2.1806 -2.1731 -2.1308 -2.0659 -2.0144 -2.0307 -2.0881 -2.1258 -2.1298 -2.1128 -2.1048 -2.1051 -2.1003 -2.0892 -2.0837 -2.1031 -2.1321 -2.1467 -2.1451 -2.1526 -2.2020 -2.2116 -2.1353 -2.1278 -2.4186 -3.1712 -3.9148 -4.3015 -4.6975 -4.8829 -4.2461 -3.1055 -2.0935 -1.8008 -2.0128 -2.0687 -2.0400 -2.0765 -2.1045 -2.0996 -2.0860 -2.0875 -2.1055 -2.1108 -2.1064 -2.1062 -2.0869 -2.0582 -2.0769 -2.1122 -2.1087 -2.0874 -2.0715 -2.0663 -2.0623 -2.0464 -2.0150 -1.9804 -1.9655 -1.9590 -1.9459 -1.9377 -1.9381 -1.9362 -1.9059 -1.8490 -1.8366 -1.8608 -1.8523 -1.8269 -1.8158 -1.8178 -1.7891 -1.6870 -1.6241 -1.8183 -2.5418 -3.4181 -3.8082 -3.9234 -3.9970 -3.9302 -3.5482 -2.7753 -2.0159 -1.6126 -1.6283 -1.8028 -1.8278 -1.8032 -1.8142 -1.8214 -1.8055 -1.7732 -1.7634 -1.7785 -1.7779 -1.7647 -1.7575 -1.7607 -1.7679 -1.7678 -1.7716 -1.7831 -1.7701 -1.7401 -1.7342 -1.7429 -1.7480 -1.7506 -1.7488 -1.7386 -1.7268 -1.7224 -1.7305 -1.7381 -1.7281 -1.7252 -1.7403 -1.7454 -1.7513 -1.7810 -1.7942 -1.7920 -1.8436 -1.8626 -1.7642 -1.8019 -2.1888 -2.9367 -3.5979 -3.7569 -3.8176 -4.0068 -4.1151 -3.6337 -2.4303 -1.7174 -1.7966 -1.8612 -1.8373 -1.8832 -1.9151 -1.9037 -1.8985 -1.8981 -1.8922 -1.8931 -1.9021 -1.9095 -1.9123 -1.9111 -1.9076 -1.9020 -1.8950 -1.8988 -1.9153 -1.9240 -1.9246 -1.9274 -1.9216 -1.9070 -1.9066 -1.9219 -1.9390 -1.9415 -1.9298 -1.9246 -1.9173 -1.8914 -1.8622 -1.8439 -1.8426 -1.8718 -1.9304 -1.9624 -1.9287 -1.8357 -1.8085 nan
-1.6750 -1.9885 -2.1263 -2.1373 -2.1265 -2.1133 -2.1065 -2.1122 -2.1153 -2.1134 -2.1416 -2.1836 -2.1897 -2.1674 -2.1433 -2.1425 -2.1409 -2.0988 -2.0616 -2.0579 -2.0548 -2.0451 -2.0337 -1.9930 -1.9336 -1.9264 -1.9739 -2.0338 -2.0562 -2.0355 -2.0201 -2.0198 -2.0212 -2.0097 -1.9961 -2.0134 -2.0392 -2.0445 -2.0541 -2.0838 -2.1239 -2.1232 -2.0702 -2.0929 -2.4072 -3.1791 -3.9094 -4.2557 -4.6809 -4.9901 -4.5083 -3.3951 -2.2294 -1.7955 -1.9566 -2.0186 -2.0035 -2.0335 -2.0493 -2.0331 -2.0075 -1.9972 -2.0063 -2.0103 -2.0144 -2.0320 -2.0336 -2.0174 -2.0257 -2.0465 -2.0476 -2.0309 -2.0091 -1.9980 -2.0026 -2.0107 -1.9810 -1.9243 -1.9026 -1.8975 -1.8751 -1.8526 -1.8400 -1.8316 -1.8130 -1.7839 -1.7791 -1.7948 -1.7959 -1.7862 -1.7804 -1.7854 -1.7730 -1.7145 -1.7089 -1.9473 -2.6696 -3.5066 -3.8520 -3.9363 -4.0079 -3.9776 -3.6275 -2.8300 -2.0282 -1.5932 -1.5742 -1.7188 -1.7344 -1.7138 -1.7323 -1.7440 -1.7304 -1.6995 -1.6851 -1.6944 -1.7020 -1.7029 -1.7031 -1.7097 -1.7145 -1.7003 -1.6967 -1.7212 -1.7213 -1.6962 -1.6913 -1.6992 -1.7044 -1.7150 -1.7227 -1.7091 -1.6865 -1.6718 -1.6717 -1.6768 -1.6727 -1.6722 -1.6802 -1.6790 -1.6842 -1.7188 -1.7423 -1.7549 -1.8245 -1.8637 -1.7861 -1.8393 -2.2352 -2.9896 -3.6524 -3.8230 -3.9820 -4.3222 -4.4692 -3.8644 -2.4412 -1.6253 -1.7513 -1.8481 -1.8251 -1.8721 -1.8948 -1.8674 -1.8581 -1.8585 -1.8486 -1.8483 -1.8609 -1.8719 -1.8674 -1.8494 -1.8464 -1.8621 -1.8796 -1.8881 -1.8828 -1.8674 -1.8628 -1.8870 -1.9011 -1.8867 -1.8783 -1.8858 -1.8975 -1.8902 -1.8643 -1.8523 -1.8469 -1.8291 -1.8180 -1.8188 -1.8145 -1.8270 -1.8769 -1.9244 -1.9287 -1.8657 -1.7525 nan
-1.7272 -1.9861 -2.0940 -2.1017 -2.0879 -2.0695 -2.0625 -2.0793 -2.0726 -2.0360 -2.0781 -2.1607 -2.1514 -2.0937 -2.0610 -2.0762 -2.1006 -2.0787 -2.0564 -2.0543 -2.0157 -1.9854 -2.0317 -2.0429 -1.9700 -1.9120 -1.9196 -1.9837 -2.0114 -1.9776 -1.9602 -1.9697 -1.9802 -1.9716 -1.9527 -1.9577 -1.9708 -1.9700 -1.9794 -2.0067 -2.0335 -2.0358 -2.0108 -2.0188 -2.2763 -3.0185 -3.7796 -4.1706 -4.4850 -4.6381 -4.2348 -3.3009 -2.2333 -1.8038 -1.9311 -1.9914 -1.9737 -1.9758 -1.9761 -1.9638 -1.9447 -1.9286 -1.9236 -1.9322 -1.9484 -1.9634 -1.9757 -1.9849 -1.9897 -1.9898 -1.9850 -1.9757 -1.9615 -1.9426 -1.9306 -1.9284 -1.9032 -1.8636 -1.8590 -1.8567 -1.8167 -1.7705 -1.7466 -1.7534 -1.7614 -1.7480 -1.7374 -1.7447 -1.7662 -1.7736 -1.7569 -1.7554 -1.7534 -1.7136 -1.7271 -1.9772 -2.6948 -3.5181 -3.8546 -3.9299 -3.9972 -3.9905 -3.6557 -2.8206 -1.9948 -1.5749 -1.5472 -1.6625 -1.6617 -1.6383 -1.6605 -1.6756 -1.6714 -1.6576 -1.6366 -1.6216 -1.6351 -1.6578 -1.6664 -1.6763 -1.6806 -1.6543 -1.6403 -1.6692 -1.6817 -1.6683 -1.6678 -1.6714 -1.6702 -1.6900 -1.7138 -1.6989 -1.6679 -1.6506 -1.6510 -1.6528 -1.6365 -1.6264 -1.6360 -1.6429 -1.6445 -1.6506 -1.6622 -1.6925 -1.7668 -1.8152 -1.7760 -1.8147 -2.1347 -2.8645 -3.6055 -3.9216 -4.1111 -4.2934 -4.1970 -3.4691 -2.1694 -1.5175 -1.7177 -1.8154 -1.7707 -1.8130 -1.8326 -1.8009 -1.7994 -1.8119 -1.8037 -1.7842 -1.7755 -1.7955 -1.8051 -1.7828 -1.7760 -1.7967 -1.8232 -1.8334 -1.8191 -1.7968 -1.7984 -1.8435 -1.8666 -1.8404 -1.8261 -1.8324 -1.8334 -1.8126 -1.7803 -1.7753 -1.7884 -1.7915 -1.7871 -1.7813 -1.7787 -1.7928 -1.8316 -1.8748 -1.8970 -1.8718 -1.7665 -1.5953
-1.8939 -2.0199 -2.0950 -2.1641 -2.2203 -2.2301 -2.2352 -2.3104 -2.3253 -2.2218 -2.2177 -2.2927 -2.2608 -2.1981 -2.1967 -2.2274 -2.2517 -2.2506 -2.2781 -2.3204 -2.2447 -2.1700 -2.2781 -2.3382 -2.2275 -2.1148 -2.0854 -2.1305 -2.1351 -2.0770 -2.0698 -2.1021 -2.1122 -2.0968 -2.0682 -2.0443 -2.0409 -2.0546 -2.0351 -1.9928 -1.9960 -2.0230 -2.0172 -1.9429 -2.0246 -2.6196 -3.4512 -4.0818 -4.2461 -3.9436 -3.3680 -2.6568 -2.0290 -1.8603 -2.0232 -2.0877 -2.0451 -1.9882 -1.9689 -1.9893 -2.0192 -2.0259 -2.0138 -2.0363 -2.0543 -2.0135 -2.0115 -2.0786 -2.1152 -2.0926 -2.0381 -2.0155 -2.0262 -1.9968 -1.9249 -1.8526 -1.8408 -1.8927 -1.9465 -1.9486 -1.8841 -1.8206 -1.8101 -1.8617 -1.8895 -1.8386 -1.7993 -1.8161 -1.8672 -1.8814 -1.8332 -1.8105 -1.7940 -1.7009 -1.6025 -1.7204 -2.4042 -3.3143 -3.7939 -3.9535 -3.9902 -3.8945 -3.4544 -2.5420 -1.7764 -1.5414 -1.6325 -1.7637 -1.7335 -1.6866 -1.7089 -1.7286 -1.7393 -1.7521 -1.7194 -1.6606 -1.6662 -1.7033 -1.7142 -1.7270 -1.7393 -1.7150 -1.6943 -1.7131 -1.7266 -1.7267 -1.7403 -1.7409 -1.7186 -1.7333 -1.7694 -1.7612 -1.7401 -1.7456 -1.7719 -1.7775 -1.7235 -1.6866 -1.7148 -1.7553 -1.7516 -1.6820 -1.6481 -1.6958 -1.7472 -1.7640 -1.7449 -1.7201 -1.8665 -2.4845 -3.3202 -3.9045 -4.0342 -3.7371 -3.2304 -2.5483 -1.8045 -1.5565 -1.7681 -1.7933 -1.7039 -1.7360 -1.7616 -1.7454 -1.7750 -1.8229 -1.8291 -1.7642 -1.6912 -1.7161 -1.7719 -1.7826 -1.7667 -1.7424 -1.7211 -1.7226 -1.7519 -1.7856 -1.8258 -1.8757 -1.8637 -1.7909 -1.7865 -1.8261 -1.8157 -1.7818 -1.7696 -1.8065 -1.8620 -1.8827 -1.8445 -1.7881 -1.8108 -1.8749 -1.9023 -1.8965 -1.8719 -1.8327 -1.7474 -1.6113
-2.4842 -2.3472 -2.3242 -2.4706 -2.6166 -2.6640 -2.6760 -2.7939 -2.8334 -2.6906 -2.6369 -2.6792 -2.6315 -2.5899 -2.6362 -2.6720 -2.6665 -2.6593 -2.7231 -2.8160 -2.7303 -2.6265 -2.7651 -2.8337 -2.6750 -2.5385 -2.5106 -2.5455 -2.5354 -2.4721 -2.4755 -2.5155 -2.5138 -2.4940 -2.4684 -2.4218 -2.4065 -2.4424 -2.3856 -2.2584 -2.2488 -2.3062 -2.2931 -2.1228 -2.0149 -2.3916 -3.2149 -4.0605 -4.1023 -3.3869 -2.6514 -2.1795 -2.0372 -2.1631 -2.3715 -2.4424 -2.3810 -2.2770 -2.2442 -2.2964 -2.3740 -2.4045 -2.3875 -2.4198 -2.4332 -2.3332 -2.3037 -2.4092 -2.4796 -2.4498 -2.3517 -2.3120 -2.3442 -2.3151 -2.2011 -2.0687 -2.0693 -2.2031 -2.3034 -2.3074 -2.2307 -2.1622 -2.1661 -2.2491 -2.2814 -2.1880 -2.1247 -2.1530 -2.2177 -2.2294 -2.1611 -2.1209 -2.0841 -1.9375 -1.7123 -1.6491 -2.2212 -3.1452 -3.7402 -3.9850 -3.9931 -3.7948 -3.2616 -2.3596 -1.7585 -1.7730 -1.9939 -2.1295 -2.0735 -2.0050 -2.0209 -2.0468 -2.0727 -2.1008 -2.0596 -1.9749 -1.9752 -2.0192 -2.0286 -2.0365 -2.0487 -2.0338 -2.0185 -2.0276 -2.0277 -2.0239 -2.0499 -2.0573 -2.0214 -2.0234 -2.0588 -2.0606 -2.0565 -2.0840 -2.1380 -2.1560 -2.0771 -2.0199 -2.0622 -2.1287 -2.1172 -1.9788 -1.9057 -1.9706 -1.9975 -1.9669 -1.9280 -1.8102 -1.7593 -2.1885 -3.0239 -3.8260 -3.8777 -3.1275 -2.3273 -1.8363 -1.7313 -1.8845 -2.0587 -1.9983 -1.8742 -1.8956 -1.9326 -1.9422 -1.9967 -2.0683 -2.0886 -1.9946 -1.8727 -1.8915 -1.9799 -2.0284 -2.0118 -1.9404 -1.8554 -1.8447 -1.9364 -2.0370 -2.1071 -2.1409 -2.0822 -1.9726 -2.0010 -2.0935 -2.0750 -2.0260 -2.0367 -2.1210 -2.2140 -2.2288 -2.1415 -2.0383 -2.0929 -2.2090 -2.2226 -2.1678 -2.0783 -1.9501 -1.8003 -1.6544
-3.6751 -3.1487 -2.9254 -3.1053 -3.2919 -3.3539 -3.3505 -3.4297 -3.4634 -3.3667 -3.3272 -3.3487 -3.3053 -3.2940 -3.3696 -3.3920 -3.3360 -3.2790 -3.3195 -3.4258 -3.3779 -3.2981 -3.4089 -3.4223 -3.2278 -3.1233 -3.1561 -3.2189 -3.2404 -3.2183 -3.2196 -3.2271 -3.2050 -3.1982 -3.2046 -3.1657 -3.1493 -3.1955 -3.1205 -2.9612 -2.9703 -3.0439 -2.9898 -2.7772 -2.5892 -2.7517 -3.3774 -4.1619 -4.1516 -3.4189 -2.8397 -2.6136 -2.6710 -2.8660 -3.0548 -3.1260 -3.0807 -2.9857 -2.9547 -3.0046 -3.0781 -3.1013 -3.0744 -3.0996 -3.1106 -3.0077 -2.9554 -3.0257 -3.0917 -3.0832 -3.0040 -2.9673 -2.9968 -2.9899 -2.9123 -2.8042 -2.8043 -2.9170 -2.9960 -2.9968 -2.9384 -2.8785 -2.8684 -2.9270 -2.9472 -2.8651 -2.8122 -2.8330 -2.8721 -2.8756 -2.8304 -2.7966 -2.7585 -2.6423 -2.4178 -2.2557 -2.6084 -3.2925 -3.7686 -3.9878 -4.0036 -3.8162 -3.3614 -2.6794 -2.3325 -2.5096 -2.7285 -2.7943 -2.7339 -2.6716 -2.6727 -2.7048 -2.7408 -2.7563 -2.7191 -2.6623 -2.6771 -2.7229 -2.7310 -2.7200 -2.7083 -2.7000 -2.7066 -2.7220 -2.6972 -2.6582 -2.6821 -2.7107 -2.6919 -2.6856 -2.7030 -2.7109 -2.7145 -2.7341 -2.7894 -2.8260 -2.7728 -2.7254 -2.7536 -2.8039 -2.7831 -2.6425 -2.5777 -2.6570 -2.6869 -2.6319 -2.5332 -2.3315 -2.1497 -2.3481 -2.9952 -3.7902 -3.8266 -3.0117 -2.2871 -2.0472 -2.2669 -2.5687 -2.6945 -2.6087 -2.4924 -2.5067 -2.5553 -2.5880 -2.6304 -2.6775 -2.6972 -2.6328 -2.5381 -2.5363 -2.5966 -2.6491 -2.6514 -2.5864 -2.4784 -2.4637 -2.5893 -2.7009 -2.7459 -2.7449 -2.6720 -2.5858 -2.6670 -2.8034 -2.7827 -2.7160 -2.7236 -2.8234 -2.9181 -2.8937 -2.7787 -2.6832 -2.7515 -2.8660 -2.8616 -2.8093 -2.6983 -2.4111 -2.0506 -1.7477
-4.6723 -3.9083 -3.5684 -3.7715 -3.9507 -4.0009 -3.9762 -3.9904 -4.0080 -3.9913 -3.9996 -4.0173 -3.9874 -3.9963 -4.0740 -4.0768 -3.9857 -3.8893 -3.8940 -3.9890 -3.9888 -3.9509 -4.0099 -3.9554 -3.7499 -3.6963 -3.7936 -3.8863 -3.9480 -3.9780 -3.9741 -3.9423 -3.9050 -3.9169 -3.9598 -3.9434 -3.9301 -3.9705 -3.9003 -3.7634 -3.8015 -3.8761 -3.7930 -3.6101 -3.4443 -3.4392 -3.7722 -4.3115 -4.2986 -3.8058 -3.5391 -3.5080 -3.5591 -3.6692 -3.7898 -3.8526 -3.8387 -3.7777 -3.7518 -3.7780 -3.8202 -3.8235 -3.7910 -3.8069 -3.8222 -3.7529 -3.6913 -3.6983 -3.7375 -3.7542 -3.7190 -3.6987 -3.7185 -3.7318 -3.7122 -3.6653 -3.6522 -3.6835 -3.7093 -3.7121 -3.6907 -3.6458 -3.6081 -3.6211 -3.6288 -3.5874 -3.5617 -3.5643 -3.5577 -3.5477 -3.5434 -3.5301 -3.5067 -3.4672 -3.3222 -3.1367 -3.2586 -3.6044 -3.8416 -3.9661 -4.0070 -3.9082 -3.6313 -3.2417 -3.1261 -3.3579 -3.4993 -3.4798 -3.4307 -3.3878 -3.3717 -3.4027 -3.4417 -3.4416 -3.4213 -3.4129 -3.4427 -3.4797 -3.4825 -3.4499 -3.4102 -3.4079 -3.4388 -3.4648 -3.4220 -3.3509 -3.3630 -3.4076 -3.4173 -3.4128 -3.4123 -3.4193 -3.4209 -3.4221 -3.4647 -3.5150 -3.5050 -3.4767 -3.4748 -3.4923 -3.4741 -3.3802 -3.3431 -3.4117 -3.4560 -3.4206 -3.3022 -3.0965 -2.8858 -2.8644 -3.2084 -3.8296 -3.8950 -3.2935 -2.8650 -2.8499 -3.1137 -3.3526 -3.4124 -3.3389 -3.2562 -3.2615 -3.3161 -3.3685 -3.3843 -3.3876 -3.3996 -3.3900 -3.3567 -3.3280 -3.3334 -3.3730 -3.3921 -3.3542 -3.2692 -3.2731 -3.4037 -3.4791 -3.4653 -3.4308 -3.3782 -3.3522 -3.4674 -3.6073 -3.5877 -3.5155 -3.5084 -3.5931 -3.6663 -3.6128 -3.5022 -3.4364 -3.4906 -3.5644 -3.5455 -3.5270 -3.4294 -2.9990 -2.4071 -1.8777
-4.6442 -4.0465 -3.8479 -4.1058 -4.2539 -4.2746 -4.2432 -4.2369 -4.2565 -4.2860 -4.3267 -4.3514 -4.3294 -4.3338 -4.3890 -4.3809 -4.3014 -4.2295 -4.2409 -4.3238 -4.3406 -4.3192 -4.3416 -4.2607 -4.0765 -4.0519 -4.1602 -4.2433 -4.3078 -4.3586 -4.3577 -4.3180 -4.2833 -4.3041 -4.3581 -4.3550 -4.3402 -4.3628 -4.3160 -4.2339 -4.2833 -4.3481 -4.2894 -4.1928 -4.0963 -3.9977 -4.0971 -4.4042 -4.4038 -4.1390 -4.0752 -4.1324 -4.1538 -4.1782 -4.2242 -4.2727 -4.2790 -4.2351 -4.2038 -4.2067 -4.2271 -4.2241 -4.1994 -4.2181 -4.2447 -4.2108 -4.1584 -4.1338 -4.1499 -4.1676 -4.1490 -4.1453 -4.1698 -4.1751 -4.1625 -4.1479 -4.1170 -4.0803 -4.0743 -4.0930 -4.1056 -4.0704 -4.0121 -4.0055 -4.0187 -4.0090 -3.9997 -3.9858 -3.9425 -3.9169 -3.9356 -3.9401 -3.9346 -3.9495 -3.8655 -3.6852 -3.6817 -3.8213 -3.8927 -3.9379 -3.9926 -3.9773 -3.8405 -3.6211 -3.5966 -3.8044 -3.8966 -3.8549 -3.8210 -3.7891 -3.7608 -3.7780 -3.8120 -3.8199 -3.8249 -3.8427 -3.8661 -3.8802 -3.8693 -3.8258 -3.7800 -3.7880 -3.8304 -3.8565 -3.8198 -3.7561 -3.7563 -3.7923 -3.8155 -3.8242 -3.8246 -3.8231 -3.8171 -3.8153 -3.8494 -3.8966 -3.9051 -3.8816 -3.8547 -3.8573 -3.8621 -3.8256 -3.7969 -3.8142 -3.8621 -3.8923 -3.8562 -3.7615 -3.6181 -3.4488 -3.5137 -3.9332 -4.0284 -3.6729 -3.5078 -3.6151 -3.7994 -3.8961 -3.8696 -3.8098 -3.7612 -3.7484 -3.7967 -3.8658 -3.8726 -3.8540 -3.8627 -3.8867 -3.8894 -3.8399 -3.8117 -3.8459 -3.8584 -3.8269 -3.7954 -3.8419 -3.9573 -3.9801 -3.9135 -3.8645 -3.8520 -3.8845 -3.9820 -4.0673 -4.0475 -3.9951 -3.9859 -4.0377 -4.0844 -4.0506 -3.9743 -3.9181 -3.9324 -3.9587 -3.9357 -3.9437 -3.8643 -3.3951 -2.7067 -2.0083
-3.8539 -3.6051 -3.6442 -3.9477 -4.0729 -4.0710 -4.0396 -4.0438 -4.0780 -4.1223 -4.1745 -4.2055 -4.1824 -4.1686 -4.1947 -4.1840 -4.1371 -4.1136 -4.1459 -4.2157 -4.2423 -4.2283 -4.2078 -4.1152 -3.9809 -3.9859 -4.0839 -4.1397 -4.1862 -4.2360 -4.2362 -4.2022 -4.1816 -4.2030 -4.2425 -4.2326 -4.2117 -4.2257 -4.2079 -4.1726 -4.2131 -4.2607 -4.2337 -4.1798 -4.1038 -3.9929 -4.0696 -4.3696 -4.3848 -4.1290 -4.0301 -4.0778 -4.1453 -4.1682 -4.1714 -4.2159 -4.2409 -4.2060 -4.1629 -4.1429 -4.1485 -4.1452 -4.1273 -4.1407 -4.1713 -4.1768 -4.1526 -4.1201 -4.1172 -4.1181 -4.0917 -4.0981 -4.1335 -4.1107 -4.0698 -4.0689 -4.0413 -3.9847 -3.9779 -4.0105 -4.0287 -3.9757 -3.8935 -3.8959 -3.9415 -3.9594 -3.9476 -3.9111 -3.8590 -3.8341 -3.8527 -3.8607 -3.8565 -3.8589 -3.7530 -3.5595 -3.5818 -3.7709 -3.8748 -3.9308 -3.9839 -3.9676 -3.8104 -3.5273 -3.4416 -3.6315 -3.7558 -3.7594 -3.7410 -3.7103 -3.6784 -3.6776 -3.6986 -3.7190 -3.7428 -3.7679 -3.7808 -3.7735 -3.7444 -3.7034 -3.6779 -3.7018 -3.7474 -3.7715 -3.7558 -3.7220 -3.7163 -3.7323 -3.7527 -3.7769 -3.7917 -3.7801 -3.7643 -3.7663 -3.7850 -3.8089 -3.8215 -3.8081 -3.7786 -3.7776 -3.7974 -3.7988 -3.7657 -3.7309 -3.7790 -3.8654 -3.8935 -3.8612 -3.7621 -3.5882 -3.6116 -3.9905 -4.0919 -3.7873 -3.6603 -3.7589 -3.8827 -3.9087 -3.8507 -3.8317 -3.8201 -3.7756 -3.7956 -3.8702 -3.8892 -3.8793 -3.8931 -3.9231 -3.9325 -3.8853 -3.8505 -3.8714 -3.8786 -3.8652 -3.8769 -3.9323 -3.9997 -3.9840 -3.9018 -3.8426 -3.8575 -3.9388 -4.0075 -4.0243 -3.9930 -3.9716 -3.9858 -4.0018 -4.0032 -3.9858 -3.9487 -3.9065 -3.8874 -3.8760 -3.8541 -3.8527 -3.7624 -3.3551 -2.7495 -2.0542
-2.8390 -2.8402 -3.0106 -3.2995 -3.4278 -3.4287 -3.3935 -3.4086 -3.4561 -3.5017 -3.5502 -3.5763 -3.5457 -3.5168 -3.5245 -3.5150 -3.4893 -3.4876 -3.5158 -3.5665 -3.6228 -3.6312 -3.5433 -3.4221 -3.3551 -3.4128 -3.5178 -3.5578 -3.5912 -3.6369 -3.6261 -3.5875 -3.5811 -3.6002 -3.6107 -3.5738 -3.5456 -3.5755 -3.5791 -3.5500 -3.5677 -3.5943 -3.5580 -3.4314 -3.2723 -3.2319 -3.5718 -4.1962 -4.2267 -3.6724 -3.2724 -3.2332 -3.4473 -3.5778 -3.5905 -3.6513 -3.7034 -3.6842 -3.6311 -3.5862 -3.5745 -3.5650 -3.5398 -3.5221 -3.5377 -3.5900 -3.6063 -3.5686 -3.5476 -3.5306 -3.4891 -3.4956 -3.5342 -3.4821 -3.4133 -3.4307 -3.4428 -3.4228 -3.4386 -3.4678 -3.4512 -3.3448 -3.2262 -3.2527 -3.3527 -3.4036 -3.3719 -3.3011 -3.2747 -3.2792 -3.2811 -3.2740 -3.2433 -3.1558 -2.9321 -2.6934 -2.8943 -3.4095 -3.7778 -3.9616 -3.9995 -3.8640 -3.4797 -2.8821 -2.6130 -2.8421 -3.0810 -3.1693 -3.1645 -3.1298 -3.1037 -3.0922 -3.0951 -3.1098 -3.1335 -3.1597 -3.1774 -3.1657 -3.1209 -3.0933 -3.1072 -3.1498 -3.1973 -3.2276 -3.2328 -3.2236 -3.2212 -3.2236 -3.2311 -3.2635 -3.2949 -3.2776 -3.2530 -3.2525 -3.2395 -3.2252 -3.2456 -3.2669 -3.2638 -3.2576 -3.2592 -3.2615 -3.2263 -3.1800 -3.2363 -3.3196 -3.2809 -3.1247 -2.9543 -2.9568 -3.3039 -3.9147 -3.9897 -3.4231 -3.0196 -2.9772 -3.1415 -3.2594 -3.2795 -3.3491 -3.3815 -3.2955 -3.2649 -3.3271 -3.3702 -3.3926 -3.4185 -3.4347 -3.4346 -3.4222 -3.3999 -3.3836 -3.4117 -3.4606 -3.4717 -3.4568 -3.4383 -3.4199 -3.3763 -3.2960 -3.3002 -3.4172 -3.4895 -3.4723 -3.4145 -3.4162 -3.4796 -3.4714 -3.4011 -3.3467 -3.3295 -3.3329 -3.3142 -3.2852 -3.2650 -3.2115 -3.0683 -2.7882 -2.4231 -1.9529
-2.0330 -2.1850 -2.3867 -2.6013 -2.7093 -2.7135 -2.6813 -2.7023 -2.7516 -2.7885 -2.8198 -2.8313 -2.8002 -2.7693 -2.7663 -2.7583 -2.7458 -2.7502 -2.7622 -2.7886 -2.8651 -2.8996 -2.7819 -2.6561 -2.6419 -2.7274 -2.8226 -2.8441 -2.8644 -2.9035 -2.8840 -2.8411 -2.8408 -2.8555 -2.8460 -2.7920 -2.7623 -2.8058 -2.8156 -2.7736 -2.7662 -2.7758 -2.7315 -2.5537 -2.3677 -2.4815 -3.1360 -4.0758 -4.1263 -3.2897 -2.5522 -2.3434 -2.6169 -2.8212 -2.8484 -2.9125 -2.9722 -2.9616 -2.9028 -2.8417 -2.8182 -2.8059 -2.7773 -2.7336 -2.7286 -2.8024 -2.8403 -2.8008 -2.7770 -2.7578 -2.7077 -2.7057 -2.7384 -2.6780 -2.6051 -2.6325 -2.6747 -2.6923 -2.7256 -2.7466 -2.7034 -2.5663 -2.4304 -2.4675 -2.5938 -2.6624 -2.6138 -2.5208 -2.5238 -2.5571 -2.5439 -2.5225 -2.4706 -2.3173 -2.0386 -1.8456 -2.2791 -3.1197 -3.7182 -3.9923 -4.0011 -3.7725 -3.2072 -2.3189 -1.8294 -2.0089 -2.2880 -2.4244 -2.4256 -2.3894 -2.3737 -2.3639 -2.3584 -2.3624 -2.3756 -2.3968 -2.4209 -2.4146 -2.3666 -2.3530 -2.3932 -2.4406 -2.4833 -2.5196 -2.5366 -2.5378 -2.5395 -2.5357 -2.5310 -2.5641 -2.6043 -2.5842 -2.5555 -2.5538 -2.5219 -2.4843 -2.5093 -2.5569 -2.5799 -2.5718 -2.5518 -2.5411 -2.5094 -2.4779 -2.5428 -2.6024 -2.4862 -2.2094 -1.9940 -2.2397 -2.9729 -3.8255 -3.8746 -3.0437 -2.3109 -2.0540 -2.2148 -2.4114 -2.5061 -2.6417 -2.7061 -2.6025 -2.5392 -2.5822 -2.6316 -2.6715 -2.7057 -2.7092 -2.7029 -2.7296 -2.7241 -2.6737 -2.7241 -2.8284 -2.8189 -2.7236 -2.6333 -2.6334 -2.6469 -2.5554 -2.5331 -2.6555 -2.7390 -2.7189 -2.6439 -2.6550 -2.7538 -2.7427 -2.6323 -2.5406 -2.5302 -2.5743 -2.5666 -2.5368 -2.5324 -2.4556 -2.2938 -2.1452 -2.0103 -1.7914
-1.7148 -1.9741 -2.1625 -2.2684 -2.2967 -2.2835 -2.2709 -2.2925 -2.3275 -2.3486 -2.3543 -2.3475 -2.3329 -2.3170 -2.3046 -2.2960 -2.2972 -2.3114 -2.3153 -2.3167 -2.3745 -2.4221 -2.3601 -2.2888 -2.2882 -2.3360 -2.3741 -2.3603 -2.3601 -2.3887 -2.3768 -2.3435 -2.3369 -2.3450 -2.3413 -2.3046 -2.2828 -2.3114 -2.3095 -2.2635 -2.2403 -2.2422 -2.2310 -2.1486 -2.1302 -2.4639 -3.2475 -4.1663 -4.2433 -3.4452 -2.5564 -2.1088 -2.2037 -2.3281 -2.3332 -2.3607 -2.3859 -2.3643 -2.3051 -2.2455 -2.2239 -2.2211 -2.2092 -2.1743 -2.1590 -2.2033 -2.2209 -2.1868 -2.1853 -2.1884 -2.1442 -2.1287 -2.1489 -2.1142 -2.0699 -2.0855 -2.1069 -2.1133 -2.1362 -2.1576 -2.1372 -2.0404 -1.9327 -1.9472 -2.0337 -2.0865 -2.0423 -1.9600 -1.9665 -1.9991 -1.9870 -1.9700 -1.9314 -1.8193 -1.6759 -1.7111 -2.3263 -3.2331 -3.7886 -3.9826 -3.9549 -3.7901 -3.3121 -2.3995 -1.7355 -1.6623 -1.7892 -1.8848 -1.8822 -1.8532 -1.8477 -1.8520 -1.8573 -1.8610 -1.8654 -1.8750 -1.8921 -1.8901 -1.8570 -1.8490 -1.8779 -1.9049 -1.9318 -1.9645 -1.9793 -1.9760 -1.9754 -1.9702 -1.9623 -1.9900 -2.0250 -2.0037 -1.9778 -1.9847 -1.9711 -1.9482 -1.9655 -2.0001 -2.0213 -2.0208 -2.0077 -1.9952 -1.9716 -1.9592 -2.0247 -2.0840 -2.0029 -1.7966 -1.6980 -2.1280 -2.9988 -3.8421 -3.8965 -3.1023 -2.2531 -1.7799 -1.7613 -1.8586 -1.9191 -2.0348 -2.1009 -2.0297 -1.9852 -2.0143 -2.0317 -2.0455 -2.0747 -2.0836 -2.0877 -2.1296 -2.1326 -2.0785 -2.1246 -2.2252 -2.2053 -2.0939 -1.9935 -2.0126 -2.0616 -1.9882 -1.9512 -2.0383 -2.1095 -2.1026 -2.0427 -2.0500 -2.1352 -2.1440 -2.0715 -1.9990 -1.9934 -2.0363 -2.0260 -2.0066 -2.0393 -2.0217 -1.9340 -1.8664 -1.8020 -1.6705
-1.6798 -1.9991 -2.1691 -2.2008 -2.1700 -2.1508 -2.1619 -2.1770 -2.1928 -2.2058 -2.1973 -2.1811 -2.1874 -2.1893 -2.1694 -2.1576 -2.1667 -2.1877 -2.1908 -2.1778 -2.2041 -2.2454 -2.2448 -2.2290 -2.2244 -2.2253 -2.2113 -2.1726 -2.1596 -2.1815 -2.1837 -2.1639 -2.1465 -2.1459 -2.1535 -2.1414 -2.1267 -2.1275 -2.1081 -2.0671 -2.0424 -2.0373 -2.0464 -2.0848 -2.2781 -2.8073 -3.5873 -4.3032 -4.3929 -3.7863 -2.8837 -2.2387 -2.1093 -2.1278 -2.1209 -2.1096 -2.0922 -2.0594 -2.0061 -1.9564 -1.9425 -1.9493 -1.9533 -1.9404 -1.9252 -1.9254 -1.9106 -1.8858 -1.9073 -1.9323 -1.9008 -1.8755 -1.8820 -1.8777 -1.8662 -1.8628 -1.8490 -1.8287 -1.8321 -1.8519 -1.8596 -1.8186 -1.7544 -1.7415 -1.7716 -1.7984 -1.7692 -1.7125 -1.7083 -1.7232 -1.7173 -1.7128 -1.6930 -1.6352 -1.6613 -1.9498 -2.6641 -3.4786 -3.8692 -3.9374 -3.9005 -3.8608 -3.5573 -2.7297 -1.9548 -1.6243 -1.5855 -1.6382 -1.6355 -1.6181 -1.6242 -1.6406 -1.6548 -1.6603 -1.6610 -1.6632 -1.6713 -1.6717 -1.6559 -1.6488 -1.6560 -1.6607 -1.6719 -1.6940 -1.6998 -1.6902 -1.6898 -1.6874 -1.6778 -1.6934 -1.7164 -1.7006 -1.6844 -1.6983 -1.7100 -1.7127 -1.7193 -1.7270 -1.7336 -1.7453 -1.7525 -1.7415 -1.7284 -1.7410 -1.8056 -1.8648 -1.8413 -1.7644 -1.8286 -2.3608 -3.1941 -3.8824 -3.9551 -3.3620 -2.5499 -1.9203 -1.6846 -1.6377 -1.6433 -1.7036 -1.7476 -1.7261 -1.7216 -1.7419 -1.7223 -1.7023 -1.7228 -1.7431 -1.7596 -1.7961 -1.8017 -1.7646 -1.7885 -1.8467 -1.8279 -1.7479 -1.6777 -1.7056 -1.7599 -1.7134 -1.6743 -1.7156 -1.7644 -1.7774 -1.7547 -1.7569 -1.8000 -1.8233 -1.8108 -1.7820 -1.7815 -1.8058 -1.7977 -1.7976 -1.8532 -1.8912 -1.8749 -1.8277 -1.7373 -1.5978
-1.6776 -2.0018 -2.1690 -2.2080 -2.2072 -2.2206 -2.2468 -2.2502 -2.2554 -2.2788 -2.2811 -2.2716 -2.2891 -2.2979 -2.2748 -2.2593 -2.2654 -2.2811 -2.2845 -2.2749 -2.2861 -2.3037 -2.2943 -2.2792 -2.2757 -2.2754 -2.2633 -2.2350 -2.2302 -2.2554 -2.2654 -2.2512 -2.2274 -2.2174 -2.2212 -2.2130 -2.1947 -2.1748 -2.1434 -2.1100 -2.0989 -2.0807 -2.0488 -2.1070 -2.3957 -3.0207 -3.7658 -4.3127 -4.3865 -3.9089 -3.0387 -2.3282 -2.1205 -2.1346 -2.1684 -2.1534 -2.1204 -2.0957 -2.0541 -2.0117 -2.0026 -2.0069 -2.0057 -2.0016 -1.9924 -1.9735 -1.9472 -1.9307 -1.9525 -1.9754 -1.9541 -1.9293 -1.9259 -1.9292 -1.9277 -1.9150 -1.8910 -1.8674 -1.8630 -1.8692 -1.8665 -1.8396 -1.8013 -1.7852 -1.7935 -1.8068 -1.7885 -1.7506 -1.7387 -1.7377 -1.7301 -1.7325 -1.7078 -1.6244 -1.6932 -2.0996 -2.8313 -3.5514 -3.8449 -3.8772 -3.8797 -3.9098 -3.6628 -2.8439 -2.0197 -1.6190 -1.5735 -1.6607 -1.6718 -1.6640 -1.6840 -1.6985 -1.7015 -1.7020 -1.7048 -1.7120 -1.7216 -1.7233 -1.7122 -1.7069 -1.7116 -1.7138 -1.7185 -1.7285 -1.7266 -1.7191 -1.7286 -1.7329 -1.7175 -1.7160 -1.7281 -1.7284 -1.7271 -1.7362 -1.7483 -1.7576 -1.7611 -1.7583 -1.7582 -1.7801 -1.7997 -1.7840 -1.7819 -1.8260 -1.8927 -1.9255 -1.8834 -1.8415 -1.9825 -2.5464 -3.3104 -3.8561 -3.9358 -3.5103 -2.7707 -2.0818 -1.7410 -1.6540 -1.6790 -1.7079 -1.7197 -1.7292 -1.7499 -1.7634 -1.7347 -1.7096 -1.7279 -1.7515 -1.7682 -1.7901 -1.7960 -1.7788 -1.7785 -1.7905 -1.7790 -1.7429 -1.7101 -1.7327 -1.7666 -1.7336 -1.6999 -1.7159 -1.7508 -1.7817 -1.7987 -1.8043 -1.8074 -1.8187 -1.8290 -1.8269 -1.8318 -1.8494 -1.8650 -1.8876 -1.9231 -1.9337 -1.8981 -1.8211 -1.7009 -1.5593
-1.6981 -2.0011 -2.1503 -2.2093 -2.2590 -2.3103 -2.3477 -2.3518 -2.3620 -2.4007 -2.4181 -2.4165 -2.4336 -2.4417 -2.4228 -2.4116 -2.4154 -2.4191 -2.4175 -2.4144 -2.4223 -2.4191 -2.3771 -2.3362 -2.3265 -2.3395 -2.3534 -2.3530 -2.3659 -2.3955 -2.4057 -2.3915 -2.3670 -2.3517 -2.3461 -2.3305 -2.3034 -2.2697 -2.2297 -2.2009 -2.2069 -2.1801 -2.0979 -2.1332 -2.4468 -3.1025 -3.8133 -4.2567 -4.3091 -3.9054 -3.0978 -2.3954 -2.1588 -2.1899 -2.2736 -2.2718 -2.2419 -2.2362 -2.2080 -2.1699 -2.1632 -2.1605 -2.1440 -2.1353 -2.1309 -2.1165 -2.0987 -2.0885 -2.0940 -2.0986 -2.0837 -2.0657 -2.0572 -2.0569 -2.0550 -2.0423 -2.0220 -2.0035 -1.9974 -1.9900 -1.9668 -1.9362 -1.9118 -1.9059 -1.9111 -1.9122 -1.8938 -1.8656 -1.8524 -1.8415 -1.8258 -1.8299 -1.7955 -1.6642 -1.7058 -2.1309 -2.8527 -3.5302 -3.7956 -3.8388 -3.8797 -3.9227 -3.6585 -2.8195 -1.9914 -1.6155 -1.6258 -1.7641 -1.7859 -1.7804 -1.8091 -1.8176 -1.8076 -1.8052 -1.8137 -1.8290 -1.8431 -1.8444 -1.8309 -1.8301 -1.8446 -1.8510 -1.8507 -1.8497 -1.8416 -1.8366 -1.8536 -1.8663 -1.8542 -1.8420 -1.8454 -1.8644 -1.8803 -1.8809 -1.8770 -1.8767 -1.8820 -1.8869 -1.8939 -1.9195 -1.9401 -1.9268 -1.9367 -1.9960 -2.0533 -2.0495 -1.9618 -1.8990 -2.0516 -2.6269 -3.3552 -3.8121 -3.8813 -3.5432 -2.8576 -2.1638 -1.7985 -1.7321 -1.8070 -1.8275 -1.8137 -1.8361 -1.8652 -1.8715 -1.8475 -1.8310 -1.8495 -1.8730 -1.8872 -1.8966 -1.8985 -1.8898 -1.8730 -1.8585 -1.8576 -1.8569 -1.8524 -1.8652 -1.8748 -1.8479 -1.8242 -1.8342 -1.8646 -1.9028 -1.9362 -1.9447 -1.9313 -1.9300 -1.9404 -1.9476 -1.9581 -1.9792 -2.0123 -2.0414 -2.0444 -2.0054 -1.9239 -1.8132 -1.6782 -1.5434
-1.7657 -2.0503 -2.1427 -2.1718 -2.2239 -2.2860 -2.3360 -2.3635 -2.3944 -2.4398 -2.4572 -2.4520 -2.4615 -2.4684 -2.4611 -2.4659 -2.4768 -2.4695 -2.4550 -2.4488 -2.4552 -2.4496 -2.4040 -2.3472 -2.3131 -2.3193 -2.3471 -2.3686 -2.3937 -2.4211 -2.4270 -2.4125 -2.3920 -2.3782 -2.3691 -2.3485 -2.3139 -2.2695 -2.2205 -2.1906 -2.2062 -2.1833 -2.0914 -2.1323 -2.4694 -3.1387 -3.8290 -4.2255 -4.2725 -3.9257 -3.1991 -2.5066 -2.1847 -2.1722 -2.2716 -2.2761 -2.2518 -2.2635 -2.2470 -2.2123 -2.2085 -2.2029 -2.1757 -2.1554 -2.1498 -2.1512 -2.1513 -2.1448 -2.1311 -2.1156 -2.1038 -2.0929 -2.0841 -2.0841 -2.0855 -2.0774 -2.0574 -2.0344 -2.0242 -2.0145 -1.9916 -1.9688 -1.9573 -1.9594 -1.9577 -1.9373 -1.9069 -1.8813 -1.8722 -1.8576 -1.8317 -1.8351 -1.8056 -1.6679 -1.6920 -2.1023 -2.8365 -3.5388 -3.8082 -3.8457 -3.8799 -3.9038 -3.6276 -2.8086 -2.0007 -1.6277 -1.6436 -1.7873 -1.8034 -1.7910 -1.8180 -1.8263 -1.8190 -1.8243 -1.8393 -1.8567 -1.8698 -1.8684 -1.8534 -1.8594 -1.8834 -1.8866 -1.8759 -1.8671 -1.8539 -1.8440 -1.8562 -1.8763 -1.8846 -1.8761 -1.8726 -1.9036 -1.9338 -1.9320 -1.9124 -1.8973 -1.9055 -1.9291 -1.9551 -1.9755 -1.9874 -1.9949 -2.0180 -2.0583 -2.0841 -2.0545 -1.9550 -1.8785 -2.0213 -2.6245 -3.3775 -3.8075 -3.8538 -3.5236 -2.8482 -2.1555 -1.7869 -1.7346 -1.8344 -1.8566 -1.8352 -1.8604 -1.8867 -1.8842 -1.8608 -1.8475 -1.8637 -1.8887 -1.9073 -1.9144 -1.9082 -1.8911 -1.8711 -1.8606 -1.8695 -1.8830 -1.8902 -1.8982 -1.8981 -1.8779 -1.8652 -1.8794 -1.9111 -1.9419 -1.9559 -1.9590 -1.9612 -1.9702 -1.9814 -1.9893 -2.0062 -2.0331 -2.0535 -2.0607 -2.0491 -2.0028 -1.9182 -1.8066 -1.6721 -1.5395
-1.8454 -2.1173 -2.1508 -2.1406 -2.1773 -2.2364 -2.2940 -2.3429 -2.3921 -2.4394 -2.4533 -2.4452 -2.4539 -2.4649 -2.4674 -2.4828 -2.4983 -2.4849 -2.4618 -2.4506 -2.4534 -2.4509 -2.4179 -2.3575 -2.2989 -2.2928 -2.3233 -2.3489 -2.3737 -2.3976 -2.4041 -2.3944 -2.3791 -2.3680 -2.3581 -2.3333 -2.2915 -2.2385 -2.1831 -2.1511 -2.1684 -2.1479 -2.0594 -2.1158 -2.4738 -3.1494 -3.8369 -4.2319 -4.2791 -3.9500 -3.2722 -2.5835 -2.1901 -2.1331 -2.2323 -2.2334 -2.2082 -2.2305 -2.2246 -2.1963 -2.1961 -2.1916 -2.1619 -2.1335 -2.1235 -2.1339 -2.1441 -2.1386 -2.1177 -2.0943 -2.0816 -2.0745 -2.0700 -2.0716 -2.0740 -2.0676 -2.0451 -2.0155 -2.0009 -1.9927 -1.9778 -1.9665 -1.9653 -1.9705 -1.9625 -1.9288 -1.8866 -1.8567 -1.8506 -1.8364 -1.8032 -1.8032 -1.7803 -1.6543 -1.6674 -2.0508 -2.8146 -3.5756 -3.8529 -3.8652 -3.8720 -3.8763 -3.6037 -2.8173 -2.0276 -1.6401 -1.6403 -1.7760 -1.7860 -1.7673 -1.7894 -1.7995 -1.8000 -1.8146 -1.8358 -1.8541 -1.8636 -1.8577 -1.8421 -1.8531 -1.8824 -1.8805 -1.8618 -1.8509 -1.8356 -1.8208 -1.8276 -1.8516 -1.8747 -1.8727 -1.8657 -1.8957 -1.9285 -1.9294 -1.9089 -1.8916 -1.9026 -1.9395 -1.9802 -1.9887 -1.9892 -2.0253 -2.0591 -2.0626 -2.0509 -2.0107 -1.9274 -1.8493 -1.9699 -2.5866 -3.3766 -3.8264 -3.8649 -3.5114 -2.8244 -2.1297 -1.7583 -1.7065 -1.8110 -1.8373 -1.8180 -1.8423 -1.8611 -1.8495 -1.8266 -1.8155 -1.8282 -1.8509 -1.8720 -1.8843 -1.8789 -1.8577 -1.8444 -1.8457 -1.8542 -1.8656 -1.8765 -1.8840 -1.8812 -1.8645 -1.8569 -1.8735 -1.9048 -1.9262 -1.9191 -1.9193 -1.9431 -1.9657 -1.9786 -1.9884 -2.0143 -2.0466 -2.0435 -2.0189 -1.9992 -1.9632 -1.8956 -1.7971 -1.6692 -1.5386
-1.9014 -2.1642 -2.1710 -2.1533 -2.1906 -2.2498 -2.3055 -2.3548 -2.4063 -2.4572 -2.4764 -2.4773 -2.4995 -2.5209 -2.5240 -2.5316 -2.5392 -2.5272 -2.5092 -2.4989 -2.4947 -2.4875 -2.4634 -2.4066 -2.3394 -2.3314 -2.3604 -2.3712 -2.3832 -2.4078 -2.4259 -2.4284 -2.4170 -2.4052 -2.3924 -2.3608 -2.3103 -2.2504 -2.1928 -2.1614 -2.1758 -2.1457 -2.0445 -2.1004 -2.4666 -3.1429 -3.8427 -4.2664 -4.3079 -3.9433 -3.2479 -2.5610 -2.1773 -2.1321 -2.2362 -2.2281 -2.1931 -2.2165 -2.2206 -2.2032 -2.2069 -2.2053 -2.1806 -2.1540 -2.1405 -2.1434 -2.1459 -2.1388 -2.1291 -2.1163 -2.0995 -2.0916 -2.0947 -2.0955 -2.0904 -2.0787 -2.0542 -2.0240 -2.0078 -1.9977 -1.9833 -1.9762 -1.9792 -1.9824 -1.9746 -1.9483 -1.9050 -1.8662 -1.8582 -1.8457 -1.8106 -1.8051 -1.7782 -1.6535 -1.6515 -2.0100 -2.8018 -3.6119 -3.8826 -3.8647 -3.8560 -3.8617 -3.6014 -2.8291 -2.0399 -1.6413 -1.6429 -1.7902 -1.8078 -1.7910 -1.8122 -1.8233 -1.8264 -1.8438 -1.8692 -1.8907 -1.8973 -1.8870 -1.8708 -1.8817 -1.9098 -1.9080 -1.8915 -1.8843 -1.8716 -1.8588 -1.8691 -1.8913 -1.9058 -1.9030 -1.8971 -1.9132 -1.9331 -1.9389 -1.9379 -1.9395 -1.9529 -1.9871 -2.0263 -2.0212 -2.0143 -2.0724 -2.1099 -2.0796 -2.0414 -2.0034 -1.9443 -1.8703 -1.9615 -2.5509 -3.3472 -3.8430 -3.9079 -3.5422 -2.8440 -2.1439 -1.7641 -1.7061 -1.8090 -1.8367 -1.8194 -1.8435 -1.8555 -1.8370 -1.8197 -1.8161 -1.8257 -1.8385 -1.8532 -1.8733 -1.8840 -1.8784 -1.8757 -1.8766 -1.8707 -1.8722 -1.8873 -1.8962 -1.8893 -1.8699 -1.8586 -1.8685 -1.8935 -1.9130 -1.9116 -1.9194 -1.9474 -1.9684 -1.9810 -1.9996 -2.0356 -2.0698 -2.0531 -2.0082 -1.9745 -1.9362 -1.8753 -1.7841 -1.6616 -1.5358
-1.9329 -2.1903 -2.1892 -2.1758 -2.2160 -2.2754 -2.3289 -2.3746 -2.4266 -2.4850 -2.5161 -2.5296 -2.5617 -2.5868 -2.5847 -2.5782 -2.5754 -2.5711 -2.5650 -2.5569 -2.5445 -2.5291 -2.5081 -2.4558 -2.3880 -2.3782 -2.4024 -2.4030 -2.4085 -2.4366 -2.4671 -2.4823 -2.4751 -2.4630 -2.4466 -2.4056 -2.3442 -2.2779 -2.2181 -2.1866 -2.1994 -2.1605 -2.0438 -2.0931 -2.4607 -3.1328 -3.8438 -4.2984 -4.3354 -3.9267 -3.1910 -2.5039 -2.1616 -2.1446 -2.2504 -2.2378 -2.1968 -2.2159 -2.2250 -2.2163 -2.2224 -2.2232 -2.2047 -2.1817 -2.1670 -2.1649 -2.1589 -2.1468 -2.1475 -2.1474 -2.1291 -2.1215 -2.1311 -2.1299 -2.1168 -2.1001 -2.0741 -2.0447 -2.0286 -2.0178 -2.0025 -1.9947 -1.9948 -1.9902 -1.9809 -1.9652 -1.9276 -1.8863 -1.8772 -1.8651 -1.8292 -1.8185 -1.7867 -1.6639 -1.6623 -2.0157 -2.8074 -3.6160 -3.8714 -3.8465 -3.8493 -3.8632 -3.6087 -2.8489 -2.0620 -1.6519 -1.6505 -1.8056 -1.8327 -1.8216 -1.8459 -1.8637 -1.8739 -1.8924 -1.9158 -1.9343 -1.9376 -1.9259 -1.9106 -1.9162 -1.9367 -1.9394 -1.9326 -1.9304 -1.9220 -1.9141 -1.9260 -1.9399 -1.9387 -1.9346 -1.9347 -1.9387 -1.9455 -1.9559 -1.9741 -1.9948 -2.0101 -2.0363 -2.0676 -2.0583 -2.0518 -2.1119 -2.1422 -2.0944 -2.0441 -2.0075 -1.9605 -1.8890 -1.9600 -2.5122 -3.3000 -3.8474 -3.9510 -3.5786 -2.8649 -2.1564 -1.7765 -1.7191 -1.8200 -1.8451 -1.8266 -1.8509 -1.8600 -1.8395 -1.8302 -1.8344 -1.8410 -1.8441 -1.8516 -1.8764 -1.9000 -1.9081 -1.9137 -1.9124 -1.8933 -1.8857 -1.9033 -1.9139 -1.9054 -1.8851 -1.8722 -1.8778 -1.8950 -1.9127 -1.9232 -1.9385 -1.9609 -1.9754 -1.9887 -2.0147 -2.0503 -2.0746 -2.0548 -2.0085 -1.9660 -1.9203 -1.8613 -1.7815 -1.6674 -1.5379
-1.9415 -2.1959 -2.1910 -2.1739 -2.2062 -2.2625 -2.3204 -2.3742 -2.4356 -2.5047 -2.5493 -2.5719 -2.5980 -2.6128 -2.6046 -2.5905 -2.5840 -2.5897 -2.5933 -2.5843 -2.5663 -2.5462 -2.5246 -2.4738 -2.4041 -2.3824 -2.3983 -2.4094 -2.4263 -2.4577 -2.4943 -2.5178 -2.5161 -2.5068 -2.4886 -2.4368 -2.3624 -2.2877 -2.2210 -2.1851 -2.2017 -2.1669 -2.0477 -2.0974 -2.4660 -3.1290 -3.8368 -4.3034 -4.3436 -3.9200 -3.1618 -2.4724 -2.1538 -2.1435 -2.2411 -2.2350 -2.2002 -2.2135 -2.2200 -2.2136 -2.2200 -2.2214 -2.2045 -2.1801 -2.1667 -2.1745 -2.1729 -2.1543 -2.1500 -2.1505 -2.1365 -2.1329 -2.1440 -2.1419 -2.1274 -2.1103 -2.0833 -2.0526 -2.0380 -2.0311 -2.0191 -2.0089 -2.0002 -1.9843 -1.9668 -1.9501 -1.9191 -1.8867 -1.8812 -1.8681 -1.8297 -1.8177 -1.7887 -1.6776 -1.7021 -2.0779 -2.8336 -3.5796 -3.8224 -3.8284 -3.8682 -3.8824 -3.6170 -2.8812 -2.1111 -1.6843 -1.6581 -1.7983 -1.8268 -1.8210 -1.8508 -1.8846 -1.9118 -1.9344 -1.9496 -1.9558 -1.9538 -1.9440 -1.9309 -1.9276 -1.9352 -1.9427 -1.9469 -1.9475 -1.9426 -1.9376 -1.9412 -1.9427 -1.9355 -1.9363 -1.9452 -1.9501 -1.9551 -1.9669 -1.9876 -2.0107 -2.0287 -2.0526 -2.0798 -2.0809 -2.0815 -2.1193 -2.1305 -2.0851 -2.0362 -1.9922 -1.9346 -1.8620 -1.9369 -2.4743 -3.2570 -3.8394 -3.9670 -3.5821 -2.8437 -2.1268 -1.7672 -1.7268 -1.8272 -1.8461 -1.8229 -1.8467 -1.8577 -1.8410 -1.8380 -1.8454 -1.8489 -1.8504 -1.8589 -1.8821 -1.9009 -1.9038 -1.9102 -1.9135 -1.8950 -1.8844 -1.8988 -1.9105 -1.9070 -1.8932 -1.8879 -1.8989 -1.9121 -1.9227 -1.9330 -1.9469 -1.9639 -1.9777 -1.9942 -2.0193 -2.0381 -2.0393 -2.0229 -1.9937 -1.9562 -1.9085 -1.8540 -1.7971 -1.6970 -1.5494
-1.9176 -2.1666 -2.1681 -2.1517 -2.1789 -2.2339 -2.2977 -2.3609 -2.4299 -2.5044 -2.5606 -2.5943 -2.6162 -2.6221 -2.6110 -2.5965 -2.5903 -2.5974 -2.6022 -2.5936 -2.5778 -2.5611 -2.5421 -2.4924 -2.4181 -2.3792 -2.3832 -2.4070 -2.4356 -2.4672 -2.5110 -2.5452 -2.5470 -2.5395 -2.5221 -2.4625 -2.3736 -2.2834 -2.2031 -2.1600 -2.1815 -2.1591 -2.0529 -2.1124 -2.4810 -3.1284 -3.8205 -4.2851 -4.3306 -3.9076 -3.1368 -2.4454 -2.1452 -2.1400 -2.2317 -2.2334 -2.2047 -2.2116 -2.2144 -2.2104 -2.2188 -2.2192 -2.1989 -2.1728 -2.1610 -2.1733 -2.1769 -2.1598 -2.1480 -2.1411 -2.1297 -2.1271 -2.1342 -2.1327 -2.1198 -2.0991 -2.0714 -2.0453 -2.0356 -2.0319 -2.0204 -2.0054 -1.9886 -1.9674 -1.9457 -1.9251 -1.8964 -1.8708 -1.8685 -1.8565 -1.8211 -1.8156 -1.7934 -1.6859 -1.7295 -2.1322 -2.8634 -3.5630 -3.8109 -3.8521 -3.9178 -3.9248 -3.6433 -2.9178 -2.1540 -1.7103 -1.6624 -1.7900 -1.8204 -1.8220 -1.8601 -1.9069 -1.9464 -1.9730 -1.9867 -1.9888 -1.9807 -1.9666 -1.9511 -1.9384 -1.9322 -1.9353 -1.9422 -1.9459 -1.9439 -1.9384 -1.9338 -1.9299 -1.9281 -1.9361 -1.9502 -1.9589 -1.9644 -1.9723 -1.9861 -2.0063 -2.0315 -2.0609 -2.0877 -2.0978 -2.1003 -2.1097 -2.0981 -2.0569 -2.0173 -1.9699 -1.8948 -1.8299 -1.9403 -2.4901 -3.2632 -3.8365 -3.9531 -3.5503 -2.7881 -2.0701 -1.7489 -1.7361 -1.8343 -1.8453 -1.8170 -1.8393 -1.8536 -1.8423 -1.8418 -1.8477 -1.8497 -1.8588 -1.8782 -1.8997 -1.9075 -1.8983 -1.8969 -1.9005 -1.8900 -1.8795 -1.8825 -1.8931 -1.8994 -1.8932 -1.8925 -1.9062 -1.9197 -1.9292 -1.9385 -1.9498 -1.9633 -1.9779 -1.9954 -2.0142 -2.0160 -2.0007 -1.9912 -1.9808 -1.9523 -1.9047 -1.8525 -1.8134 -1.7246 -1.5610
-1.8626 -2.1004 -2.1224 -2.1221 -2.1571 -2.2156 -2.2813 -2.3452 -2.4115 -2.4822 -2.5459 -2.5952 -2.6268 -2.6369 -2.6290 -2.6197 -2.6141 -2.6094 -2.6059 -2.6033 -2.5985 -2.5920 -2.5795 -2.5315 -2.4521 -2.3991 -2.3903 -2.4130 -2.4393 -2.4674 -2.5249 -2.5762 -2.5787 -2.5699 -2.5554 -2.4930 -2.3901 -2.2768 -2.1772 -2.1252 -2.1460 -2.1363 -2.0550 -2.1279 -2.4895 -3.1187 -3.7946 -4.2541 -4.3033 -3.8820 -3.1008 -2.4095 -2.1317 -2.1445 -2.2419 -2.2443 -2.2117 -2.2124 -2.2154 -2.2175 -2.2314 -2.2303 -2.2039 -2.1799 -2.1687 -2.1670 -2.1670 -2.1624 -2.1515 -2.1365 -2.1219 -2.1141 -2.1140 -2.1154 -2.1035 -2.0714 -2.0427 -2.0302 -2.0279 -2.0225 -2.0048 -1.9834 -1.9646 -1.9491 -1.9344 -1.9148 -1.8822 -1.8514 -1.8470 -1.8398 -1.8166 -1.8257 -1.8080 -1.6850 -1.7165 -2.1270 -2.8736 -3.5930 -3.8658 -3.9180 -3.9741 -3.9704 -3.6803 -2.9420 -2.1635 -1.7091 -1.6620 -1.7982 -1.8376 -1.8507 -1.9001 -1.9493 -1.9860 -2.0144 -2.0402 -2.0555 -2.0418 -2.0123 -1.9874 -1.9671 -1.9498 -1.9361 -1.9331 -1.9418 -1.9434 -1.9354 -1.9311 -1.9342 -1.9438 -1.9564 -1.9682 -1.9760 -1.9779 -1.9770 -1.9849 -2.0077 -2.0441 -2.0835 -2.1121 -2.1179 -2.1094 -2.1002 -2.0704 -2.0216 -1.9930 -1.9544 -1.8685 -1.8246 -1.9955 -2.5789 -3.3335 -3.8489 -3.9205 -3.5032 -2.7296 -2.0193 -1.7390 -1.7511 -1.8436 -1.8485 -1.8179 -1.8374 -1.8527 -1.8447 -1.8428 -1.8452 -1.8482 -1.8710 -1.9075 -1.9311 -1.9333 -1.9185 -1.9034 -1.8956 -1.8925 -1.8825 -1.8677 -1.8751 -1.8923 -1.8889 -1.8809 -1.8858 -1.9033 -1.9251 -1.9415 -1.9542 -1.9666 -1.9804 -1.9943 -2.0040 -2.0010 -1.9892 -1.9863 -1.9821 -1.9572 -1.9088 -1.8534 -1.8140 -1.7280 -1.5652
-1.8126 -2.0362 -2.0815 -2.1033 -2.1466 -2.2064 -2.2707 -2.3298 -2.3907 -2.4592 -2.5270 -2.5849 -2.6248 -2.6430 -2.6439 -2.6428 -2.6382 -2.6223 -2.6143 -2.6225 -2.6271 -2.6213 -2.6029 -2.5513 -2.4736 -2.4207 -2.4077 -2.4229 -2.4417 -2.4679 -2.5366 -2.6032 -2.6129 -2.6064 -2.5922 -2.5266 -2.4142 -2.2843 -2.1692 -2.1038 -2.1091 -2.1018 -2.0448 -2.1120 -2.4423 -3.0686 -3.7586 -4.2269 -4.2849 -3.8739 -3.1005 -2.4107 -2.1303 -2.1489 -2.2543 -2.2521 -2.2115 -2.2098 -2.2133 -2.2171 -2.2334 -2.2327 -2.2056 -2.1853 -2.1746 -2.1619 -2.1574 -2.1604 -2.1511 -2.1333 -2.1204 -2.1123 -2.1103 -2.1173 -2.1081 -2.0662 -2.0350 -2.0305 -2.0292 -2.0192 -1.9989 -1.9769 -1.9605 -1.9527 -1.9449 -1.9260 -1.8896 -1.8516 -1.8392 -1.8332 -1.8238 -1.8438 -1.8242 -1.6841 -1.6896 -2.0796 -2.8331 -3.5763 -3.8611 -3.9059 -3.9433 -3.9307 -3.6461 -2.9205 -2.1500 -1.6979 -1.6597 -1.8086 -1.8564 -1.8821 -1.9465 -1.9972 -2.0287 -2.0592 -2.0950 -2.1196 -2.1004 -2.0578 -2.0239 -1.9978 -1.9724 -1.9435 -1.9305 -1.9437 -1.9514 -1.9462 -1.9458 -1.9541 -1.9675 -1.9779 -1.9859 -1.9965 -1.9989 -1.9918 -1.9996 -2.0278 -2.0667 -2.1089 -2.1403 -2.1372 -2.1135 -2.0949 -2.0554 -1.9974 -1.9753 -1.9437 -1.8477 -1.8170 -2.0335 -2.6486 -3.3926 -3.8581 -3.9041 -3.5024 -2.7396 -2.0293 -1.7481 -1.7563 -1.8443 -1.8516 -1.8236 -1.8387 -1.8501 -1.8420 -1.8409 -1.8439 -1.8490 -1.8799 -1.9258 -1.9498 -1.9516 -1.9398 -1.9165 -1.8970 -1.8976 -1.8895 -1.8649 -1.8705 -1.8933 -1.8893 -1.8718 -1.8662 -1.8896 -1.9253 -1.9450 -1.9562 -1.9696 -1.9883 -2.0013 -1.9978 -1.9921 -1.9915 -1.9891 -1.9782 -1.9525 -1.9057 -1.8475 -1.7971 -1.7104 -1.5645
-1.7981 -2.0086 -2.0674 -2.1055 -2.1470 -2.2014 -2.2624 -2.3162 -2.3762 -2.4508 -2.5207 -2.5741 -2.6096 -2.6303 -2.6415 -2.6485 -2.6467 -2.6320 -2.6307 -2.6506 -2.6570 -2.6366 -2.5925 -2.5280 -2.4605 -2.4246 -2.4208 -2.4315 -2.4471 -2.4774 -2.5474 -2.6199 -2.6474 -2.6509 -2.6319 -2.5597 -2.4442 -2.3134 -2.1918 -2.1076 -2.0827 -2.0642 -2.0222 -2.0569 -2.3313 -2.9796 -3.7246 -4.2186 -4.2907 -3.9019 -3.1616 -2.4729 -2.1484 -2.1438 -2.2528 -2.2447 -2.1988 -2.2013 -2.2036 -2.2002 -2.2123 -2.2146 -2.1948 -2.1770 -2.1678 -2.1623 -2.1595 -2.1554 -2.1428 -2.1302 -2.1291 -2.1315 -2.1363 -2.1504 -2.1466 -2.1047 -2.0700 -2.0589 -2.0473 -2.0326 -2.0196 -2.0063 -1.9941 -1.9868 -1.9767 -1.9547 -1.9197 -1.8822 -1.8584 -1.8458 -1.8438 -1.8632 -1.8342 -1.6891 -1.6775 -2.0346 -2.7716 -3.5096 -3.7758 -3.8019 -3.8314 -3.8158 -3.5482 -2.8733 -2.1425 -1.6966 -1.6583 -1.8087 -1.8585 -1.8948 -1.9769 -2.0363 -2.0705 -2.1054 -2.1390 -2.1546 -2.1302 -2.0855 -2.0480 -2.0169 -1.9868 -1.9557 -1.9421 -1.9563 -1.9721 -1.9780 -1.9802 -1.9827 -1.9860 -1.9869 -1.9928 -2.0138 -2.0257 -2.0202 -2.0343 -2.0673 -2.0948 -2.1270 -2.1591 -2.1502 -2.1155 -2.0926 -2.0514 -1.9909 -1.9675 -1.9306 -1.8214 -1.7868 -2.0151 -2.6439 -3.3916 -3.8527 -3.9217 -3.5710 -2.8401 -2.1145 -1.7748 -1.7428 -1.8312 -1.8506 -1.8291 -1.8400 -1.8437 -1.8322 -1.8366 -1.8465 -1.8525 -1.8796 -1.9197 -1.9394 -1.9445 -1.9431 -1.9237 -1.9011 -1.9009 -1.8967 -1.8781 -1.8844 -1.9033 -1.8961 -1.8752 -1.8676 -1.8974 -1.9388 -1.9515 -1.9545 -1.9698 -2.0012 -2.0195 -1.9999 -1.9864 -1.9929 -1.9835 -1.9589 -1.9311 -1.8889 -1.8314 -1.7691 -1.6836 -1.5632
-1.8206 -2.0250 -2.0789 -2.1174 -2.1503 -2.1963 -2.2539 -2.3072 -2.3700 -2.4498 -2.5212 -2.5702 -2.5975 -2.6129 -2.6252 -2.6357 -2.6407 -2.6378 -2.6453 -2.6674 -2.6772 -2.6523 -2.5842 -2.5015 -2.4379 -2.4175 -2.4269 -2.4398 -2.4603 -2.4989 -2.5625 -2.6303 -2.6748 -2.6901 -2.6663 -2.5880 -2.4727 -2.3467 -2.2206 -2.1184 -2.0712 -2.0455 -2.0122 -2.0221 -2.2612 -2.9405 -3.7340 -4.2387 -4.3120 -3.9400 -3.2345 -2.5436 -2.1619 -2.1259 -2.2389 -2.2285 -2.1827 -2.1957 -2.2003 -2.1907 -2.1995 -2.2030 -2.1862 -2.1681 -2.1615 -2.1682 -2.1697 -2.1580 -2.1438 -2.1381 -2.1458 -2.1559 -2.1657 -2.1825 -2.1834 -2.1496 -2.1164 -2.0967 -2.0726 -2.0535 -2.0500 -2.0464 -2.0353 -2.0207 -2.0014 -1.9765 -1.9486 -1.9191 -1.8889 -1.8675 -1.8640 -1.8770 -1.8384 -1.6923 -1.6913 -2.0761 -2.8707 -3.6566 -3.9074 -3.8995 -3.9174 -3.9054 -3.6421 -2.9579 -2.1996 -1.7176 -1.6586 -1.8035 -1.8527 -1.8975 -1.9951 -2.0649 -2.1059 -2.1477 -2.1778 -2.1815 -2.1532 -2.1085 -2.0661 -2.0299 -2.0000 -1.9767 -1.9681 -1.9791 -1.9989 -2.0145 -2.0160 -2.0114 -2.0079 -1.9996 -1.9989 -2.0245 -2.0444 -2.0434 -2.0640 -2.1013 -2.1223 -2.1439 -2.1682 -2.1536 -2.1133 -2.0839 -2.0393 -1.9782 -1.9492 -1.9016 -1.7846 -1.7603 -2.0113 -2.6428 -3.3821 -3.8483 -3.9396 -3.6211 -2.9161 -2.1815 -1.7900 -1.7253 -1.8187 -1.8458 -1.8277 -1.8408 -1.8422 -1.8266 -1.8329 -1.8459 -1.8497 -1.8699 -1.9026 -1.9204 -1.9323 -1.9438 -1.9317 -1.9085 -1.9061 -1.9058 -1.8961 -1.8997 -1.9062 -1.8902 -1.8710 -1.8734 -1.9099 -1.9518 -1.9616 -1.9603 -1.9735 -2.0101 -2.0314 -2.0023 -1.9834 -1.9932 -1.9803 -1.9494 -1.9217 -1.8801 -1.8190 -1.7512 -1.6707 -1.5657
-1.8587 -2.0673 -2.1043 -2.1290 -2.1518 -2.1905 -2.2456 -2.3044 -2.3708 -2.4470 -2.5191 -2.5722 -2.5961 -2.6012 -2.6025 -2.6109 -2.6258 -2.6396 -2.6500 -2.6611 -2.6806 -2.6733 -2.5982 -2.5008 -2.4310 -2.4122 -2.4274 -2.4480 -2.4816 -2.5312 -2.5858 -2.6421 -2.6943 -2.7164 -2.6890 -2.6081 -2.4942 -2.3704 -2.2369 -2.1220 -2.0738 -2.0548 -2.0270 -2.0432 -2.2951 -2.9966 -3.7981 -4.2828 -4.3358 -3.9627 -3.2751 -2.5790 -2.1549 -2.0994 -2.2215 -2.2159 -2.1769 -2.2036 -2.2151 -2.2056 -2.2151 -2.2150 -2.1899 -2.1688 -2.1655 -2.1771 -2.1820 -2.1723 -2.1629 -2.1608 -2.1658 -2.1720 -2.1791 -2.1919 -2.1941 -2.1719 -2.1469 -2.1255 -2.0953 -2.0734 -2.0745 -2.0747 -2.0601 -2.0332 -2.0034 -1.9792 -1.9612 -1.9431 -1.9163 -1.8893 -1.8758 -1.8839 -1.8411 -1.6881 -1.7295 -2.2412 -3.2174 -4.1454 -4.4035 -4.3454 -4.3397 -4.3452 -4.0679 -3.2576 -2.3444 -1.7574 -1.6573 -1.7998 -1.8507 -1.9009 -2.0082 -2.0857 -2.1338 -2.1844 -2.2187 -2.2204 -2.1895 -2.1390 -2.0861 -2.0436 -2.0171 -2.0048 -2.0022 -2.0073 -2.0245 -2.0424 -2.0403 -2.0348 -2.0377 -2.0251 -2.0104 -2.0284 -2.0483 -2.0510 -2.0739 -2.1150 -2.1447 -2.1632 -2.1692 -2.1468 -2.1060 -2.0660 -2.0113 -1.9465 -1.9098 -1.8526 -1.7377 -1.7529 -2.0604 -2.6933 -3.4010 -3.8541 -3.9325 -3.5974 -2.8964 -2.1721 -1.7781 -1.7148 -1.8152 -1.8378 -1.8163 -1.8400 -1.8488 -1.8303 -1.8298 -1.8365 -1.8362 -1.8547 -1.8887 -1.9119 -1.9328 -1.9535 -1.9434 -1.9167 -1.9128 -1.9148 -1.9069 -1.9024 -1.8922 -1.8615 -1.8465 -1.8698 -1.9122 -1.9512 -1.9707 -1.9756 -1.9821 -2.0088 -2.0245 -1.9967 -1.9798 -1.9908 -1.9850 -1.9633 -1.9392 -1.8922 -1.8232 -1.7577 -1.6817 -1.5715
-1.8474 -2.0681 -2.1168 -2.1416 -2.1583 -2.1910 -2.2447 -2.3067 -2.3711 -2.4365 -2.5045 -2.5614 -2.5869 -2.5890 -2.5848 -2.5916 -2.6118 -2.6361 -2.6468 -2.6470 -2.6694 -2.6734 -2.6000 -2.5079 -2.4495 -2.4258 -2.4290 -2.4523 -2.5008 -2.5650 -2.6181 -2.6670 -2.7210 -2.7396 -2.7016 -2.6191 -2.5100 -2.3874 -2.2469 -2.1236 -2.0807 -2.0685 -2.0414 -2.0780 -2.3607 -3.0645 -3.8491 -4.3160 -4.3484 -3.9608 -3.2784 -2.5826 -2.1415 -2.0829 -2.2193 -2.2279 -2.2000 -2.2346 -2.2478 -2.2346 -2.2381 -2.2300 -2.1971 -2.1744 -2.1728 -2.1839 -2.1900 -2.1855 -2.1828 -2.1823 -2.1797 -2.1797 -2.1856 -2.1956 -2.1977 -2.1823 -2.1617 -2.1400 -2.1115 -2.0918 -2.0922 -2.0908 -2.0732 -2.0398 -2.0061 -1.9850 -1.9707 -1.9567 -1.9383 -1.9105 -1.8842 -1.8937 -1.8532 -1.6797 -1.7681 -2.4465 -3.6305 -4.7012 -4.9593 -4.8443 -4.8214 -4.8818 -4.6162 -3.6390 -2.5082 -1.7794 -1.6418 -1.8024 -1.8603 -1.9112 -2.0227 -2.1063 -2.1625 -2.2236 -2.2670 -2.2726 -2.2373 -2.1764 -2.1116 -2.0598 -2.0302 -2.0227 -2.0247 -2.0280 -2.0450 -2.0646 -2.0597 -2.0538 -2.0616 -2.0453 -2.0193 -2.0308 -2.0511 -2.0575 -2.0819 -2.1250 -2.1617 -2.1763 -2.1645 -2.1355 -2.0975 -2.0536 -1.9913 -1.9182 -1.8695 -1.8023 -1.6915 -1.7379 -2.0884 -2.7286 -3.4169 -3.8533 -3.9124 -3.5585 -2.8567 -2.1444 -1.7619 -1.7067 -1.8090 -1.8255 -1.8015 -1.8346 -1.8507 -1.8297 -1.8196 -1.8191 -1.8210 -1.8452 -1.8860 -1.9183 -1.9450 -1.9640 -1.9477 -1.9147 -1.9083 -1.9104 -1.9022 -1.8934 -1.8720 -1.8263 -1.8157 -1.8621 -1.9062 -1.9349 -1.9616 -1.9773 -1.9834 -1.9991 -2.0052 -1.9798 -1.9649 -1.9761 -1.9830 -1.9757 -1.9534 -1.9094 -1.8480 -1.7822 -1.6938 -1.5687
-1.7618 -1.9991 -2.1034 -2.1545 -2.1729 -2.2023 -2.2550 -2.3135 -2.3685 -2.4196 -2.4753 -2.5273 -2.5571 -2.5692 -2.5751 -2.5845 -2.6021 -2.6250 -2.6363 -2.6351 -2.6475 -2.6402 -2.5700 -2.5073 -2.4874 -2.4612 -2.4377 -2.4538 -2.5116 -2.5900 -2.6521 -2.7049 -2.7584 -2.7637 -2.7067 -2.6230 -2.5224 -2.4011 -2.2567 -2.1300 -2.0879 -2.0731 -2.0395 -2.0931 -2.3995 -3.0857 -3.8476 -4.3185 -4.3436 -3.9370 -3.2548 -2.5690 -2.1348 -2.0856 -2.2389 -2.2711 -2.2576 -2.2890 -2.2921 -2.2651 -2.2506 -2.2316 -2.1993 -2.1788 -2.1768 -2.1854 -2.1905 -2.1886 -2.1903 -2.1906 -2.1828 -2.1819 -2.1935 -2.2057 -2.2069 -2.1908 -2.1662 -2.1410 -2.1200 -2.1072 -2.1023 -2.0957 -2.0796 -2.0519 -2.0247 -2.0061 -1.9849 -1.9638 -1.9533 -1.9291 -1.8928 -1.9100 -1.8758 -1.6720 -1.7894 -2.6042 -3.9296 -5.0719 -5.3087 -5.1458 -5.1249 -5.2782 -5.0716 -3.9649 -2.6343 -1.7691 -1.6117 -1.8119 -1.8819 -1.9290 -2.0401 -2.1290 -2.1950 -2.2675 -2.3202 -2.3286 -2.2862 -2.2145 -2.1411 -2.0775 -2.0344 -2.0209 -2.0243 -2.0332 -2.0571 -2.0820 -2.0783 -2.0696 -2.0720 -2.0506 -2.0222 -2.0363 -2.0614 -2.0723 -2.0991 -2.1409 -2.1718 -2.1779 -2.1576 -2.1245 -2.0888 -2.0520 -1.9908 -1.9074 -1.8426 -1.7644 -1.6550 -1.7020 -2.0516 -2.7067 -3.4095 -3.8393 -3.8952 -3.5514 -2.8566 -2.1445 -1.7577 -1.6951 -1.7911 -1.8076 -1.7864 -1.8199 -1.8354 -1.8116 -1.7943 -1.7926 -1.8060 -1.8436 -1.8953 -1.9370 -1.9625 -1.9670 -1.9387 -1.9000 -1.8889 -1.8894 -1.8840 -1.8789 -1.8555 -1.7997 -1.7905 -1.8521 -1.8936 -1.9077 -1.9319 -1.9562 -1.9717 -1.9852 -1.9827 -1.9537 -1.9359 -1.9472 -1.9673 -1.9714 -1.9467 -1.9193 -1.8864 -1.8104 -1.6883 -1.5514
-1.6748 -1.9299 -2.0853 -2.1604 -2.1878 -2.2195 -2.2713 -2.3258 -2.3731 -2.4112 -2.4466 -2.4813 -2.5128 -2.5380 -2.5559 -2.5700 -2.5846 -2.6021 -2.6137 -2.6165 -2.6189 -2.5992 -2.5378 -2.5020 -2.5102 -2.4893 -2.4558 -2.4657 -2.5194 -2.5961 -2.6663 -2.7284 -2.7803 -2.7745 -2.7069 -2.6272 -2.5343 -2.4111 -2.2658 -2.1439 -2.1065 -2.0857 -2.0367 -2.0972 -2.4218 -3.0943 -3.8375 -4.3114 -4.3323 -3.9140 -3.2362 -2.5629 -2.1367 -2.0920 -2.2581 -2.3210 -2.3267 -2.3485 -2.3339 -2.2881 -2.2526 -2.2228 -2.1937 -2.1765 -2.1746 -2.1831 -2.1880 -2.1859 -2.1887 -2.1900 -2.1821 -2.1845 -2.2010 -2.2115 -2.2094 -2.1950 -2.1685 -2.1392 -2.1232 -2.1135 -2.0998 -2.0873 -2.0765 -2.0624 -2.0451 -2.0241 -1.9932 -1.9646 -1.9580 -1.9377 -1.8983 -1.9189 -1.8878 -1.6717 -1.7958 -2.6529 -4.0165 -5.1731 -5.4023 -5.2268 -5.2195 -5.4497 -5.3092 -4.1547 -2.7183 -1.7678 -1.5952 -1.8209 -1.9008 -1.9444 -2.0510 -2.1436 -2.2203 -2.3037 -2.3594 -2.3628 -2.3150 -2.2400 -2.1633 -2.0904 -2.0333 -2.0097 -2.0115 -2.0267 -2.0575 -2.0874 -2.0894 -2.0819 -2.0796 -2.0567 -2.0306 -2.0449 -2.0710 -2.0852 -2.1123 -2.1486 -2.1698 -2.1714 -2.1533 -2.1151 -2.0730 -2.0416 -1.9866 -1.8995 -1.8218 -1.7349 -1.6309 -1.6710 -2.0034 -2.6732 -3.4019 -3.8334 -3.8935 -3.5658 -2.8767 -2.1565 -1.7547 -1.6771 -1.7645 -1.7828 -1.7632 -1.7893 -1.7967 -1.7686 -1.7490 -1.7497 -1.7738 -1.8316 -1.9047 -1.9547 -1.9721 -1.9599 -1.9263 -1.8907 -1.8744 -1.8726 -1.8748 -1.8725 -1.8450 -1.7847 -1.7711 -1.8290 -1.8705 -1.8870 -1.9132 -1.9403 -1.9595 -1.9732 -1.9667 -1.9312 -1.9085 -1.9213 -1.9529 -1.9665 -1.9413 -1.9262 -1.9107 -1.8173 -1.6654 nan
-1.6421 -1.9097 -2.0765 -2.1541 -2.1944 -2.2342 -2.2850 -2.3377 -2.3832 -2.4142 -2.4281 -2.4389 -2.4667 -2.4987 -2.5219 -2.5396 -2.5549 -2.5685 -2.5791 -2.5857 -2.5872 -2.5692 -2.5228 -2.4934 -2.4964 -2.4890 -2.4774 -2.4901 -2.5269 -2.5824 -2.6520 -2.7224 -2.7711 -2.7634 -2.7031 -2.6340 -2.5460 -2.4192 -2.2761 -2.1664 -2.1409 -2.1158 -2.0446 -2.0998 -2.4375 -3.1126 -3.8461 -4.3065 -4.3183 -3.9006 -3.2340 -2.5693 -2.1403 -2.0890 -2.2615 -2.3562 -2.3837 -2.3958 -2.3628 -2.3001 -2.2487 -2.2104 -2.1817 -2.1664 -2.1668 -2.1795 -2.1857 -2.1808 -2.1817 -2.1846 -2.1814 -2.1875 -2.2025 -2.2043 -2.1974 -2.1910 -2.1708 -2.1400 -2.1222 -2.1079 -2.0848 -2.0679 -2.0635 -2.0634 -2.0537 -2.0262 -1.9899 -1.9614 -1.9535 -1.9349 -1.9005 -1.9164 -1.8832 -1.6855 -1.7900 -2.5635 -3.8492 -4.9754 -5.2255 -5.0812 -5.0897 -5.3380 -5.2341 -4.1366 -2.7411 -1.7961 -1.6108 -1.8259 -1.9096 -1.9544 -2.0546 -2.1480 -2.2328 -2.3229 -2.3727 -2.3626 -2.3141 -2.2451 -2.1691 -2.0930 -2.0307 -2.0001 -1.9981 -2.0151 -2.0462 -2.0763 -2.0855 -2.0861 -2.0871 -2.0698 -2.0474 -2.0529 -2.0713 -2.0869 -2.1105 -2.1374 -2.1532 -2.1596 -2.1511 -2.1062 -2.0482 -2.0126 -1.9641 -1.8842 -1.8021 -1.7112 -1.6189 -1.6618 -1.9841 -2.6622 -3.4085 -3.8454 -3.9069 -3.5827 -2.8950 -2.1678 -1.7486 -1.6547 -1.7341 -1.7513 -1.7285 -1.7431 -1.7393 -1.7068 -1.6905 -1.6954 -1.7234 -1.8028 -1.9042 -1.9591 -1.9651 -1.9438 -1.9182 -1.8956 -1.8743 -1.8700 -1.8826 -1.8774 -1.8390 -1.7793 -1.7554 -1.7899 -1.8366 -1.8786 -1.9172 -1.9406 -1.9494 -1.9609 -1.9570 -1.9193 -1.8943 -1.9094 -1.9483 -1.9710 -1.9517 -1.9335 -1.9043 -1.7918 -1.6326 nan
-1.6615 -1.9223 -2.0684 -2.1369 -2.1853 -2.2328 -2.2826 -2.3286 -2.3703 -2.4033 -2.4146 -2.4171 -2.4379 -2.4685 -2.4949 -2.5140 -2.5270 -2.5364 -2.5433 -2.5489 -2.5544 -2.5466 -2.5125 -2.4757 -2.4576 -2.4621 -2.4812 -2.5036 -2.5281 -2.5649 -2.6310 -2.7032 -2.7440 -2.7375 -2.6919 -2.6340 -2.5528 -2.4331 -2.2971 -2.1953 -2.1785 -2.1504 -2.0591 -2.1003 -2.4385 -3.1176 -3.8450 -4.2868 -4.2880 -3.8730 -3.2124 -2.5517 -2.1239 -2.0742 -2.2555 -2.3706 -2.4123 -2.4214 -2.3791 -2.3072 -2.2481 -2.2039 -2.1715 -2.1553 -2.1587 -2.1775 -2.1836 -2.1714 -2.1696 -2.1752 -2.1748 -2.1788 -2.1874 -2.1851 -2.1785 -2.1764 -2.1622 -2.1355 -2.1150 -2.0951 -2.0685 -2.0499 -2.0462 -2.0509 -2.0450 -2.0176 -1.9852 -1.9616 -1.9504 -1.9320 -1.9067 -1.9216 -1.8920 -1.7202 -1.7692 -2.3644 -3.4771 -4.5159 -4.7791 -4.6806 -4.6997 -4.9002 -4.7901 -3.8433 -2.6419 -1.8185 -1.6491 -1.8341 -1.9193 -1.9726 -2.0688 -2.1586 -2.2415 -2.3264 -2.3660 -2.3463 -2.3001 -2.2358 -2.1566 -2.0822 -2.0275 -1.9980 -1.9929 -2.0070 -2.0304 -2.0519 -2.0620 -2.0690 -2.0772 -2.0712 -2.0554 -2.0497 -2.0573 -2.0742 -2.0932 -2.1109 -2.1268 -2.1410 -2.1400 -2.0921 -2.0234 -1.9806 -1.9357 -1.8672 -1.7888 -1.6985 -1.6144 -1.6627 -1.9835 -2.6633 -3.4145 -3.8536 -3.9100 -3.5807 -2.9049 -2.1873 -1.7536 -1.6396 -1.7063 -1.7175 -1.6899 -1.6968 -1.6882 -1.6573 -1.6488 -1.6606 -1.6919 -1.7802 -1.8914 -1.9426 -1.9431 -1.9268 -1.9138 -1.8998 -1.8720 -1.8633 -1.8820 -1.8749 -1.8306 -1.7737 -1.7402 -1.7515 -1.8000 -1.8618 -1.9080 -1.9245 -1.9204 -1.9281 -1.9327 -1.9100 -1.8926 -1.9049 -1.9432 -1.9745 -1.9682 -1.9386 -1.8775 -1.7530 -1.6069 nan
-1.7208 -1.9510 -2.0563 -2.1153 -2.1650 -2.2157 -2.2629 -2.2961 -2.3291 -2.3702 -2.4012 -2.4181 -2.4311 -2.4516 -2.4799 -2.4975 -2.5039 -2.5094 -2.5115 -2.5118 -2.5210 -2.5238 -2.4967 -2.4504 -2.4133 -2.4225 -2.4619 -2.4946 -2.5198 -2.5531 -2.6156 -2.6807 -2.7101 -2.7054 -2.6750 -2.6255 -2.5537 -2.4546 -2.3311 -2.2282 -2.2093 -2.1770 -2.0751 -2.1005 -2.4241 -3.0971 -3.8187 -4.2489 -4.2453 -3.8321 -3.1702 -2.5091 -2.0875 -2.0512 -2.2445 -2.3600 -2.4012 -2.4162 -2.3791 -2.3096 -2.2524 -2.2065 -2.1684 -2.1477 -2.1517 -2.1750 -2.1787 -2.1565 -2.1520 -2.1603 -2.1583 -2.1538 -2.1540 -2.1573 -2.1579 -2.1513 -2.1387 -2.1221 -2.1021 -2.0799 -2.0574 -2.0397 -2.0295 -2.0258 -2.0195 -2.0038 -1.9836 -1.9654 -1.9524 -1.9344 -1.9172 -1.9393 -1.9221 -1.7672 -1.7395 -2.1288 -3.0297 -3.9405 -4.1908 -4.1300 -4.1518 -4.2579 -4.1022 -3.3464 -2.4280 -1.8108 -1.6942 -1.8500 -1.9364 -2.0024 -2.0988 -2.1806 -2.2490 -2.3158 -2.3452 -2.3263 -2.2828 -2.2158 -2.1286 -2.0592 -2.0213 -2.0000 -1.9935 -2.0015 -2.0123 -2.0190 -2.0216 -2.0286 -2.0429 -2.0505 -2.0451 -2.0317 -2.0304 -2.0485 -2.0631 -2.0734 -2.0923 -2.1121 -2.1131 -2.0705 -2.0062 -1.9595 -1.9136 -1.8533 -1.7848 -1.6996 -1.6140 -1.6647 -1.9924 -2.6690 -3.4116 -3.8459 -3.8928 -3.5570 -2.9028 -2.2084 -1.7668 -1.6329 -1.6843 -1.6885 -1.6583 -1.6638 -1.6590 -1.6372 -1.6386 -1.6602 -1.6979 -1.7778 -1.8704 -1.9104 -1.9145 -1.9126 -1.9070 -1.8895 -1.8554 -1.8417 -1.8588 -1.8537 -1.8133 -1.7588 -1.7215 -1.7230 -1.7647 -1.8226 -1.8634 -1.8745 -1.8664 -1.8717 -1.8877 -1.8967 -1.8979 -1.9039 -1.9353 -1.9724 -1.9800 -1.9382 -1.8475 -1.7293 -1.6113 nan
-1.8030 -1.9921 -2.0486 -2.1043 -2.1601 -2.2099 -2.2483 -2.2740 -2.3024 -2.3437 -2.3870 -2.4166 -2.4218 -2.4261 -2.4442 -2.4577 -2.4644 -2.4727 -2.4765 -2.4755 -2.4841 -2.4922 -2.4773 -2.4345 -2.3900 -2.4007 -2.4471 -2.4799 -2.5053 -2.5397 -2.5943 -2.6464 -2.6694 -2.6752 -2.6653 -2.6231 -2.5561 -2.4743 -2.3655 -2.2632 -2.2318 -2.1896 -2.0892 -2.1074 -2.4120 -3.0704 -3.7868 -4.2216 -4.2299 -3.8313 -3.1799 -2.5141 -2.0744 -2.0322 -2.2248 -2.3206 -2.3472 -2.3703 -2.3488 -2.2942 -2.2490 -2.2098 -2.1708 -2.1420 -2.1379 -2.1611 -2.1643 -2.1371 -2.1280 -2.1348 -2.1332 -2.1245 -2.1186 -2.1265 -2.1325 -2.1205 -2.1107 -2.1063 -2.0894 -2.0656 -2.0463 -2.0308 -2.0155 -1.9983 -1.9873 -1.9856 -1.9756 -1.9583 -1.9478 -1.9333 -1.9177 -1.9413 -1.9319 -1.7893 -1.7238 -1.9992 -2.7639 -3.5793 -3.8185 -3.7859 -3.8078 -3.8341 -3.6215 -2.9726 -2.2422 -1.7821 -1.7233 -1.8716 -1.9549 -2.0249 -2.1218 -2.1934 -2.2431 -2.2906 -2.3129 -2.2977 -2.2535 -2.1823 -2.0951 -2.0327 -2.0048 -1.9871 -1.9780 -1.9801 -1.9837 -1.9837 -1.9815 -1.9858 -2.0011 -2.0192 -2.0255 -2.0097 -2.0021 -2.0184 -2.0260 -2.0270 -2.0448 -2.0676 -2.0742 -2.0463 -1.9981 -1.9550 -1.9043 -1.8419 -1.7858 -1.7116 -1.6176 -1.6704 -2.0154 -2.6865 -3.4092 -3.8345 -3.8800 -3.5441 -2.8881 -2.1912 -1.7483 -1.6139 -1.6666 -1.6762 -1.6484 -1.6496 -1.6455 -1.6317 -1.6412 -1.6722 -1.7178 -1.7863 -1.8567 -1.8903 -1.8977 -1.8962 -1.8831 -1.8577 -1.8263 -1.8153 -1.8280 -1.8208 -1.7821 -1.7292 -1.6940 -1.6952 -1.7250 -1.7655 -1.7970 -1.8112 -1.8136 -1.8240 -1.8479 -1.8787 -1.8984 -1.9101 -1.9405 -1.9750 -1.9798 -1.9282 -1.8368 -1.7586 -1.6776 -1.5647
-1.9232 -2.0703 -2.0589 -2.1057 -2.1772 -2.2257 -2.2482 -2.2775 -2.3105 -2.3397 -2.3730 -2.3992 -2.3978 -2.3858 -2.3828 -2.3917 -2.4085 -2.4256 -2.4371 -2.4421 -2.4452 -2.4511 -2.4569 -2.4345 -2.3955 -2.4081 -2.4507 -2.4691 -2.4849 -2.5173 -2.5601 -2.5989 -2.6238 -2.6485 -2.6626 -2.6286 -2.5609 -2.4846 -2.3897 -2.2962 -2.2478 -2.1898 -2.0984 -2.1186 -2.4081 -3.0515 -3.7676 -4.2217 -4.2555 -3.8815 -3.2498 -2.5768 -2.0989 -2.0275 -2.2005 -2.2633 -2.2664 -2.2936 -2.2914 -2.2593 -2.2323 -2.2067 -2.1741 -2.1355 -2.1150 -2.1317 -2.1385 -2.1166 -2.1018 -2.1006 -2.1019 -2.0972 -2.0906 -2.0972 -2.1018 -2.0888 -2.0842 -2.0892 -2.0755 -2.0498 -2.0294 -2.0174 -2.0042 -1.9756 -1.9573 -1.9641 -1.9566 -1.9351 -1.9316 -1.9233 -1.9013 -1.9157 -1.9043 -1.7735 -1.7299 -2.0221 -2.7708 -3.5601 -3.8070 -3.7950 -3.8188 -3.8123 -3.5518 -2.8769 -2.1603 -1.7459 -1.7284 -1.8942 -1.9703 -2.0309 -2.1252 -2.1875 -2.2217 -2.2561 -2.2737 -2.2586 -2.2084 -2.1363 -2.0632 -2.0097 -1.9786 -1.9562 -1.9427 -1.9408 -1.9463 -1.9524 -1.9532 -1.9547 -1.9651 -1.9874 -2.0038 -1.9907 -1.9802 -1.9913 -1.9899 -1.9798 -1.9897 -2.0128 -2.0301 -2.0218 -1.9940 -1.9615 -1.9053 -1.8313 -1.7857 -1.7263 -1.6238 -1.6806 -2.0475 -2.7125 -3.4117 -3.8290 -3.8850 -3.5559 -2.8666 -2.1320 -1.6927 -1.5803 -1.6547 -1.6826 -1.6609 -1.6525 -1.6409 -1.6285 -1.6420 -1.6794 -1.7314 -1.7963 -1.8592 -1.8963 -1.9004 -1.8764 -1.8417 -1.8104 -1.7923 -1.7931 -1.8026 -1.7868 -1.7426 -1.6917 -1.6621 -1.6645 -1.6811 -1.7032 -1.7290 -1.7549 -1.7789 -1.8026 -1.8283 -1.8577 -1.8883 -1.9211 -1.9592 -1.9818 -1.9645 -1.9074 -1.8465 -1.8349 -1.7930 -1.6291
-2.1519 -2.2570 -2.1072 -2.0981 -2.1846 -2.2389 -2.2456 -2.2820 -2.3256 -2.3450 -2.3623 -2.3778 -2.3738 -2.3575 -2.3453 -2.3546 -2.3777 -2.3936 -2.4061 -2.4162 -2.4132 -2.4143 -2.4380 -2.4357 -2.4046 -2.4205 -2.4569 -2.4539 -2.4528 -2.4805 -2.5176 -2.5516 -2.5801 -2.6157 -2.6431 -2.6189 -2.5562 -2.4836 -2.4000 -2.3187 -2.2627 -2.1926 -2.1002 -2.1147 -2.3941 -3.0398 -3.7690 -4.2389 -4.2843 -3.9102 -3.2639 -2.5845 -2.1176 -2.0429 -2.1913 -2.2241 -2.2065 -2.2306 -2.2404 -2.2258 -2.2116 -2.1958 -2.1692 -2.1256 -2.0917 -2.0968 -2.1081 -2.1018 -2.0861 -2.0721 -2.0671 -2.0653 -2.0650 -2.0711 -2.0720 -2.0595 -2.0554 -2.0595 -2.0460 -2.0209 -2.0016 -1.9969 -1.9919 -1.9594 -1.9346 -1.9422 -1.9331 -1.9093 -1.9124 -1.9075 -1.8773 -1.8843 -1.8736 -1.7536 -1.7367 -2.0645 -2.8302 -3.6242 -3.8876 -3.8933 -3.9224 -3.9044 -3.6063 -2.8682 -2.1164 -1.7173 -1.7281 -1.9103 -1.9824 -2.0325 -2.1198 -2.1765 -2.2033 -2.2270 -2.2362 -2.2154 -2.1568 -2.0869 -2.0343 -1.9928 -1.9585 -1.9345 -1.9195 -1.9130 -1.9199 -1.9326 -1.9355 -1.9333 -1.9380 -1.9595 -1.9806 -1.9725 -1.9634 -1.9715 -1.9658 -1.9501 -1.9522 -1.9708 -1.9916 -1.9933 -1.9785 -1.9563 -1.8999 -1.8184 -1.7765 -1.7273 -1.6286 -1.6909 -2.0648 -2.7229 -3.4110 -3.8298 -3.8953 -3.5681 -2.8550 -2.0958 -1.6605 -1.5657 -1.6564 -1.6930 -1.6723 -1.6598 -1.6424 -1.6258 -1.6390 -1.6784 -1.7330 -1.8030 -1.8729 -1.9142 -1.9091 -1.8613 -1.8082 -1.7743 -1.7676 -1.7786 -1.7870 -1.7653 -1.7187 -1.6734 -1.6462 -1.6406 -1.6453 -1.6586 -1.6839 -1.7186 -1.7573 -1.7926 -1.8192 -1.8388 -1.8726 -1.9224 -1.9620 -1.9705 -1.9383 -1.8794 -1.8398 -1.8735 -1.8681 -1.6898
-2.4709 -2.5352 -2.1876 -2.0769 -2.1704 -2.2388 -2.2349 -2.2741 -2.3277 -2.3489 -2.3583 -2.3643 -2.3607 -2.3537 -2.3535 -2.3684 -2.3857 -2.3863 -2.3885 -2.3989 -2.3929 -2.3907 -2.4210 -2.4262 -2.3981 -2.4182 -2.4521 -2.4312 -2.4142 -2.4379 -2.4770 -2.5137 -2.5427 -2.5747 -2.6006 -2.5891 -2.5427 -2.4772 -2.4008 -2.3298 -2.2812 -2.2077 -2.0987 -2.0947 -2.3702 -3.0391 -3.7918 -4.2608 -4.2915 -3.8841 -3.1807 -2.4992 -2.1099 -2.0728 -2.2014 -2.2165 -2.1882 -2.2041 -2.2140 -2.2048 -2.1931 -2.1784 -2.1541 -2.1139 -2.0771 -2.0690 -2.0815 -2.0939 -2.0827 -2.0555 -2.0343 -2.0303 -2.0408 -2.0497 -2.0481 -2.0355 -2.0250 -2.0177 -2.0016 -1.9807 -1.9665 -1.9705 -1.9755 -1.9475 -1.9205 -1.9226 -1.9115 -1.8905 -1.8966 -1.8900 -1.8541 -1.8620 -1.8599 -1.7485 -1.7313 -2.0494 -2.8097 -3.6091 -3.8876 -3.9116 -3.9522 -3.9263 -3.5986 -2.8224 -2.0671 -1.7033 -1.7333 -1.9158 -1.9899 -2.0367 -2.1149 -2.1700 -2.1958 -2.2078 -2.2042 -2.1748 -2.1098 -2.0439 -2.0091 -1.9803 -1.9492 -1.9312 -1.9198 -1.9083 -1.9117 -1.9244 -1.9243 -1.9180 -1.9202 -1.9384 -1.9579 -1.9549 -1.9508 -1.9591 -1.9553 -1.9423 -1.9416 -1.9526 -1.9644 -1.9612 -1.9470 -1.9302 -1.8810 -1.8040 -1.7595 -1.7124 -1.6308 -1.6986 -2.0591 -2.7119 -3.4073 -3.8368 -3.9035 -3.5701 -2.8616 -2.1115 -1.6776 -1.5831 -1.6729 -1.6996 -1.6723 -1.6659 -1.6503 -1.6274 -1.6374 -1.6746 -1.7274 -1.8064 -1.8894 -1.9291 -1.9121 -1.8529 -1.7954 -1.7635 -1.7597 -1.7718 -1.7798 -1.7591 -1.7182 -1.6826 -1.6524 -1.6294 -1.6273 -1.6451 -1.6736 -1.7083 -1.7467 -1.7856 -1.8136 -1.8262 -1.8566 -1.9073 -1.9369 -1.9371 -1.9123 -1.8557 -1.8090 -1.8478 -1.8786 -1.7523
-2.7096 -2.7382 -2.2501 -2.0686 -2.1617 -2.2413 -2.2339 -2.2646 -2.3178 -2.3499 -2.3640 -2.3652 -2.3583 -2.3590 -2.3748 -2.3917 -2.3956 -2.3817 -2.3752 -2.3845 -2.3807 -2.3786 -2.4033 -2.4028 -2.3733 -2.3954 -2.4310 -2.4090 -2.3929 -2.4191 -2.4543 -2.4847 -2.5109 -2.5376 -2.5613 -2.5675 -2.5429 -2.4834 -2.4075 -2.3419 -2.3056 -2.2348 -2.1089 -2.0906 -2.3703 -3.0621 -3.8264 -4.2764 -4.2828 -3.8467 -3.1004 -2.4226 -2.1013 -2.0955 -2.2077 -2.2140 -2.1843 -2.1961 -2.2010 -2.1880 -2.1751 -2.1602 -2.1384 -2.1091 -2.0799 -2.0625 -2.0679 -2.0843 -2.0738 -2.0415 -2.0140 -2.0097 -2.0253 -2.0349 -2.0320 -2.0199 -2.0028 -1.9849 -1.9694 -1.9542 -1.9409 -1.9445 -1.9526 -1.9331 -1.9108 -1.9081 -1.8956 -1.8781 -1.8848 -1.8749 -1.8357 -1.8468 -1.8523 -1.7445 -1.7194 -2.0200 -2.7702 -3.5710 -3.8583 -3.9020 -3.9657 -3.9388 -3.5854 -2.7804 -2.0279 -1.6972 -1.7379 -1.9129 -1.9892 -2.0387 -2.1139 -2.1669 -2.1868 -2.1852 -2.1726 -2.1429 -2.0792 -2.0168 -1.9894 -1.9645 -1.9343 -1.9220 -1.9159 -1.9037 -1.9051 -1.9159 -1.9126 -1.9054 -1.9099 -1.9258 -1.9416 -1.9435 -1.9430 -1.9478 -1.9445 -1.9370 -1.9390 -1.9453 -1.9460 -1.9331 -1.9144 -1.8987 -1.8590 -1.7948 -1.7508 -1.7027 -1.6342 -1.7038 -2.0509 -2.7063 -3.4154 -3.8504 -3.9148 -3.5794 -2.8792 -2.1379 -1.7023 -1.6053 -1.6928 -1.7090 -1.6759 -1.6791 -1.6698 -1.6441 -1.6509 -1.6847 -1.7334 -1.8131 -1.8974 -1.9298 -1.9036 -1.8418 -1.7914 -1.7683 -1.7631 -1.7680 -1.7708 -1.7530 -1.7210 -1.6925 -1.6602 -1.6292 -1.6315 -1.6597 -1.6885 -1.7188 -1.7536 -1.7889 -1.8128 -1.8208 -1.8441 -1.8848 -1.9056 -1.9105 -1.9082 -1.8597 -1.8005 -1.8367 -1.9186 -1.8775
-2.7468 -2.7533 -2.2572 -2.0823 -2.1700 -2.2498 -2.2441 -2.2573 -2.2984 -2.3423 -2.3684 -2.3702 -2.3565 -2.3571 -2.3816 -2.3927 -2.3817 -2.3640 -2.3580 -2.3663 -2.3682 -2.3694 -2.3819 -2.3704 -2.3401 -2.3605 -2.3977 -2.3897 -2.3909 -2.4243 -2.4451 -2.4566 -2.4798 -2.5067 -2.5323 -2.5571 -2.5530 -2.4975 -2.4198 -2.3565 -2.3291 -2.2629 -2.1304 -2.1090 -2.3952 -3.0961 -3.8547 -4.2795 -4.2696 -3.8319 -3.0847 -2.4128 -2.1050 -2.0983 -2.1980 -2.1996 -2.1731 -2.1887 -2.1883 -2.1667 -2.1535 -2.1411 -2.1229 -2.1072 -2.0919 -2.0729 -2.0648 -2.0659 -2.0503 -2.0235 -2.0056 -2.0047 -2.0156 -2.0212 -2.0177 -2.0068 -1.9875 -1.9667 -1.9572 -1.9467 -1.9257 -1.9176 -1.9208 -1.9097 -1.8967 -1.8934 -1.8798 -1.8640 -1.8707 -1.8601 -1.8210 -1.8340 -1.8417 -1.7333 -1.7071 -2.0078 -2.7576 -3.5566 -3.8431 -3.8999 -3.9858 -3.9585 -3.5878 -2.7730 -2.0189 -1.6898 -1.7318 -1.9068 -1.9828 -2.0347 -2.1125 -2.1586 -2.1642 -2.1489 -2.1336 -2.1127 -2.0578 -1.9992 -1.9698 -1.9401 -1.9064 -1.8955 -1.8935 -1.8848 -1.8874 -1.8977 -1.8941 -1.8899 -1.8996 -1.9141 -1.9263 -1.9336 -1.9352 -1.9312 -1.9236 -1.9193 -1.9257 -1.9324 -1.9283 -1.9099 -1.8874 -1.8715 -1.8407 -1.7914 -1.7536 -1.7058 -1.6392 -1.7027 -2.0399 -2.7059 -3.4305 -3.8629 -3.9275 -3.6011 -2.8989 -2.1485 -1.7085 -1.6139 -1.7064 -1.7220 -1.6885 -1.6979 -1.6960 -1.6737 -1.6785 -1.7087 -1.7532 -1.8203 -1.8876 -1.9104 -1.8815 -1.8227 -1.7847 -1.7742 -1.7664 -1.7598 -1.7542 -1.7396 -1.7163 -1.6903 -1.6603 -1.6376 -1.6516 -1.6859 -1.7075 -1.7311 -1.7647 -1.7929 -1.8087 -1.8155 -1.8317 -1.8590 -1.8781 -1.8981 -1.9204 -1.8845 -1.8223 -1.8621 -1.9969 -2.0352
-2.5602 -2.5728 -2.1973 -2.0952 -2.1783 -2.2447 -2.2393 -2.2424 -2.2714 -2.3129 -2.3407 -2.3443 -2.3319 -2.3355 -2.3620 -2.3644 -2.3434 -2.3317 -2.3318 -2.3369 -2.3409 -2.3460 -2.3542 -2.3453 -2.3260 -2.3418 -2.3688 -2.3658 -2.3753 -2.4072 -2.4132 -2.4122 -2.4390 -2.4671 -2.4873 -2.5179 -2.5265 -2.4803 -2.4115 -2.3564 -2.3312 -2.2666 -2.1387 -2.1145 -2.3918 -3.0895 -3.8474 -4.2712 -4.2687 -3.8474 -3.1159 -2.4414 -2.1095 -2.0859 -2.1806 -2.1765 -2.1492 -2.1695 -2.1648 -2.1345 -2.1218 -2.1115 -2.0933 -2.0846 -2.0807 -2.0677 -2.0516 -2.0365 -2.0185 -2.0015 -1.9918 -1.9900 -1.9925 -1.9926 -1.9877 -1.9773 -1.9596 -1.9426 -1.9404 -1.9304 -1.8965 -1.8765 -1.8773 -1.8719 -1.8645 -1.8612 -1.8459 -1.8300 -1.8398 -1.8345 -1.8013 -1.8176 -1.8261 -1.7189 -1.6984 -2.0096 -2.7674 -3.5661 -3.8419 -3.8833 -3.9521 -3.9029 -3.5426 -2.7963 -2.0594 -1.6712 -1.7028 -1.9065 -1.9831 -2.0247 -2.0955 -2.1285 -2.1192 -2.0961 -2.0779 -2.0581 -2.0109 -1.9607 -1.9345 -1.9065 -1.8751 -1.8660 -1.8646 -1.8552 -1.8563 -1.8660 -1.8643 -1.8634 -1.8745 -1.8828 -1.8893 -1.9049 -1.9135 -1.9043 -1.8915 -1.8851 -1.8882 -1.8954 -1.8968 -1.8810 -1.8588 -1.8467 -1.8240 -1.7839 -1.7503 -1.7047 -1.6408 -1.6855 -1.9920 -2.6654 -3.4161 -3.8548 -3.9278 -3.6165 -2.9119 -2.1487 -1.7026 -1.6096 -1.7078 -1.7283 -1.6964 -1.7055 -1.7086 -1.6934 -1.6957 -1.7203 -1.7605 -1.8107 -1.8553 -1.8722 -1.8488 -1.7973 -1.7683 -1.7631 -1.7503 -1.7371 -1.7320 -1.7260 -1.7122 -1.6884 -1.6637 -1.6517 -1.6668 -1.6900 -1.6957 -1.7072 -1.7356 -1.7611 -1.7780 -1.7908 -1.8057 -1.8244 -1.8431 -1.8705 -1.9013 -1.8757 -1.8179 -1.8442 -1.9789 -2.0512
-2.2287 -2.2877 -2.1020 -2.0914 -2.1714 -2.2201 -2.2161 -2.2225 -2.2456 -2.2714 -2.2887 -2.2932 -2.2901 -2.3009 -2.3259 -2.3212 -2.2977 -2.2970 -2.3049 -2.3056 -2.3061 -2.3128 -2.3270 -2.3362 -2.3378 -2.3460 -2.3501 -2.3374 -2.3391 -2.3582 -2.3568 -2.3585 -2.3950 -2.4224 -2.4294 -2.4509 -2.4619 -2.4305 -2.3841 -2.3464 -2.3192 -2.2522 -2.1340 -2.0995 -2.3480 -3.0333 -3.8027 -4.2541 -4.2781 -3.8759 -3.1569 -2.4715 -2.1058 -2.0658 -2.1619 -2.1514 -2.1178 -2.1392 -2.1324 -2.0986 -2.0885 -2.0799 -2.0584 -2.0481 -2.0485 -2.0448 -2.0307 -2.0101 -1.9963 -1.9873 -1.9764 -1.9683 -1.9644 -1.9598 -1.9519 -1.9402 -1.9263 -1.9167 -1.9185 -1.9039 -1.8579 -1.8331 -1.8379 -1.8343 -1.8258 -1.8208 -1.8036 -1.7876 -1.8020 -1.8049 -1.7803 -1.8008 -1.8098 -1.7037 -1.6885 -2.0102 -2.7809 -3.5845 -3.8429 -3.8355 -3.8534 -3.8329 -3.5955 -2.9999 -2.2480 -1.6811 -1.6593 -1.9161 -1.9980 -2.0151 -2.0630 -2.0769 -2.0577 -2.0354 -2.0127 -1.9833 -1.9403 -1.9039 -1.8902 -1.8727 -1.8495 -1.8443 -1.8420 -1.8277 -1.8238 -1.8315 -1.8320 -1.8329 -1.8405 -1.8398 -1.8398 -1.8620 -1.8796 -1.8721 -1.8581 -1.8469 -1.8395 -1.8456 -1.8601 -1.8520 -1.8319 -1.8260 -1.8107 -1.7747 -1.7412 -1.6995 -1.6434 -1.6585 -1.9088 -2.5802 -3.3653 -3.8224 -3.9076 -3.6093 -2.9085 -2.1432 -1.6965 -1.6042 -1.7044 -1.7290 -1.6973 -1.7005 -1.7051 -1.6967 -1.6961 -1.7146 -1.7509 -1.7855 -1.8097 -1.8232 -1.8099 -1.7704 -1.7455 -1.7364 -1.7190 -1.7085 -1.7160 -1.7244 -1.7204 -1.6997 -1.6787 -1.6698 -1.6705 -1.6685 -1.6547 -1.6510 -1.6694 -1.6986 -1.7273 -1.7483 -1.7645 -1.7798 -1.7972 -1.8203 -1.8412 -1.8191 -1.7666 -1.7573 -1.8298 -1.8835
-1.9607 -2.1139 -2.0604 -2.0686 -2.1401 -2.1929 -2.2064 -2.2195 -2.2392 -2.2603 -2.2762 -2.2818 -2.2778 -2.2869 -2.3106 -2.3046 -2.2827 -2.2891 -2.3034 -2.3048 -2.3015 -2.3041 -2.3196 -2.3390 -2.3510 -2.3464 -2.3303 -2.3158 -2.3151 -2.3246 -2.3255 -2.3369 -2.3775 -2.4038 -2.4057 -2.4187 -2.4259 -2.4042 -2.3797 -2.3638 -2.3404 -2.2711 -2.1543 -2.1014 -2.3162 -2.9840 -3.7597 -4.2323 -4.2695 -3.8693 -3.1530 -2.4662 -2.0918 -2.0468 -2.1431 -2.1328 -2.0970 -2.1155 -2.1110 -2.0845 -2.0828 -2.0800 -2.0603 -2.0488 -2.0482 -2.0467 -2.0372 -2.0224 -2.0146 -2.0083 -1.9945 -1.9841 -1.9800 -1.9719 -1.9586 -1.9440 -1.9336 -1.9295 -1.9277 -1.9058 -1.8578 -1.8351 -1.8427 -1.8388 -1.8272 -1.8189 -1.8027 -1.7895 -1.8021 -1.8028 -1.7791 -1.7998 -1.8040 -1.6870 -1.6617 -1.9824 -2.7655 -3.5809 -3.8242 -3.7539 -3.7584 -4.0188 -4.1853 -3.7428 -2.7872 -1.8270 -1.6400 -1.9330 -2.0271 -2.0205 -2.0363 -2.0292 -2.0053 -1.9893 -1.9685 -1.9364 -1.9022 -1.8804 -1.8752 -1.8597 -1.8361 -1.8339 -1.8365 -1.8251 -1.8198 -1.8241 -1.8242 -1.8260 -1.8335 -1.8338 -1.8326 -1.8460 -1.8573 -1.8535 -1.8467 -1.8391 -1.8284 -1.8356 -1.8587 -1.8524 -1.8267 -1.8181 -1.8083 -1.7836 -1.7547 -1.7162 -1.6658 -1.6515 -1.8462 -2.5085 -3.3177 -3.7859 -3.8695 -3.5692 -2.8786 -2.1329 -1.7051 -1.6222 -1.7213 -1.7418 -1.7059 -1.7058 -1.7094 -1.7019 -1.7014 -1.7192 -1.7521 -1.7737 -1.7790 -1.7804 -1.7712 -1.7493 -1.7334 -1.7234 -1.7088 -1.7084 -1.7307 -1.7519 -1.7547 -1.7335 -1.7073 -1.6900 -1.6779 -1.6623 -1.6386 -1.6260 -1.6382 -1.6721 -1.7063 -1.7198 -1.7235 -1.7312 -1.7509 -1.7756 -1.7880 -1.7627 -1.7069 -1.6651 -1.6746 -1.6950
-1.8410 -2.1129 -2.0972 -2.0440 -2.0986 -2.1728 -2.2124 -2.2258 -2.2401 -2.2702 -2.2954 -2.2999 -2.2832 -2.2822 -2.3071 -2.3045 -2.2838 -2.2906 -2.3088 -2.3157 -2.3087 -2.3019 -2.3117 -2.3256 -2.3276 -2.3095 -2.2880 -2.2849 -2.2916 -2.2990 -2.3075 -2.3281 -2.3655 -2.3893 -2.3938 -2.4041 -2.4086 -2.3932 -2.3847 -2.3873 -2.3738 -2.3082 -2.1920 -2.1282 -2.3227 -2.9735 -3.7448 -4.2220 -4.2468 -3.8192 -3.0868 -2.4110 -2.0669 -2.0275 -2.1118 -2.1076 -2.0776 -2.0889 -2.0883 -2.0765 -2.0852 -2.0917 -2.0814 -2.0728 -2.0683 -2.0617 -2.0558 -2.0522 -2.0477 -2.0389 -2.0253 -2.0180 -2.0170 -2.0084 -1.9920 -1.9750 -1.9654 -1.9610 -1.9490 -1.9213 -1.8836 -1.8665 -1.8699 -1.8641 -1.8506 -1.8382 -1.8257 -1.8184 -1.8226 -1.8102 -1.7800 -1.7973 -1.7959 -1.6674 -1.6295 -1.9449 -2.7381 -3.5659 -3.7956 -3.6618 -3.6950 -4.4182 -5.1585 -4.8111 -3.5150 -2.0727 -1.6550 -1.9430 -2.0427 -2.0160 -2.0003 -1.9772 -1.9545 -1.9467 -1.9343 -1.9103 -1.8882 -1.8762 -1.8712 -1.8489 -1.8186 -1.8187 -1.8304 -1.8284 -1.8266 -1.8287 -1.8270 -1.8284 -1.8386 -1.8499 -1.8540 -1.8465 -1.8376 -1.8365 -1.8417 -1.8447 -1.8392 -1.8482 -1.8715 -1.8624 -1.8302 -1.8139 -1.8095 -1.8032 -1.7837 -1.7476 -1.7014 -1.6717 -1.8344 -2.4874 -3.3038 -3.7706 -3.8385 -3.5217 -2.8417 -2.1276 -1.7307 -1.6589 -1.7484 -1.7553 -1.7132 -1.7163 -1.7177 -1.7028 -1.7037 -1.7253 -1.7556 -1.7708 -1.7649 -1.7488 -1.7349 -1.7295 -1.7267 -1.7225 -1.7186 -1.7301 -1.7600 -1.7844 -1.7863 -1.7609 -1.7235 -1.6921 -1.6784 -1.6690 -1.6460 -1.6313 -1.6430 -1.6793 -1.7087 -1.7015 -1.6825 -1.6792 -1.7045 -1.7402 -1.7551 -1.7274 -1.6696 -1.6264 -1.6097 nan
-1.7771 -2.1290 -2.1453 -2.0568 -2.0899 -2.1581 -2.1942 -2.1947 -2.1964 -2.2222 -2.2403 -2.2351 -2.2150 -2.2165 -2.2453 -2.2416 -2.2168 -2.2231 -2.2441 -2.2522 -2.2352 -2.2184 -2.2328 -2.2398 -2.2191 -2.1999 -2.1927 -2.1939 -2.1963 -2.1984 -2.2078 -2.2328 -2.2709 -2.2867 -2.2777 -2.2817 -2.2948 -2.3015 -2.3096 -2.3172 -2.3072 -2.2583 -2.1771 -2.1448 -2.3512 -2.9929 -3.7622 -4.2536 -4.2578 -3.7727 -2.9915 -2.3218 -2.0311 -1.9937 -2.0398 -2.0358 -2.0139 -2.0138 -2.0102 -2.0044 -2.0134 -2.0240 -2.0247 -2.0179 -2.0092 -2.0038 -2.0026 -2.0023 -1.9965 -1.9856 -1.9739 -1.9644 -1.9585 -1.9558 -1.9495 -1.9352 -1.9223 -1.9106 -1.8891 -1.8627 -1.8411 -1.8265 -1.8166 -1.8059 -1.7916 -1.7753 -1.7650 -1.7630 -1.7629 -1.7444 -1.7138 -1.7325 -1.7415 -1.6437 -1.6392 -1.9750 -2.7784 -3.6034 -3.8082 -3.6152 -3.6298 -4.5584 -5.5564 -5.2203 -3.7820 -2.1857 -1.6740 -1.9184 -1.9833 -1.9263 -1.8910 -1.8670 -1.8535 -1.8523 -1.8441 -1.8229 -1.8017 -1.7889 -1.7839 -1.7699 -1.7530 -1.7592 -1.7695 -1.7642 -1.7638 -1.7713 -1.7721 -1.7700 -1.7739 -1.7874 -1.7972 -1.7840 -1.7684 -1.7690 -1.7765 -1.7786 -1.7690 -1.7728 -1.7951 -1.7982 -1.7851 -1.7815 -1.7868 -1.7893 -1.7726 -1.7407 -1.7094 -1.6936 -1.8620 -2.5165 -3.3351 -3.8050 -3.8661 -3.5352 -2.8533 -2.1480 -1.7571 -1.6702 -1.7293 -1.7190 -1.6777 -1.6893 -1.6878 -1.6594 -1.6542 -1.6740 -1.7028 -1.7265 -1.7331 -1.7168 -1.6976 -1.6912 -1.6895 -1.6896 -1.6947 -1.7112 -1.7352 -1.7446 -1.7329 -1.7055 -1.6673 -1.6329 -1.6270 -1.6271 -1.5993 -1.5764 -1.5858 -1.6229 -1.6518 -1.6403 -1.6193 -1.6181 -1.6450 -1.6828 -1.7046 -1.6924 -1.6680 -1.6816 -1.6739 -1.5794
nan -2.0543 -2.1272 -2.0766 -2.0993 -2.1338 -2.1383 -2.1237 -2.1193 -2.1346 -2.1289 -2.1050 -2.0999 -2.1225 -2.1530 -2.1415 -2.1094 -2.1149 -2.1393 -2.1480 -2.1202 -2.1004 -2.1393 -2.1522 -2.1102 -2.1018 -2.1142 -2.0950 -2.0747 -2.0731 -2.0769 -2.0965 -2.1357 -2.1374 -2.1024 -2.1020 -2.1331 -2.1628 -2.1772 -2.1768 -2.1710 -2.1527 -2.1229 -2.1248 -2.3331 -2.9602 -3.7523 -4.3068 -4.2898 -3.7019 -2.8494 -2.1988 -1.9924 -1.9666 -1.9641 -1.9559 -1.9392 -1.9201 -1.9089 -1.9062 -1.9077 -1.9158 -1.9246 -1.9165 -1.9052 -1.9116 -1.9128 -1.8995 -1.8919 -1.8886 -1.8785 -1.8607 -1.8464 -1.8538 -1.8613 -1.8449 -1.8281 -1.8158 -1.7890 -1.7648 -1.7586 -1.7440 -1.7179 -1.7026 -1.6925 -1.6774 -1.6621 -1.6530 -1.6530 -1.6443 -1.6281 -1.6518 -1.6755 -1.6321 -1.6737 -2.0141 -2.8144 -3.6421 -3.8491 -3.6445 -3.5862 -4.2988 -5.0449 -4.6221 -3.3525 -2.0650 -1.6691 -1.8534 -1.8624 -1.7808 -1.7431 -1.7255 -1.7203 -1.7254 -1.7178 -1.6927 -1.6691 -1.6561 -1.6547 -1.6574 -1.6629 -1.6750 -1.6775 -1.6634 -1.6639 -1.6793 -1.6814 -1.6722 -1.6656 -1.6752 -1.6880 -1.6778 -1.6669 -1.6726 -1.6761 -1.6665 -1.6468 -1.6446 -1.6685 -1.6883 -1.7036 -1.7286 -1.7447 -1.7385 -1.7175 -1.6970 -1.6907 -1.6953 -1.8653 -2.5036 -3.3299 -3.8567 -3.9349 -3.5578 -2.8393 -2.1276 -1.7451 -1.6462 -1.6744 -1.6522 -1.6184 -1.6403 -1.6355 -1.5934 -1.5819 -1.5987 -1.6231 -1.6543 -1.6791 -1.6769 -1.6576 -1.6387 -1.6321 -1.6374 -1.6461 -1.6566 -1.6632 -1.6513 -1.6271 -1.6061 -1.5786 -1.5502 -1.5539 -1.5608 -1.5260 -1.4908 -1.4907 -1.5221 -1.5536 -1.5577 -1.5628 -1.5812 -1.5944 -1.6087 -1.6327 -1.6447 -1.6727 -1.7770 -1.8035 -1.6205
nan -1.8649 -1.9677 -1.9917 -2.0440 -2.0752 -2.0723 -2.0724 -2.1038 -2.1537 -2.1419 -2.0977 -2.1177 -2.1658 -2.1862 -2.1662 -2.1338 -2.1331 -2.1623 -2.1909 -2.1726 -2.1662 -2.2471 -2.2900 -2.2484 -2.2444 -2.2443 -2.1699 -2.1227 -2.1430 -2.1509 -2.1503 -2.1673 -2.1537 -2.1190 -2.1406 -2.1809 -2.1787 -2.1565 -2.1491 -2.1799 -2.1987 -2.1529 -2.0634 -2.1481 -2.7163 -3.5848 -4.2988 -4.2537 -3.4881 -2.5821 -2.0262 -1.9717 -2.0146 -2.0046 -2.0077 -1.9880 -1.9355 -1.9286 -1.9576 -1.9661 -1.9724 -1.9851 -1.9745 -1.9635 -1.9836 -1.9747 -1.9306 -1.9332 -1.9583 -1.9475 -1.9280 -1.9253 -1.9382 -1.9288 -1.8782 -1.8664 -1.8914 -1.8618 -1.8203 -1.8236 -1.8160 -1.7861 -1.7755 -1.7824 -1.7833 -1.7493 -1.7013 -1.6918 -1.7050 -1.7175 -1.7362 -1.7328 -1.6729 -1.6391 -1.8401 -2.5908 -3.4901 -3.8245 -3.7443 -3.6599 -3.9499 -4.1437 -3.5356 -2.5568 -1.7969 -1.6247 -1.7752 -1.7916 -1.7443 -1.7185 -1.6852 -1.6653 -1.6830 -1.6879 -1.6707 -1.6771 -1.6957 -1.6978 -1.6807 -1.6604 -1.6627 -1.6781 -1.6912 -1.7048 -1.7105 -1.6937 -1.6756 -1.6804 -1.7094 -1.7235 -1.6768 -1.6420 -1.6662 -1.6838 -1.6770 -1.6714 -1.6864 -1.7131 -1.7055 -1.6901 -1.7171 -1.7311 -1.7048 -1.6866 -1.6922 -1.7029 -1.6658 -1.7286 -2.2565 -3.1013 -3.8203 -3.9414 -3.3906 -2.5723 -1.9016 -1.6361 -1.6272 -1.6823 -1.6643 -1.6335 -1.6616 -1.6531 -1.6069 -1.6164 -1.6508 -1.6597 -1.6535 -1.6431 -1.6323 -1.6200 -1.6115 -1.6265 -1.6541 -1.6654 -1.6616 -1.6527 -1.6482 -1.6492 -1.6476 -1.6227 -1.5842 -1.5861 -1.6059 -1.5906 -1.5594 -1.5406 -1.5485 -1.5652 -1.5727 -1.6075 -1.6515 -1.6219 -1.5745 -1.5853 -1.5894 -1.6086 -1.7489 -1.8163 -1.6302
nan -1.6848 -1.8176 -1.9368 -2.0608 -2.1345 -2.1599 -2.1963 -2.2865 -2.4048 -2.4121 -2.3568 -2.4010 -2.4676 -2.4717 -2.4492 -2.4248 -2.4110 -2.4419 -2.5052 -2.5170 -2.5327 -2.6431 -2.7130 -2.6870 -2.6858 -2.6583 -2.5223 -2.4563 -2.5147 -2.5369 -2.5115 -2.4914 -2.4676 -2.4603 -2.5195 -2.5543 -2.4785 -2.3934 -2.3845 -2.4668 -2.5146 -2.3987 -2.1288 -1.9936 -2.4341 -3.3527 -4.2339 -4.1619 -3.2347 -2.3587 -1.9806 -2.1102 -2.2571 -2.2812 -2.3085 -2.2798 -2.1888 -2.1965 -2.2774 -2.3073 -2.3156 -2.3280 -2.3119 -2.3005 -2.3318 -2.3097 -2.2343 -2.2543 -2.3137 -2.2997 -2.2878 -2.3145 -2.3244 -2.2718 -2.1707 -2.1733 -2.2582 -2.2277 -2.1556 -2.1589 -2.1623 -2.1411 -2.1425 -2.1733 -2.2001 -2.1432 -2.0396 -2.0101 -2.0418 -2.0801 -2.0820 -2.0210 -1.8851 -1.6762 -1.6166 -2.2427 -3.2121 -3.7360 -3.8710 -3.8379 -3.7309 -3.3647 -2.5711 -1.8819 -1.6416 -1.6929 -1.8364 -1.9190 -1.9505 -1.9430 -1.8791 -1.8310 -1.8641 -1.8899 -1.8918 -1.9504 -2.0206 -2.0249 -1.9581 -1.8721 -1.8519 -1.8971 -1.9652 -1.9984 -1.9781 -1.9290 -1.9056 -1.9425 -2.0089 -2.0220 -1.9089 -1.8270 -1.8759 -1.9222 -1.9347 -1.9656 -2.0154 -2.0428 -1.9750 -1.8814 -1.8768 -1.8772 -1.8360 -1.8282 -1.8606 -1.8740 -1.7469 -1.6182 -1.9432 -2.7649 -3.7125 -3.8766 -3.1003 -2.1997 -1.6542 -1.6008 -1.7560 -1.8777 -1.8721 -1.8380 -1.8691 -1.8616 -1.8233 -1.8684 -1.9341 -1.9308 -1.8610 -1.7721 -1.7276 -1.7254 -1.7501 -1.8020 -1.8551 -1.8711 -1.8582 -1.8461 -1.8735 -1.9230 -1.9436 -1.9088 -1.8435 -1.8330 -1.8694 -1.8934 -1.8835 -1.8501 -1.8307 -1.8185 -1.8039 -1.8500 -1.9126 -1.8289 -1.7070 -1.6942 -1.6582 -1.5975 -1.6686 -1.7220 -1.5912
-1.5438 -1.7971 -2.0783 -2.3267 -2.5324 -2.6556 -2.7063 -2.7444 -2.8359 -2.9708 -2.9955 -2.9526 -3.0069 -3.0782 -3.0836 -3.0709 -3.0529 -3.0227 -3.0427 -3.1210 -3.1588 -3.1787 -3.2470 -3.2731 -3.2400 -3.2714 -3.2805 -3.1484 -3.0790 -3.1440 -3.1715 -3.1444 -3.1178 -3.0954 -3.0979 -3.1592 -3.1824 -3.0853 -2.9865 -2.9733 -3.0482 -3.0948 -2.9829 -2.6745 -2.4214 -2.6616 -3.4045 -4.2193 -4.1477 -3.3006 -2.6264 -2.4481 -2.6744 -2.8585 -2.8977 -2.9338 -2.8998 -2.7927 -2.8025 -2.9001 -2.9387 -2.9493 -2.9592 -2.9288 -2.9067 -2.9494 -2.9426 -2.8728 -2.8924 -2.9474 -2.9285 -2.9252 -2.9665 -2.9665 -2.8950 -2.7930 -2.8080 -2.9066 -2.8790 -2.7996 -2.7928 -2.7927 -2.7750 -2.7801 -2.8201 -2.8615 -2.8040 -2.6840 -2.6390 -2.6586 -2.6849 -2.6710 -2.6008 -2.4668 -2.1901 -1.9507 -2.3572 -3.1737 -3.7005 -3.9412 -3.9769 -3.7158 -3.1312 -2.3576 -1.9334 -2.0315 -2.2068 -2.3209 -2.4178 -2.4797 -2.4831 -2.4238 -2.3794 -2.4156 -2.4451 -2.4534 -2.5227 -2.6029 -2.6092 -2.5312 -2.4264 -2.3953 -2.4460 -2.5305 -2.5631 -2.5255 -2.4683 -2.4529 -2.5077 -2.5838 -2.5906 -2.4596 -2.3665 -2.4201 -2.4727 -2.4940 -2.5437 -2.6050 -2.6265 -2.5470 -2.4348 -2.4024 -2.3957 -2.3724 -2.3665 -2.3888 -2.3987 -2.2437 -2.0173 -2.1423 -2.7838 -3.6944 -3.8460 -3.0648 -2.3011 -1.9655 -2.0631 -2.2800 -2.3991 -2.3855 -2.3525 -2.3910 -2.3998 -2.3749 -2.4121 -2.4808 -2.5082 -2.4404 -2.3212 -2.2576 -2.2589 -2.2972 -2.3396 -2.3726 -2.3962 -2.4045 -2.4071 -2.4392 -2.4877 -2.5069 -2.4643 -2.3852 -2.3688 -2.4096 -2.4441 -2.4501 -2.4349 -2.4269 -2.4044 -2.3536 -2.3767 -2.4386 -2.3429 -2.2018 -2.1762 -2.1175 -1.9816 -1.8795 -1.7575 -1.5682
-1.6412 -2.2194 -2.7524 -3.1269 -3.3799 -3.5231 -3.5774 -3.5814 -3.6124 -3.6938 -3.7213 -3.7100 -3.7561 -3.8159 -3.8394 -3.8433 -3.8272 -3.7885 -3.7906 -3.8525 -3.8973 -3.9020 -3.8764 -3.8004 -3.7299 -3.8133 -3.9204 -3.8616 -3.8053 -3.8398 -3.8609 -3.8551 -3.8501 -3.8379 -3.8288 -3.8525 -3.8620 -3.8125 -3.7607 -3.7417 -3.7493 -3.7668 -3.7448 -3.5744 -3.3591 -3.3814 -3.7570 -4.2775 -4.2318 -3.6928 -3.3447 -3.3377 -3.5447 -3.6745 -3.6893 -3.7150 -3.6873 -3.5942 -3.5910 -3.6588 -3.6840 -3.6941 -3.7015 -3.6523 -3.6113 -3.6624 -3.6935 -3.6611 -3.6616 -3.6770 -3.6565 -3.6576 -3.6876 -3.6761 -3.6234 -3.5743 -3.5919 -3.6457 -3.6217 -3.5657 -3.5494 -3.5342 -3.5103 -3.5091 -3.5381 -3.5712 -3.5344 -3.4475 -3.4003 -3.3845 -3.3700 -3.3513 -3.3319 -3.2950 -3.1030 -2.8377 -2.9841 -3.4375 -3.7525 -3.9369 -4.0144 -3.8504 -3.4280 -2.8941 -2.6871 -2.8992 -3.0763 -3.1289 -3.1664 -3.1902 -3.1902 -3.1737 -3.1698 -3.1969 -3.2112 -3.2092 -3.2371 -3.2760 -3.2850 -3.2468 -3.1868 -3.1628 -3.1882 -3.2388 -3.2501 -3.2145 -3.1797 -3.1811 -3.2262 -3.2761 -3.2754 -3.1893 -3.1303 -3.1653 -3.1967 -3.2091 -3.2460 -3.2853 -3.2950 -3.2614 -3.2065 -3.1698 -3.1683 -3.1853 -3.1704 -3.1537 -3.1659 -3.0715 -2.8867 -2.8686 -3.2025 -3.7988 -3.8873 -3.3462 -2.9136 -2.8129 -2.9488 -3.0933 -3.1280 -3.0839 -3.0534 -3.0940 -3.1264 -3.1201 -3.1135 -3.1538 -3.2338 -3.2307 -3.1497 -3.1016 -3.1029 -3.1221 -3.1043 -3.0776 -3.1113 -3.1608 -3.1810 -3.1847 -3.1856 -3.1842 -3.1439 -3.0754 -3.0671 -3.1007 -3.1108 -3.1162 -3.1400 -3.1780 -3.1717 -3.0880 -3.0640 -3.1066 -3.0464 -2.9468 -2.9207 -2.8768 -2.7207 -2.4079 -1.9813 -1.5866
-1.7643 -2.6681 -3.3908 -3.7974 -4.0096 -4.1154 -4.1585 -4.1526 -4.1437 -4.1618 -4.1816 -4.1975 -4.2225 -4.2557 -4.2867 -4.2966 -4.2836 -4.2622 -4.2615 -4.2909 -4.3216 -4.3186 -4.2513 -4.1163 -4.0050 -4.1040 -4.2753 -4.2887 -4.2555 -4.2649 -4.2842 -4.2912 -4.2814 -4.2740 -4.2747 -4.2701 -4.2620 -4.2568 -4.2526 -4.2374 -4.1991 -4.1890 -4.2225 -4.1751 -4.0388 -3.9411 -4.0515 -4.3313 -4.3055 -4.0214 -3.9274 -4.0285 -4.1766 -4.2269 -4.2052 -4.2258 -4.2200 -4.1561 -4.1445 -4.1765 -4.1788 -4.1825 -4.1900 -4.1334 -4.0800 -4.1267 -4.1711 -4.1569 -4.1449 -4.1419 -4.1320 -4.1330 -4.1413 -4.1244 -4.0979 -4.0903 -4.0981 -4.1008 -4.0731 -4.0445 -4.0417 -4.0266 -3.9979 -3.9928 -4.0040 -4.0075 -3.9815 -3.9355 -3.8995 -3.8694 -3.8413 -3.8347 -3.8604 -3.8957 -3.7987 -3.5807 -3.5593 -3.7160 -3.8280 -3.9134 -3.9857 -3.9531 -3.7698 -3.4927 -3.4254 -3.6237 -3.7428 -3.7389 -3.7244 -3.7060 -3.6895 -3.7031 -3.7349 -3.7582 -3.7636 -3.7532 -3.7387 -3.7352 -3.7471 -3.7486 -3.7332 -3.7190 -3.7218 -3.7402 -3.7381 -3.7154 -3.7046 -3.7120 -3.7322 -3.7548 -3.7567 -3.7185 -3.6919 -3.7081 -3.7212 -3.7232 -3.7339 -3.7428 -3.7416 -3.7387 -3.7291 -3.7090 -3.7160 -3.7449 -3.7237 -3.6972 -3.7308 -3.7131 -3.6000 -3.4974 -3.5879 -3.9087 -3.9546 -3.6412 -3.4572 -3.4950 -3.6292 -3.7025 -3.6676 -3.5983 -3.5545 -3.5643 -3.5990 -3.6236 -3.6178 -3.6380 -3.7076 -3.7236 -3.6871 -3.6840 -3.6993 -3.6879 -3.6202 -3.5607 -3.6057 -3.6679 -3.6727 -3.6600 -3.6534 -3.6506 -3.6224 -3.5781 -3.5872 -3.6211 -3.6149 -3.6062 -3.6338 -3.6966 -3.7126 -3.6205 -3.5636 -3.5829 -3.5573 -3.4959 -3.4597 -3.4522 -3.3447 -2.9147 -2.2407 -1.6229
-1.8390 -2.8762 -3.6224 -3.9556 -4.0623 -4.0941 -4.1239 -4.1540 -4.1654 -4.1573 -4.1744 -4.2009 -4.1867 -4.1776 -4.2035 -4.2162 -4.2134 -4.2227 -4.2303 -4.2281 -4.2333 -4.2359 -4.2027 -4.0876 -3.9579 -4.0186 -4.1772 -4.2340 -4.2350 -4.2423 -4.2649 -4.2634 -4.2132 -4.2029 -4.2402 -4.2312 -4.2088 -4.2287 -4.2429 -4.2262 -4.1958 -4.1818 -4.1869 -4.1410 -4.0383 -3.9573 -4.0604 -4.3248 -4.3038 -4.0511 -3.9978 -4.1129 -4.2355 -4.2606 -4.2293 -4.2508 -4.2610 -4.2211 -4.2127 -4.2287 -4.2166 -4.2144 -4.2256 -4.1790 -4.1295 -4.1623 -4.1850 -4.1524 -4.1320 -4.1398 -4.1580 -4.1652 -4.1543 -4.1368 -4.1240 -4.1205 -4.1141 -4.0934 -4.0566 -4.0423 -4.0704 -4.0741 -4.0466 -4.0406 -4.0349 -4.0039 -3.9762 -3.9587 -3.9368 -3.9152 -3.9062 -3.9215 -3.9559 -3.9770 -3.8890 -3.7106 -3.6766 -3.7795 -3.8600 -3.9099 -3.9443 -3.9467 -3.8606 -3.6742 -3.6282 -3.7794 -3.8656 -3.8562 -3.8382 -3.8061 -3.7721 -3.7862 -3.8270 -3.8505 -3.8578 -3.8486 -3.8175 -3.7964 -3.8109 -3.8265 -3.8253 -3.8167 -3.8151 -3.8253 -3.8260 -3.8173 -3.8174 -3.8176 -3.8125 -3.8224 -3.8351 -3.8206 -3.8060 -3.8129 -3.8194 -3.8165 -3.8079 -3.7983 -3.7897 -3.7805 -3.7754 -3.7807 -3.7917 -3.7956 -3.7770 -3.7767 -3.8287 -3.8284 -3.7269 -3.6017 -3.6461 -3.9302 -3.9833 -3.7081 -3.5337 -3.5691 -3.7213 -3.8072 -3.7706 -3.6996 -3.6308 -3.5835 -3.5918 -3.6469 -3.7003 -3.7282 -3.7234 -3.6959 -3.6843 -3.7301 -3.7680 -3.7381 -3.6628 -3.6163 -3.6673 -3.7071 -3.6724 -3.6617 -3.6874 -3.7002 -3.6903 -3.6782 -3.7073 -3.7485 -3.7462 -3.7178 -3.7063 -3.7538 -3.7840 -3.7147 -3.6582 -3.6627 -3.6539 -3.6072 -3.5488 -3.5609 -3.5154 -3.0910 -2.3484 -1.6381
-1.7925 -2.6279 -3.2046 -3.4314 -3.4675 -3.4576 -3.4876 -3.5771 -3.6575 -3.6867 -3.7302 -3.7520 -3.6668 -3.5971 -3.6296 -3.6735 -3.6939 -3.7050 -3.7021 -3.6857 -3.6738 -3.6792 -3.6926 -3.6397 -3.5347 -3.5279 -3.6142 -3.7054 -3.7591 -3.7763 -3.7919 -3.7681 -3.6825 -3.6713 -3.7376 -3.7249 -3.7072 -3.7769 -3.7862 -3.7235 -3.7313 -3.7495 -3.6742 -3.5069 -3.3499 -3.3788 -3.7252 -4.2325 -4.2170 -3.7402 -3.4468 -3.4560 -3.6447 -3.7791 -3.8089 -3.8139 -3.7899 -3.7453 -3.7447 -3.7722 -3.7744 -3.7813 -3.7992 -3.7752 -3.7479 -3.7744 -3.7700 -3.7016 -3.6462 -3.6512 -3.7162 -3.7550 -3.7370 -3.7139 -3.6956 -3.6765 -3.6697 -3.6628 -3.6237 -3.6059 -3.6489 -3.6689 -3.6457 -3.6301 -3.6087 -3.5687 -3.5541 -3.5575 -3.5322 -3.5000 -3.4945 -3.5225 -3.5390 -3.4681 -3.2708 -3.0573 -3.1507 -3.4931 -3.7886 -3.9428 -3.9539 -3.8701 -3.6364 -3.2358 -3.0448 -3.1961 -3.3697 -3.4537 -3.4734 -3.4505 -3.4198 -3.4257 -3.4500 -3.4578 -3.4597 -3.4562 -3.4325 -3.4167 -3.4324 -3.4420 -3.4333 -3.4283 -3.4354 -3.4507 -3.4561 -3.4518 -3.4524 -3.4471 -3.4326 -3.4373 -3.4532 -3.4489 -3.4397 -3.4404 -3.4375 -3.4313 -3.4302 -3.4261 -3.4124 -3.3940 -3.3885 -3.4082 -3.4142 -3.3926 -3.3831 -3.3989 -3.4100 -3.3017 -3.0963 -3.0180 -3.2701 -3.8078 -3.8997 -3.4051 -2.9901 -2.9198 -3.1440 -3.3411 -3.3708 -3.3271 -3.2476 -3.1589 -3.1273 -3.1815 -3.2940 -3.3524 -3.2966 -3.2426 -3.2511 -3.3066 -3.3477 -3.3332 -3.2902 -3.2698 -3.3104 -3.3297 -3.2858 -3.2618 -3.2689 -3.2710 -3.2792 -3.3070 -3.3500 -3.3855 -3.3857 -3.3439 -3.2942 -3.3080 -3.3390 -3.3139 -3.2884 -3.2948 -3.3032 -3.2745 -3.2002 -3.1599 -3.0721 -2.7000 -2.1091 -1.5830
-1.6863 -2.1085 -2.4165 -2.5541 -2.5808 -2.5709 -2.6021 -2.7291 -2.8717 -2.9615 -3.0417 -3.0532 -2.9015 -2.7806 -2.8261 -2.9125 -2.9568 -2.9414 -2.9124 -2.8998 -2.8842 -2.8843 -2.9237 -2.9375 -2.8898 -2.8216 -2.8165 -2.9270 -3.0287 -3.0548 -3.0546 -3.0119 -2.9208 -2.9146 -2.9838 -2.9592 -2.9574 -3.0864 -3.0798 -2.9503 -2.9979 -3.0651 -2.9193 -2.6204 -2.4062 -2.6007 -3.2846 -4.1155 -4.1114 -3.3249 -2.6492 -2.4572 -2.7218 -3.0136 -3.1353 -3.1114 -3.0273 -2.9657 -2.9721 -3.0191 -3.0491 -3.0714 -3.0918 -3.0897 -3.0890 -3.1145 -3.0948 -3.0029 -2.9040 -2.8873 -2.9915 -3.0681 -3.0531 -3.0220 -2.9900 -2.9555 -2.9605 -2.9853 -2.9533 -2.9225 -2.9550 -2.9763 -2.9570 -2.9279 -2.8978 -2.8747 -2.8842 -2.8985 -2.8582 -2.7988 -2.7737 -2.8002 -2.7938 -2.6220 -2.2954 -2.0419 -2.3472 -3.0667 -3.6730 -3.9914 -4.0068 -3.7913 -3.2836 -2.4975 -2.0582 -2.2176 -2.5205 -2.7272 -2.7896 -2.7846 -2.7761 -2.7760 -2.7722 -2.7537 -2.7434 -2.7460 -2.7421 -2.7431 -2.7579 -2.7530 -2.7304 -2.7289 -2.7480 -2.7698 -2.7767 -2.7702 -2.7666 -2.7619 -2.7536 -2.7559 -2.7650 -2.7644 -2.7601 -2.7560 -2.7407 -2.7321 -2.7554 -2.7706 -2.7536 -2.7363 -2.7385 -2.7583 -2.7554 -2.7267 -2.7298 -2.7423 -2.6789 -2.4177 -2.0895 -2.1390 -2.7392 -3.6354 -3.7654 -2.9559 -2.2037 -1.9665 -2.2387 -2.5490 -2.6579 -2.6523 -2.5842 -2.4911 -2.4289 -2.4523 -2.5837 -2.6695 -2.6128 -2.5736 -2.6004 -2.6275 -2.6499 -2.6715 -2.6746 -2.6714 -2.6889 -2.7040 -2.6900 -2.6414 -2.5827 -2.5529 -2.5714 -2.6259 -2.6666 -2.6816 -2.6778 -2.6380 -2.5787 -2.5628 -2.5831 -2.6017 -2.6148 -2.6299 -2.6543 -2.6511 -2.5802 -2.4562 -2.2660 -1.9729 -1.6674 -1.4931
-1.7032 -1.8646 -2.0037 -2.0937 -2.1250 -2.1093 -2.1053 -2.1875 -2.2958 -2.3704 -2.4414 -2.4525 -2.3201 -2.2096 -2.2420 -2.3196 -2.3603 -2.3320 -2.2968 -2.2913 -2.2756 -2.2691 -2.3127 -2.3641 -2.3660 -2.2842 -2.2269 -2.3111 -2.4055 -2.4274 -2.4204 -2.3854 -2.3251 -2.3272 -2.3729 -2.3348 -2.3313 -2.4570 -2.4409 -2.3046 -2.3643 -2.4498 -2.3239 -2.0895 -2.0098 -2.3963 -3.2314 -4.1092 -4.1166 -3.2767 -2.3974 -1.9816 -2.1281 -2.3910 -2.5197 -2.4873 -2.4041 -2.3655 -2.3756 -2.4086 -2.4320 -2.4453 -2.4523 -2.4516 -2.4535 -2.4637 -2.4435 -2.3751 -2.2876 -2.2625 -2.3491 -2.4150 -2.4011 -2.3745 -2.3467 -2.3156 -2.3240 -2.3542 -2.3311 -2.2980 -2.3087 -2.3151 -2.2958 -2.2696 -2.2479 -2.2388 -2.2497 -2.2566 -2.2197 -2.1620 -2.1266 -2.1470 -2.1412 -1.9764 -1.7097 -1.6010 -2.1136 -3.0131 -3.6775 -4.0019 -4.0284 -3.7963 -3.2005 -2.2363 -1.6100 -1.6404 -1.8812 -2.0673 -2.1191 -2.1204 -2.1281 -2.1244 -2.1049 -2.0787 -2.0672 -2.0742 -2.0837 -2.0948 -2.1055 -2.0938 -2.0698 -2.0723 -2.0938 -2.1134 -2.1229 -2.1226 -2.1178 -2.1131 -2.1114 -2.1130 -2.1151 -2.1139 -2.1116 -2.1069 -2.0904 -2.0827 -2.1108 -2.1289 -2.1110 -2.0964 -2.1022 -2.1205 -2.1191 -2.1001 -2.1167 -2.1348 -2.0641 -1.8146 -1.5733 -1.8418 -2.6655 -3.6370 -3.7636 -2.9057 -2.0126 -1.5898 -1.7126 -1.9486 -2.0493 -2.0546 -2.0087 -1.9463 -1.8896 -1.8859 -1.9794 -2.0465 -2.0046 -1.9882 -2.0211 -2.0260 -2.0309 -2.0630 -2.0812 -2.0780 -2.0772 -2.0950 -2.1137 -2.0697 -1.9926 -1.9609 -1.9739 -2.0035 -2.0153 -2.0117 -2.0093 -1.9925 -1.9599 -1.9392 -1.9454 -1.9758 -1.9961 -2.0005 -2.0195 -2.0292 -1.9866 -1.8749 -1.7147 -1.5633 -1.4774 -1.4811
-1.8502 -1.9712 -2.0767 -2.1612 -2.1999 -2.1709 -2.1117 -2.0953 -2.0976 -2.0919 -2.1123 -2.1300 -2.0843 -2.0327 -2.0288 -2.0515 -2.0660 -2.0471 -2.0286 -2.0275 -2.0126 -2.0017 -2.0322 -2.0831 -2.1084 -2.0588 -2.0030 -2.0310 -2.0721 -2.0791 -2.0773 -2.0700 -2.0564 -2.0643 -2.0756 -2.0313 -2.0107 -2.0730 -2.0582 -1.9790 -2.0233 -2.0860 -2.0431 -2.0224 -2.2113 -2.7676 -3.5453 -4.1965 -4.2118 -3.5786 -2.7287 -2.1334 -2.0080 -2.0767 -2.1387 -2.1224 -2.0972 -2.1135 -2.1259 -2.1206 -2.1092 -2.0945 -2.0778 -2.0606 -2.0435 -2.0266 -2.0126 -1.9968 -1.9680 -1.9538 -1.9788 -1.9918 -1.9750 -1.9641 -1.9580 -1.9461 -1.9469 -1.9543 -1.9374 -1.9130 -1.9028 -1.8876 -1.8664 -1.8574 -1.8532 -1.8432 -1.8328 -1.8231 -1.8089 -1.7811 -1.7508 -1.7658 -1.7793 -1.7052 -1.6483 -1.8209 -2.4806 -3.3214 -3.7860 -3.9602 -3.9968 -3.8679 -3.3968 -2.5063 -1.8012 -1.6051 -1.6284 -1.6776 -1.6773 -1.6713 -1.6821 -1.6779 -1.6612 -1.6495 -1.6485 -1.6564 -1.6657 -1.6738 -1.6780 -1.6701 -1.6583 -1.6642 -1.6782 -1.6879 -1.7011 -1.7135 -1.7110 -1.7041 -1.7039 -1.7045 -1.7028 -1.7001 -1.6991 -1.6989 -1.6923 -1.6877 -1.6980 -1.7021 -1.6888 -1.6778 -1.6828 -1.7040 -1.7143 -1.7121 -1.7378 -1.7700 -1.7537 -1.6565 -1.6610 -2.1672 -3.0320 -3.7846 -3.8747 -3.2488 -2.4443 -1.8648 -1.6890 -1.7017 -1.7287 -1.7206 -1.6940 -1.6750 -1.6512 -1.6366 -1.6623 -1.6766 -1.6465 -1.6429 -1.6687 -1.6709 -1.6694 -1.6833 -1.6849 -1.6715 -1.6644 -1.6840 -1.7176 -1.7036 -1.6643 -1.6606 -1.6584 -1.6324 -1.6071 -1.5963 -1.6015 -1.6152 -1.6250 -1.6187 -1.6143 -1.6295 -1.6269 -1.6024 -1.6012 -1.6121 -1.6058 -1.5852 -1.5700 -1.5846 -1.5972 -1.5557
-1.9753 -2.0755 -2.1703 -2.2712 -2.3418 -2.3321 -2.2606 -2.1968 -2.1450 -2.1006 -2.0881 -2.1000 -2.1040 -2.0882 -2.0601 -2.0478 -2.0473 -2.0376 -2.0321 -2.0355 -2.0263 -2.0133 -2.0208 -2.0475 -2.0723 -2.0603 -2.0336 -2.0309 -2.0341 -2.0319 -2.0360 -2.0445 -2.0507 -2.0547 -2.0477 -2.0151 -1.9906 -1.9999 -1.9897 -1.9660 -1.9932 -2.0159 -1.9991 -2.0744 -2.3904 -3.0321 -3.7518 -4.2271 -4.2446 -3.7802 -3.0046 -2.3299 -2.0333 -1.9904 -2.0340 -2.0361 -2.0408 -2.0829 -2.1019 -2.0883 -2.0674 -2.0415 -2.0113 -1.9834 -1.9544 -1.9210 -1.9030 -1.9065 -1.9129 -1.9110 -1.8970 -1.8758 -1.8585 -1.8592 -1.8678 -1.8686 -1.8649 -1.8573 -1.8417 -1.8210 -1.7991 -1.7742 -1.7552 -1.7559 -1.7547 -1.7333 -1.7098 -1.6986 -1.7006 -1.6889 -1.6604 -1.6723 -1.6890 -1.6428 -1.6898 -2.0234 -2.7488 -3.5151 -3.8235 -3.8903 -3.9410 -3.9004 -3.5360 -2.7138 -1.9757 -1.6571 -1.5789 -1.5772 -1.5562 -1.5435 -1.5531 -1.5530 -1.5472 -1.5517 -1.5590 -1.5625 -1.5619 -1.5592 -1.5566 -1.5540 -1.5537 -1.5599 -1.5664 -1.5703 -1.5833 -1.5987 -1.5962 -1.5883 -1.5880 -1.5853 -1.5798 -1.5794 -1.5852 -1.5932 -1.5951 -1.5914 -1.5885 -1.5877 -1.5883 -1.5895 -1.6002 -1.6275 -1.6466 -1.6526 -1.6763 -1.7050 -1.7050 -1.6706 -1.7864 -2.4094 -3.2636 -3.8296 -3.9010 -3.4884 -2.8004 -2.1418 -1.7614 -1.6401 -1.6558 -1.6486 -1.6229 -1.6229 -1.6191 -1.6032 -1.5935 -1.5799 -1.5573 -1.5542 -1.5680 -1.5722 -1.5719 -1.5735 -1.5655 -1.5513 -1.5464 -1.5625 -1.5895 -1.5881 -1.5732 -1.5811 -1.5724 -1.5307 -1.5019 -1.4975 -1.5069 -1.5296 -1.5537 -1.5531 -1.5464 -1.5562 -1.5374 -1.4916 -1.4858 -1.5045 -1.5082 -1.5138 -1.5553 -1.6580 -1.7250 -1.6314
-2.0140 -2.0651 -2.1367 -2.2569 -2.3690 -2.4033 -2.3659 -2.3232 -2.2900 -2.2643 -2.2493 -2.2437 -2.2410 -2.2242 -2.1935 -2.1822 -2.1857 -2.1786 -2.1741 -2.1798 -2.1785 -2.1668 -2.1528 -2.1501 -2.1606 -2.1693 -2.1716 -2.1700 -2.1664 -2.1652 -2.1726 -2.1803 -2.1778 -2.1713 -2.1637 -2.1515 -2.1388 -2.1304 -2.1237 -2.1251 -2.1432 -2.1308 -2.0735 -2.0923 -2.3613 -3.0126 -3.7428 -4.1879 -4.1997 -3.7680 -3.0245 -2.3549 -2.0431 -2.0217 -2.1089 -2.1191 -2.1086 -2.1391 -2.1669 -2.1769 -2.1770 -2.1624 -2.1345 -2.1074 -2.0799 -2.0457 -2.0151 -1.9993 -2.0024 -2.0062 -1.9908 -1.9684 -1.9541 -1.9565 -1.9645 -1.9644 -1.9604 -1.9529 -1.9359 -1.9124 -1.8883 -1.8656 -1.8510 -1.8514 -1.8420 -1.8086 -1.7864 -1.7862 -1.7906 -1.7728 -1.7374 -1.7486 -1.7531 -1.6595 -1.6679 -2.0005 -2.7294 -3.4861 -3.7736 -3.8304 -3.8949 -3.8804 -3.5320 -2.6982 -1.9427 -1.6296 -1.5996 -1.6538 -1.6503 -1.6364 -1.6463 -1.6514 -1.6539 -1.6656 -1.6747 -1.6728 -1.6612 -1.6483 -1.6421 -1.6426 -1.6466 -1.6495 -1.6516 -1.6555 -1.6642 -1.6715 -1.6665 -1.6600 -1.6604 -1.6547 -1.6464 -1.6511 -1.6663 -1.6825 -1.6885 -1.6856 -1.6838 -1.6914 -1.7086 -1.7261 -1.7480 -1.7809 -1.8017 -1.8055 -1.8212 -1.8315 -1.7975 -1.7085 -1.7706 -2.3869 -3.2344 -3.7468 -3.8249 -3.4987 -2.8660 -2.1943 -1.7605 -1.6429 -1.7195 -1.7300 -1.6886 -1.6804 -1.6761 -1.6636 -1.6592 -1.6520 -1.6337 -1.6247 -1.6282 -1.6320 -1.6360 -1.6401 -1.6367 -1.6298 -1.6304 -1.6402 -1.6499 -1.6394 -1.6201 -1.6163 -1.6109 -1.5962 -1.5936 -1.6018 -1.6082 -1.6177 -1.6266 -1.6182 -1.6136 -1.6316 -1.6151 -1.5671 -1.5703 -1.5989 -1.5918 -1.5520 -1.5406 -1.6441 -1.7531 -1.6750
-1.9852 -2.0429 -2.1095 -2.2350 -2.3543 -2.4107 -2.4082 -2.3974 -2.3886 -2.3776 -2.3619 -2.3452 -2.3328 -2.3136 -2.2886 -2.2868 -2.2989 -2.2954 -2.2875 -2.2872 -2.2891 -2.2830 -2.2628 -2.2461 -2.2445 -2.2517 -2.2570 -2.2532 -2.2494 -2.2535 -2.2656 -2.2735 -2.2664 -2.2540 -2.2440 -2.2373 -2.2319 -2.2260 -2.2202 -2.2211 -2.2335 -2.2087 -2.1278 -2.0990 -2.3206 -2.9719 -3.7260 -4.1807 -4.1771 -3.7217 -2.9769 -2.3233 -2.0355 -2.0481 -2.1621 -2.1677 -2.1383 -2.1571 -2.1881 -2.2120 -2.2272 -2.2260 -2.2079 -2.1844 -2.1590 -2.1294 -2.0942 -2.0631 -2.0571 -2.0617 -2.0527 -2.0370 -2.0248 -2.0218 -2.0201 -2.0113 -2.0020 -1.9929 -1.9765 -1.9549 -1.9322 -1.9080 -1.8915 -1.8953 -1.8908 -1.8591 -1.8370 -1.8363 -1.8382 -1.8132 -1.7688 -1.7812 -1.7861 -1.6699 -1.6473 -1.9585 -2.6801 -3.4448 -3.7528 -3.8257 -3.8921 -3.8724 -3.5171 -2.6779 -1.9203 -1.6151 -1.6142 -1.6991 -1.7032 -1.6898 -1.7033 -1.7081 -1.7068 -1.7153 -1.7243 -1.7242 -1.7122 -1.6994 -1.6970 -1.6999 -1.7018 -1.6993 -1.6971 -1.7000 -1.7038 -1.7039 -1.6978 -1.6942 -1.6974 -1.6951 -1.6901 -1.6967 -1.7138 -1.7332 -1.7444 -1.7489 -1.7564 -1.7711 -1.7926 -1.8163 -1.8443 -1.8775 -1.8958 -1.8981 -1.9134 -1.9165 -1.8602 -1.7418 -1.7771 -2.3752 -3.2062 -3.7002 -3.7807 -3.4765 -2.8524 -2.1736 -1.7344 -1.6431 -1.7631 -1.7803 -1.7223 -1.7051 -1.7003 -1.6929 -1.6970 -1.6975 -1.6830 -1.6729 -1.6728 -1.6746 -1.6804 -1.6882 -1.6843 -1.6748 -1.6779 -1.6867 -1.6888 -1.6758 -1.6556 -1.6433 -1.6381 -1.6391 -1.6514 -1.6637 -1.6620 -1.6585 -1.6562 -1.6412 -1.6328 -1.6492 -1.6430 -1.6099 -1.6072 -1.6256 -1.6242 -1.5747 -1.5335 -1.6204 -1.7494 -1.7017
-1.9623 -2.0606 -2.1215 -2.2338 -2.3327 -2.3906 -2.4123 -2.4222 -2.4207 -2.4047 -2.3828 -2.3646 -2.3562 -2.3439 -2.3252 -2.3255 -2.3390 -2.3412 -2.3328 -2.3232 -2.3220 -2.3223 -2.3124 -2.3020 -2.2968 -2.2889 -2.2752 -2.2585 -2.2507 -2.2571 -2.2716 -2.2826 -2.2807 -2.2695 -2.2541 -2.2393 -2.2326 -2.2347 -2.2255 -2.2115 -2.2193 -2.2018 -2.1326 -2.1121 -2.3381 -2.9952 -3.7541 -4.2076 -4.1910 -3.7193 -2.9705 -2.3176 -2.0261 -2.0334 -2.1409 -2.1382 -2.1039 -2.1224 -2.1503 -2.1694 -2.1845 -2.1896 -2.1808 -2.1615 -2.1375 -2.1130 -2.0838 -2.0549 -2.0443 -2.0431 -2.0343 -2.0218 -2.0105 -2.0010 -1.9889 -1.9709 -1.9526 -1.9375 -1.9243 -1.9097 -1.8890 -1.8581 -1.8337 -1.8429 -1.8532 -1.8339 -1.8088 -1.7962 -1.7960 -1.7708 -1.7205 -1.7338 -1.7508 -1.6535 -1.6482 -1.9686 -2.6900 -3.4551 -3.7751 -3.8555 -3.9151 -3.8848 -3.5306 -2.7107 -1.9595 -1.6335 -1.6063 -1.6712 -1.6653 -1.6513 -1.6676 -1.6676 -1.6556 -1.6552 -1.6639 -1.6719 -1.6691 -1.6653 -1.6708 -1.6748 -1.6712 -1.6628 -1.6567 -1.6565 -1.6567 -1.6541 -1.6502 -1.6501 -1.6561 -1.6612 -1.6645 -1.6707 -1.6837 -1.7029 -1.7202 -1.7357 -1.7543 -1.7724 -1.7886 -1.8100 -1.8378 -1.8667 -1.8822 -1.8875 -1.9099 -1.9178 -1.8623 -1.7659 -1.8389 -2.4432 -3.2534 -3.7266 -3.7972 -3.4887 -2.8496 -2.1546 -1.7126 -1.6248 -1.7456 -1.7562 -1.6917 -1.6762 -1.6769 -1.6731 -1.6752 -1.6745 -1.6643 -1.6575 -1.6568 -1.6559 -1.6613 -1.6706 -1.6589 -1.6380 -1.6400 -1.6526 -1.6583 -1.6541 -1.6432 -1.6312 -1.6217 -1.6186 -1.6262 -1.6319 -1.6217 -1.6144 -1.6145 -1.6004 -1.5849 -1.5880 -1.5903 -1.5776 -1.5553 -1.5507 -1.5737 -1.5580 -1.5333 -1.6253 -1.7759 -1.7468
-2.0483 -2.1203 -2.1208 -2.2069 -2.3030 -2.3799 -2.4298 -2.4573 -2.4603 -2.4416 -2.4167 -2.3990 -2.3942 -2.3888 -2.3748 -2.3650 -2.3648 -2.3704 -2.3704 -2.3609 -2.3533 -2.3538 -2.3621 -2.3701 -2.3683 -2.3499 -2.3218 -2.2968 -2.2827 -2.2813 -2.2877 -2.2932 -2.2908 -2.2831 -2.2716 -2.2559 -2.2481 -2.2516 -2.2341 -2.2049 -2.2092 -2.1994 -2.1427 -2.1382 -2.3730 -3.0167 -3.7531 -4.1944 -4.1885 -3.7483 -3.0344 -2.3793 -2.0388 -2.0098 -2.1111 -2.1131 -2.0845 -2.1045 -2.1281 -2.1411 -2.1535 -2.1583 -2.1515 -2.1398 -2.1246 -2.1049 -2.0837 -2.0637 -2.0448 -2.0277 -2.0133 -2.0016 -1.9919 -1.9820 -1.9680 -1.9476 -1.9267 -1.9100 -1.8992 -1.8888 -1.8706 -1.8370 -1.8056 -1.8089 -1.8202 -1.8087 -1.7851 -1.7680 -1.7688 -1.7474 -1.6982 -1.7087 -1.7253 -1.6384 -1.6505 -1.9851 -2.7050 -3.4589 -3.7737 -3.8520 -3.9096 -3.8823 -3.5351 -2.7220 -1.9730 -1.6425 -1.6042 -1.6587 -1.6496 -1.6321 -1.6422 -1.6402 -1.6266 -1.6204 -1.6278 -1.6419 -1.6473 -1.6505 -1.6597 -1.6621 -1.6533 -1.6413 -1.6334 -1.6322 -1.6300 -1.6263 -1.6270 -1.6305 -1.6351 -1.6438 -1.6546 -1.6634 -1.6772 -1.6989 -1.7186 -1.7380 -1.7645 -1.7888 -1.8067 -1.8298 -1.8581 -1.8836 -1.8992 -1.9106 -1.9365 -1.9418 -1.8811 -1.7902 -1.8790 -2.4888 -3.2938 -3.7594 -3.8178 -3.4933 -2.8409 -2.1415 -1.7036 -1.6106 -1.7178 -1.7265 -1.6711 -1.6662 -1.6728 -1.6680 -1.6640 -1.6611 -1.6555 -1.6477 -1.6398 -1.6359 -1.6434 -1.6562 -1.6424 -1.6160 -1.6174 -1.6312 -1.6381 -1.6399 -1.6348 -1.6207 -1.6102 -1.6102 -1.6121 -1.6078 -1.5952 -1.5908 -1.5962 -1.5896 -1.5756 -1.5694 -1.5708 -1.5657 -1.5344 -1.5232 -1.5638 -1.5552 -1.5293 -1.6593 -1.8796 -1.8557
-2.1709 -2.1662 -2.0935 -2.1607 -2.2713 -2.3772 -2.4549 -2.4979 -2.5102 -2.5002 -2.4783 -2.4595 -2.4567 -2.4585 -2.4503 -2.4280 -2.4083 -2.4132 -2.4231 -2.4196 -2.4059 -2.4017 -2.4247 -2.4482 -2.4504 -2.4326 -2.4048 -2.3787 -2.3594 -2.3479 -2.3414 -2.3339 -2.3219 -2.3154 -2.3140 -2.3048 -2.2967 -2.2951 -2.2711 -2.2364 -2.2371 -2.2252 -2.1674 -2.1624 -2.3901 -3.0100 -3.7208 -4.1552 -4.1723 -3.7790 -3.1114 -2.4570 -2.0641 -2.0016 -2.1044 -2.1150 -2.0920 -2.1126 -2.1336 -2.1438 -2.1555 -2.1573 -2.1477 -2.1464 -2.1456 -2.1290 -2.1126 -2.0998 -2.0704 -2.0353 -2.0152 -2.0033 -1.9939 -1.9882 -1.9801 -1.9639 -1.9466 -1.9328 -1.9213 -1.9092 -1.8914 -1.8604 -1.8283 -1.8200 -1.8194 -1.8061 -1.7867 -1.7747 -1.7781 -1.7609 -1.7174 -1.7235 -1.7275 -1.6331 -1.6482 -1.9913 -2.7064 -3.4441 -3.7455 -3.8159 -3.8750 -3.8659 -3.5324 -2.7044 -1.9472 -1.6331 -1.6119 -1.6771 -1.6747 -1.6526 -1.6517 -1.6517 -1.6458 -1.6391 -1.6444 -1.6598 -1.6678 -1.6723 -1.6799 -1.6794 -1.6682 -1.6554 -1.6483 -1.6481 -1.6453 -1.6414 -1.6461 -1.6522 -1.6542 -1.6629 -1.6788 -1.6941 -1.7146 -1.7413 -1.7603 -1.7769 -1.8060 -1.8380 -1.8654 -1.8952 -1.9268 -1.9542 -1.9750 -1.9924 -2.0129 -2.0011 -1.9178 -1.8033 -1.8738 -2.4802 -3.2930 -3.7668 -3.8209 -3.4823 -2.8247 -2.1313 -1.7020 -1.6063 -1.7044 -1.7194 -1.6794 -1.6850 -1.6937 -1.6844 -1.6752 -1.6719 -1.6706 -1.6590 -1.6417 -1.6355 -1.6458 -1.6619 -1.6529 -1.6312 -1.6332 -1.6433 -1.6453 -1.6471 -1.6431 -1.6244 -1.6159 -1.6262 -1.6277 -1.6172 -1.6075 -1.6080 -1.6162 -1.6160 -1.6079 -1.6005 -1.5959 -1.5866 -1.5607 -1.5589 -1.5980 -1.5597 -1.5120 -1.7080 -2.0341 -2.0006
-2.1417 -2.1096 -2.0562 -2.1396 -2.2491 -2.3555 -2.4417 -2.4946 -2.5219 -2.5309 -2.5154 -2.4946 -2.4995 -2.5158 -2.5201 -2.5012 -2.4776 -2.4775 -2.4834 -2.4770 -2.4612 -2.4555 -2.4770 -2.4957 -2.4933 -2.4843 -2.4682 -2.4414 -2.4219 -2.4152 -2.4065 -2.3884 -2.3641 -2.3525 -2.3531 -2.3435 -2.3311 -2.3261 -2.3084 -2.2833 -2.2780 -2.2518 -2.1815 -2.1576 -2.3653 -2.9820 -3.7079 -4.1643 -4.1846 -3.7747 -3.0921 -2.4411 -2.0705 -2.0226 -2.1226 -2.1201 -2.0891 -2.1121 -2.1322 -2.1381 -2.1493 -2.1513 -2.1428 -2.1513 -2.1614 -2.1456 -2.1279 -2.1157 -2.0816 -2.0424 -2.0255 -2.0134 -1.9986 -1.9932 -1.9906 -1.9798 -1.9658 -1.9517 -1.9359 -1.9169 -1.8938 -1.8667 -1.8436 -1.8362 -1.8285 -1.8070 -1.7868 -1.7792 -1.7828 -1.7664 -1.7273 -1.7323 -1.7296 -1.6303 -1.6467 -1.9941 -2.7052 -3.4347 -3.7341 -3.7981 -3.8500 -3.8637 -3.5526 -2.7011 -1.9240 -1.6220 -1.6154 -1.6882 -1.6891 -1.6652 -1.6608 -1.6639 -1.6640 -1.6589 -1.6630 -1.6762 -1.6813 -1.6828 -1.6885 -1.6869 -1.6760 -1.6657 -1.6609 -1.6613 -1.6600 -1.6579 -1.6622 -1.6684 -1.6735 -1.6857 -1.7055 -1.7276 -1.7546 -1.7844 -1.8039 -1.8189 -1.8461 -1.8806 -1.9153 -1.9494 -1.9848 -2.0228 -2.0542 -2.0731 -2.0791 -2.0380 -1.9195 -1.7811 -1.8435 -2.4439 -3.2579 -3.7469 -3.8130 -3.4745 -2.8124 -2.1177 -1.6942 -1.6050 -1.7080 -1.7296 -1.6935 -1.6964 -1.7005 -1.6881 -1.6776 -1.6747 -1.6753 -1.6662 -1.6506 -1.6449 -1.6524 -1.6648 -1.6609 -1.6485 -1.6509 -1.6543 -1.6492 -1.6506 -1.6505 -1.6332 -1.6232 -1.6317 -1.6343 -1.6272 -1.6205 -1.6225 -1.6294 -1.6234 -1.6111 -1.6062 -1.6020 -1.5912 -1.5741 -1.5755 -1.5937 -1.5238 -1.4746 -1.7466 -2.1588 -2.1001
-1.9695 -1.9835 -2.0289 -2.1470 -2.2335 -2.3137 -2.3950 -2.4568 -2.5030 -2.5342 -2.5287 -2.5083 -2.5195 -2.5476 -2.5661 -2.5640 -2.5514 -2.5465 -2.5394 -2.5239 -2.5119 -2.5120 -2.5236 -2.5222 -2.5053 -2.5052 -2.5053 -2.4784 -2.4621 -2.4699 -2.4685 -2.4465 -2.4118 -2.3902 -2.3834 -2.3657 -2.3462 -2.3402 -2.3349 -2.3247 -2.3125 -2.2684 -2.1843 -2.1409 -2.3312 -2.9568 -3.7166 -4.2087 -4.2193 -3.7530 -3.0105 -2.3599 -2.0600 -2.0562 -2.1474 -2.1184 -2.0722 -2.0989 -2.1178 -2.1163 -2.1273 -2.1340 -2.1315 -2.1474 -2.1637 -2.1490 -2.1285 -2.1132 -2.0817 -2.0509 -2.0431 -2.0307 -2.0062 -1.9946 -1.9922 -1.9849 -1.9712 -1.9529 -1.9320 -1.9065 -1.8770 -1.8539 -1.8436 -1.8444 -1.8351 -1.8045 -1.7790 -1.7717 -1.7749 -1.7582 -1.7210 -1.7284 -1.7272 -1.6281 -1.6452 -1.9957 -2.7113 -3.4472 -3.7537 -3.8120 -3.8521 -3.8847 -3.5941 -2.7175 -1.9148 -1.6156 -1.6152 -1.6886 -1.6873 -1.6646 -1.6650 -1.6708 -1.6718 -1.6679 -1.6712 -1.6807 -1.6811 -1.6790 -1.6830 -1.6814 -1.6726 -1.6676 -1.6680 -1.6713 -1.6760 -1.6798 -1.6806 -1.6827 -1.6913 -1.7073 -1.7290 -1.7529 -1.7808 -1.8109 -1.8336 -1.8523 -1.8788 -1.9150 -1.9562 -1.9921 -2.0291 -2.0774 -2.1160 -2.1289 -2.1162 -2.0435 -1.8885 -1.7468 -1.8359 -2.4336 -3.2270 -3.7152 -3.7954 -3.4708 -2.8077 -2.1057 -1.6831 -1.6054 -1.7228 -1.7479 -1.7049 -1.6977 -1.6954 -1.6823 -1.6733 -1.6707 -1.6705 -1.6681 -1.6625 -1.6568 -1.6563 -1.6610 -1.6603 -1.6564 -1.6581 -1.6552 -1.6450 -1.6459 -1.6508 -1.6412 -1.6295 -1.6266 -1.6275 -1.6263 -1.6211 -1.6224 -1.6265 -1.6092 -1.5867 -1.5850 -1.5861 -1.5784 -1.5696 -1.5663 -1.5536 -1.4660 -1.4354 -1.7519 -2.1833 -2.0978
-1.7966 -1.8990 -2.0311 -2.1581 -2.2126 -2.2700 -2.3547 -2.4326 -2.4972 -2.5439 -2.5539 -2.5413 -2.5422 -2.5598 -2.5830 -2.5940 -2.5929 -2.5898 -2.5785 -2.5613 -2.5596 -2.5737 -2.5865 -2.5699 -2.5325 -2.5321 -2.5443 -2.5218 -2.5071 -2.5190 -2.5228 -2.5028 -2.4633 -2.4322 -2.4151 -2.3907 -2.3671 -2.3576 -2.3528 -2.3446 -2.3274 -2.2762 -2.1912 -2.1562 -2.3532 -2.9666 -3.7165 -4.2184 -4.2387 -3.7641 -2.9917 -2.3303 -2.0565 -2.0669 -2.1496 -2.1102 -2.0610 -2.0905 -2.1041 -2.0940 -2.1061 -2.1194 -2.1232 -2.1436 -2.1646 -2.1564 -2.1398 -2.1259 -2.1007 -2.0785 -2.0753 -2.0611 -2.0286 -2.0058 -1.9962 -1.9894 -1.9741 -1.9505 -1.9288 -1.9054 -1.8776 -1.8598 -1.8548 -1.8510 -1.8343 -1.8011 -1.7725 -1.7625 -1.7695 -1.7576 -1.7218 -1.7318 -1.7321 -1.6275 -1.6392 -1.9942 -2.7302 -3.4870 -3.7926 -3.8415 -3.8793 -3.9205 -3.6318 -2.7326 -1.9110 -1.6134 -1.6209 -1.6984 -1.6953 -1.6738 -1.6806 -1.6882 -1.6872 -1.6821 -1.6833 -1.6900 -1.6897 -1.6872 -1.6887 -1.6848 -1.6776 -1.6806 -1.6916 -1.7052 -1.7236 -1.7393 -1.7385 -1.7309 -1.7306 -1.7425 -1.7609 -1.7761 -1.7957 -1.8246 -1.8536 -1.8820 -1.9171 -1.9649 -2.0198 -2.0602 -2.0932 -2.1358 -2.1645 -2.1627 -2.1351 -2.0419 -1.8643 -1.7509 -1.9067 -2.5090 -3.2529 -3.6970 -3.7668 -3.4599 -2.8085 -2.1066 -1.6822 -1.6101 -1.7377 -1.7634 -1.7165 -1.7090 -1.7072 -1.6943 -1.6868 -1.6834 -1.6796 -1.6793 -1.6781 -1.6670 -1.6584 -1.6607 -1.6618 -1.6599 -1.6599 -1.6555 -1.6455 -1.6429 -1.6464 -1.6459 -1.6408 -1.6334 -1.6260 -1.6194 -1.6149 -1.6188 -1.6235 -1.6061 -1.5842 -1.5843 -1.5854 -1.5788 -1.5791 -1.5741 -1.5370 -1.4458 -1.4266 -1.7061 -2.0565 -1.9637
-1.6862 -1.8789 -2.0516 -2.1606 -2.1930 -2.2455 -2.3412 -2.4311 -2.5037 -2.5586 -2.5908 -2.5955 -2.5760 -2.5685 -2.5900 -2.6067 -2.6116 -2.6159 -2.6111 -2.5999 -2.6089 -2.6369 -2.6590 -2.6371 -2.5839 -2.5796 -2.5987 -2.5810 -2.5644 -2.5704 -2.5721 -2.5534 -2.5142 -2.4793 -2.4557 -2.4272 -2.4005 -2.3858 -2.3719 -2.3538 -2.3319 -2.2800 -2.2001 -2.1911 -2.4113 -2.9970 -3.7027 -4.1908 -4.2351 -3.7980 -3.0370 -2.3592 -2.0568 -2.0493 -2.1309 -2.0995 -2.0582 -2.0890 -2.0976 -2.0818 -2.0945 -2.1118 -2.1182 -2.1378 -2.1594 -2.1590 -2.1495 -2.1396 -2.1224 -2.1076 -2.1039 -2.0881 -2.0538 -2.0212 -2.0010 -1.9918 -1.9751 -1.9496 -1.9322 -1.9167 -1.8952 -1.8812 -1.8733 -1.8548 -1.8278 -1.7993 -1.7718 -1.7574 -1.7681 -1.7628 -1.7295 -1.7400 -1.7383 -1.6266 -1.6292 -1.9799 -2.7265 -3.4942 -3.7900 -3.8321 -3.8774 -3.9163 -3.6247 -2.7418 -1.9304 -1.6261 -1.6335 -1.7158 -1.7110 -1.6892 -1.6995 -1.7067 -1.7028 -1.6966 -1.6956 -1.7000 -1.7032 -1.7047 -1.7044 -1.6983 -1.6933 -1.7048 -1.7280 -1.7548 -1.7897 -1.8198 -1.8203 -1.8015 -1.7845 -1.7849 -1.7953 -1.7967 -1.8060 -1.8368 -1.8762 -1.9186 -1.9672 -2.0283 -2.0954 -2.1414 -2.1690 -2.1938 -2.1998 -2.1790 -2.1414 -2.0419 -1.8593 -1.7719 -1.9763 -2.5888 -3.2989 -3.6941 -3.7384 -3.4396 -2.8057 -2.1144 -1.6883 -1.6158 -1.7482 -1.7769 -1.7333 -1.7324 -1.7352 -1.7240 -1.7187 -1.7131 -1.7007 -1.6959 -1.6936 -1.6768 -1.6639 -1.6676 -1.6679 -1.6614 -1.6578 -1.6546 -1.6488 -1.6430 -1.6415 -1.6474 -1.6527 -1.6491 -1.6330 -1.6157 -1.6120 -1.6182 -1.6239 -1.6177 -1.6079 -1.6056 -1.5980 -1.5870 -1.5931 -1.5900 -1.5419 -1.4578 -1.4398 -1.6368 -1.8585 -1.7709
-1.6449 -1.8880 -2.0616 -2.1514 -2.1908 -2.2587 -2.3592 -2.4354 -2.4944 -2.5559 -2.6169 -2.6474 -2.6181 -2.5949 -2.6194 -2.6390 -2.6444 -2.6563 -2.6604 -2.6539 -2.6655 -2.6949 -2.7172 -2.6951 -2.6435 -2.6458 -2.6703 -2.6491 -2.6281 -2.6308 -2.6233 -2.5964 -2.5592 -2.5302 -2.5089 -2.4751 -2.4412 -2.4232 -2.4046 -2.3781 -2.3475 -2.2858 -2.1985 -2.2001 -2.4354 -3.0070 -3.6872 -4.1653 -4.2204 -3.8086 -3.0711 -2.3853 -2.0424 -2.0182 -2.1128 -2.0925 -2.0554 -2.0873 -2.0988 -2.0854 -2.0952 -2.1086 -2.1113 -2.1213 -2.1337 -2.1332 -2.1240 -2.1132 -2.1055 -2.1016 -2.0981 -2.0841 -2.0565 -2.0237 -1.9975 -1.9840 -1.9685 -1.9492 -1.9390 -1.9278 -1.9059 -1.8898 -1.8775 -1.8501 -1.8206 -1.8014 -1.7780 -1.7585 -1.7638 -1.7585 -1.7293 -1.7372 -1.7303 -1.6217 -1.6190 -1.9436 -2.6528 -3.3894 -3.6765 -3.7265 -3.7801 -3.8096 -3.5403 -2.7585 -2.0060 -1.6682 -1.6476 -1.7260 -1.7164 -1.6910 -1.7001 -1.7031 -1.6966 -1.6940 -1.6933 -1.6946 -1.7021 -1.7106 -1.7131 -1.7100 -1.7102 -1.7279 -1.7572 -1.7909 -1.8358 -1.8757 -1.8789 -1.8550 -1.8276 -1.8164 -1.8165 -1.8107 -1.8205 -1.8616 -1.9165 -1.9735 -2.0291 -2.0876 -2.1472 -2.1946 -2.2240 -2.2341 -2.2194 -2.1830 -2.1374 -2.0413 -1.8671 -1.7486 -1.8971 -2.5200 -3.2795 -3.6934 -3.7276 -3.4140 -2.7885 -2.1134 -1.6886 -1.6151 -1.7541 -1.7954 -1.7606 -1.7583 -1.7603 -1.7536 -1.7538 -1.7444 -1.7164 -1.7027 -1.7027 -1.6902 -1.6792 -1.6806 -1.6754 -1.6617 -1.6516 -1.6468 -1.6449 -1.6419 -1.6410 -1.6474 -1.6548 -1.6546 -1.6412 -1.6258 -1.6231 -1.6239 -1.6231 -1.6285 -1.6322 -1.6214 -1.5982 -1.5775 -1.5801 -1.5766 -1.5305 -1.4573 -1.4421 -1.5966 -1.7418 -1.6493
-1.6530 -1.8999 -2.0560 -2.1356 -2.1941 -2.2805 -2.3784 -2.4297 -2.4694 -2.5391 -2.6256 -2.6810 -2.6598 -2.6403 -2.6726 -2.6921 -2.6928 -2.7077 -2.7184 -2.7153 -2.7242 -2.7456 -2.7593 -2.7391 -2.7008 -2.7127 -2.7382 -2.7129 -2.6911 -2.6950 -2.6776 -2.6397 -2.6056 -2.5852 -2.5673 -2.5246 -2.4801 -2.4607 -2.4424 -2.4127 -2.3742 -2.2960 -2.1866 -2.1817 -2.4249 -2.9977 -3.6745 -4.1504 -4.2012 -3.7930 -3.0793 -2.3986 -2.0265 -1.9957 -2.1083 -2.0937 -2.0529 -2.0832 -2.1013 -2.0954 -2.1020 -2.1079 -2.1023 -2.0976 -2.0947 -2.0880 -2.0750 -2.0619 -2.0633 -2.0709 -2.0690 -2.0581 -2.0394 -2.0131 -1.9883 -1.9728 -1.9606 -1.9497 -1.9434 -1.9301 -1.9034 -1.8831 -1.8685 -1.8401 -1.8139 -1.8030 -1.7851 -1.7627 -1.7568 -1.7441 -1.7171 -1.7229 -1.7127 -1.6129 -1.6186 -1.9375 -2.6266 -3.3457 -3.6375 -3.6988 -3.7547 -3.7811 -3.5491 -2.8711 -2.1468 -1.7234 -1.6531 -1.7313 -1.7166 -1.6837 -1.6884 -1.6842 -1.6742 -1.6778 -1.6798 -1.6778 -1.6886 -1.7044 -1.7125 -1.7161 -1.7240 -1.7454 -1.7758 -1.8106 -1.8579 -1.9008 -1.9057 -1.8827 -1.8544 -1.8365 -1.8288 -1.8245 -1.8437 -1.8978 -1.9661 -2.0324 -2.0884 -2.1346 -2.1766 -2.2232 -2.2596 -2.2619 -2.2323 -2.1831 -2.1273 -2.0356 -1.8763 -1.7025 -1.7466 -2.3728 -3.2167 -3.6911 -3.7329 -3.3956 -2.7706 -2.1095 -1.6835 -1.6051 -1.7486 -1.8085 -1.7884 -1.7830 -1.7810 -1.7768 -1.7797 -1.7652 -1.7234 -1.7023 -1.7062 -1.7026 -1.6951 -1.6908 -1.6801 -1.6629 -1.6468 -1.6379 -1.6376 -1.6411 -1.6447 -1.6467 -1.6481 -1.6485 -1.6445 -1.6409 -1.6428 -1.6352 -1.6211 -1.6296 -1.6412 -1.6227 -1.5893 -1.5647 -1.5649 -1.5607 -1.5159 -1.4424 -1.4269 -1.5864 -1.7202 -1.6135
-1.6885 -1.8998 -2.0442 -2.1223 -2.1774 -2.2595 -2.3534 -2.4021 -2.4453 -2.5258 -2.6203 -2.6859 -2.6892 -2.6925 -2.7315 -2.7455 -2.7368 -2.7473 -2.7605 -2.7637 -2.7739 -2.7897 -2.7958 -2.7775 -2.7485 -2.7551 -2.7726 -2.7572 -2.7465 -2.7518 -2.7328 -2.6960 -2.6661 -2.6445 -2.6167 -2.5613 -2.5075 -2.4856 -2.4661 -2.4354 -2.3991 -2.3102 -2.1726 -2.1610 -2.4193 -2.9940 -3.6642 -4.1365 -4.1812 -3.7739 -3.0838 -2.4191 -2.0379 -2.0045 -2.1235 -2.1055 -2.0548 -2.0775 -2.0955 -2.0945 -2.1040 -2.1078 -2.0945 -2.0770 -2.0621 -2.0503 -2.0389 -2.0315 -2.0391 -2.0511 -2.0507 -2.0393 -2.0210 -1.9996 -1.9817 -1.9716 -1.9630 -1.9520 -1.9393 -1.9198 -1.8928 -1.8744 -1.8610 -1.8326 -1.8062 -1.7968 -1.7835 -1.7641 -1.7514 -1.7285 -1.6966 -1.7062 -1.7015 -1.6025 -1.6393 -2.0418 -2.8431 -3.6544 -3.9733 -4.0236 -4.0713 -4.1198 -3.9104 -3.1967 -2.3457 -1.7590 -1.6380 -1.7437 -1.7285 -1.6844 -1.6852 -1.6731 -1.6566 -1.6636 -1.6682 -1.6649 -1.6777 -1.6977 -1.7091 -1.7185 -1.7336 -1.7583 -1.7900 -1.8266 -1.8727 -1.9122 -1.9159 -1.8954 -1.8717 -1.8549 -1.8473 -1.8491 -1.8764 -1.9350 -2.0032 -2.0676 -2.1236 -2.1677 -2.2056 -2.2553 -2.2969 -2.2946 -2.2528 -2.1880 -2.1162 -2.0200 -1.8738 -1.6983 -1.7189 -2.3349 -3.1912 -3.6897 -3.7419 -3.3989 -2.7768 -2.1187 -1.6808 -1.5861 -1.7235 -1.7980 -1.7998 -1.8067 -1.8057 -1.7944 -1.7874 -1.7673 -1.7271 -1.7067 -1.7091 -1.7055 -1.6956 -1.6863 -1.6780 -1.6675 -1.6516 -1.6395 -1.6384 -1.6448 -1.6499 -1.6456 -1.6403 -1.6394 -1.6383 -1.6428 -1.6566 -1.6489 -1.6201 -1.6178 -1.6272 -1.6128 -1.5902 -1.5818 -1.5991 -1.5995 -1.5373 -1.4365 -1.4049 -1.5784 -1.7256 -1.6093
-1.8666 -1.9300 -2.0261 -2.1106 -2.1502 -2.2116 -2.2998 -2.3656 -2.4307 -2.5182 -2.6025 -2.6630 -2.6950 -2.7280 -2.7707 -2.7798 -2.7660 -2.7710 -2.7834 -2.7916 -2.8056 -2.8197 -2.8194 -2.8015 -2.7786 -2.7783 -2.7893 -2.7884 -2.7917 -2.7998 -2.7868 -2.7586 -2.7313 -2.6987 -2.6511 -2.5843 -2.5269 -2.5018 -2.4774 -2.4440 -2.4132 -2.3215 -2.1647 -2.1513 -2.4245 -2.9989 -3.6591 -4.1247 -4.1657 -3.7629 -3.0920 -2.4443 -2.0656 -2.0311 -2.1476 -2.1207 -2.0571 -2.0677 -2.0797 -2.0806 -2.0981 -2.1067 -2.0902 -2.0667 -2.0467 -2.0334 -2.0257 -2.0244 -2.0326 -2.0433 -2.0452 -2.0321 -2.0078 -1.9856 -1.9732 -1.9708 -1.9655 -1.9509 -1.9303 -1.9064 -1.8837 -1.8706 -1.8588 -1.8288 -1.7979 -1.7836 -1.7724 -1.7596 -1.7478 -1.7187 -1.6807 -1.6995 -1.7019 -1.5871 -1.6739 -2.2459 -3.2669 -4.2368 -4.5633 -4.5594 -4.5937 -4.7055 -4.5295 -3.6787 -2.5809 -1.7727 -1.6052 -1.7626 -1.7472 -1.6870 -1.6877 -1.6715 -1.6483 -1.6554 -1.6630 -1.6619 -1.6758 -1.6960 -1.7077 -1.7207 -1.7416 -1.7695 -1.8028 -1.8408 -1.8840 -1.9182 -1.9211 -1.9051 -1.8886 -1.8773 -1.8739 -1.8816 -1.9112 -1.9640 -2.0199 -2.0746 -2.1336 -2.1880 -2.2360 -2.2916 -2.3347 -2.3302 -2.2788 -2.1963 -2.1050 -1.9971 -1.8586 -1.7218 -1.7867 -2.3886 -3.2044 -3.6950 -3.7525 -3.4116 -2.7920 -2.1320 -1.6821 -1.5702 -1.6961 -1.7772 -1.7997 -1.8275 -1.8304 -1.8053 -1.7829 -1.7599 -1.7314 -1.7159 -1.7121 -1.7019 -1.6876 -1.6769 -1.6736 -1.6712 -1.6597 -1.6485 -1.6464 -1.6510 -1.6527 -1.6432 -1.6348 -1.6335 -1.6295 -1.6350 -1.6607 -1.6585 -1.6199 -1.6028 -1.6055 -1.6007 -1.5955 -1.6068 -1.6467 -1.6556 -1.5742 -1.4464 -1.4001 -1.5813 -1.7372 -1.6125
-2.3391 -2.0519 -1.9969 -2.0941 -2.1388 -2.1864 -2.2638 -2.3449 -2.4276 -2.5098 -2.5729 -2.6198 -2.6687 -2.7211 -2.7654 -2.7793 -2.7757 -2.7847 -2.7954 -2.8000 -2.8133 -2.8250 -2.8153 -2.7948 -2.7840 -2.8019 -2.8249 -2.8227 -2.8260 -2.8422 -2.8365 -2.8110 -2.7805 -2.7343 -2.6699 -2.6008 -2.5480 -2.5208 -2.4890 -2.4474 -2.4115 -2.3207 -2.1696 -2.1569 -2.4266 -3.0024 -3.6624 -4.1213 -4.1605 -3.7641 -3.1028 -2.4600 -2.0796 -2.0450 -2.1615 -2.1274 -2.0517 -2.0508 -2.0574 -2.0607 -2.0864 -2.1032 -2.0916 -2.0705 -2.0521 -2.0400 -2.0292 -2.0200 -2.0212 -2.0305 -2.0376 -2.0269 -1.9980 -1.9689 -1.9521 -1.9506 -1.9492 -1.9397 -1.9245 -1.9057 -1.8866 -1.8737 -1.8594 -1.8264 -1.7904 -1.7689 -1.7557 -1.7478 -1.7434 -1.7193 -1.6841 -1.7136 -1.7127 -1.5622 -1.7045 -2.4819 -3.7267 -4.8076 -5.0642 -4.9531 -4.9788 -5.2016 -5.1153 -4.1578 -2.8167 -1.7783 -1.5663 -1.7801 -1.7561 -1.6745 -1.6814 -1.6698 -1.6445 -1.6508 -1.6629 -1.6684 -1.6831 -1.7005 -1.7115 -1.7270 -1.7521 -1.7825 -1.8152 -1.8499 -1.8893 -1.9224 -1.9303 -1.9226 -1.9133 -1.9052 -1.9023 -1.9108 -1.9365 -1.9770 -2.0172 -2.0628 -2.1283 -2.1976 -2.2583 -2.3175 -2.3593 -2.3556 -2.2986 -2.2002 -2.0921 -1.9736 -1.8367 -1.7199 -1.8103 -2.4105 -3.2154 -3.7128 -3.7680 -3.4093 -2.7832 -2.1288 -1.6850 -1.5732 -1.6944 -1.7742 -1.8031 -1.8422 -1.8449 -1.8084 -1.7797 -1.7595 -1.7384 -1.7232 -1.7131 -1.7003 -1.6886 -1.6815 -1.6749 -1.6667 -1.6583 -1.6536 -1.6540 -1.6545 -1.6500 -1.6389 -1.6328 -1.6345 -1.6295 -1.6320 -1.6572 -1.6562 -1.6184 -1.6000 -1.6015 -1.5972 -1.5882 -1.5922 -1.6316 -1.6475 -1.5776 -1.4678 -1.4386 -1.6199 -1.7604 -1.6171
-2.8749 -2.1985 -1.9621 -2.0724 -2.1407 -2.1876 -2.2531 -2.3397 -2.4270 -2.4942 -2.5365 -2.5718 -2.6264 -2.6863 -2.7314 -2.7540 -2.7661 -2.7855 -2.7974 -2.7966 -2.8052 -2.8113 -2.7910 -2.7658 -2.7677 -2.8197 -2.8681 -2.8532 -2.8451 -2.8702 -2.8695 -2.8411 -2.8056 -2.7527 -2.6838 -2.6195 -2.5719 -2.5399 -2.5003 -2.4498 -2.4016 -2.3123 -2.1813 -2.1641 -2.4106 -2.9913 -3.6649 -4.1228 -4.1641 -3.7759 -3.1163 -2.4695 -2.0840 -2.0476 -2.1634 -2.1242 -2.0399 -2.0305 -2.0343 -2.0417 -2.0757 -2.1024 -2.0987 -2.0801 -2.0619 -2.0517 -2.0363 -2.0149 -2.0076 -2.0156 -2.0264 -2.0183 -1.9859 -1.9468 -1.9216 -1.9210 -1.9261 -1.9258 -1.9224 -1.9125 -1.8941 -1.8758 -1.8556 -1.8227 -1.7863 -1.7583 -1.7388 -1.7299 -1.7310 -1.7168 -1.6939 -1.7362 -1.7294 -1.5436 -1.7184 -2.6383 -4.0251 -5.1512 -5.3192 -5.1101 -5.1338 -5.4489 -5.4477 -4.4480 -2.9656 -1.7810 -1.5371 -1.7836 -1.7522 -1.6577 -1.6725 -1.6690 -1.6452 -1.6497 -1.6646 -1.6769 -1.6917 -1.7065 -1.7188 -1.7362 -1.7622 -1.7940 -1.8260 -1.8564 -1.8929 -1.9281 -1.9436 -1.9437 -1.9376 -1.9280 -1.9205 -1.9231 -1.9409 -1.9717 -2.0039 -2.0462 -2.1152 -2.1930 -2.2617 -2.3193 -2.3562 -2.3558 -2.2974 -2.1880 -2.0729 -1.9533 -1.8161 -1.6997 -1.7930 -2.4012 -3.2201 -3.7324 -3.7822 -3.4006 -2.7656 -2.1190 -1.6892 -1.5884 -1.7116 -1.7834 -1.8041 -1.8424 -1.8437 -1.8044 -1.7785 -1.7631 -1.7429 -1.7241 -1.7093 -1.6971 -1.6918 -1.6912 -1.6785 -1.6583 -1.6493 -1.6511 -1.6562 -1.6547 -1.6458 -1.6357 -1.6340 -1.6391 -1.6336 -1.6296 -1.6442 -1.6421 -1.6158 -1.6082 -1.6125 -1.6008 -1.5739 -1.5540 -1.5735 -1.5890 -1.5487 -1.4868 -1.4971 -1.6765 -1.7901 -1.6243
-3.0805 -2.2487 -1.9327 -2.0488 -2.1393 -2.1948 -2.2543 -2.3367 -2.4157 -2.4670 -2.5004 -2.5366 -2.5943 -2.6562 -2.7014 -2.7247 -2.7400 -2.7664 -2.7868 -2.7915 -2.7952 -2.7911 -2.7649 -2.7358 -2.7398 -2.8146 -2.8844 -2.8622 -2.8437 -2.8708 -2.8715 -2.8417 -2.8063 -2.7617 -2.7063 -2.6475 -2.5944 -2.5504 -2.5042 -2.4521 -2.3959 -2.3066 -2.1875 -2.1522 -2.3647 -2.9536 -3.6526 -4.1201 -4.1702 -3.7908 -3.1284 -2.4789 -2.0974 -2.0562 -2.1603 -2.1155 -2.0279 -2.0140 -2.0171 -2.0297 -2.0737 -2.1101 -2.1093 -2.0815 -2.0522 -2.0425 -2.0326 -2.0142 -2.0057 -2.0100 -2.0166 -2.0035 -1.9646 -1.9175 -1.8920 -1.9046 -1.9199 -1.9213 -1.9198 -1.9116 -1.8911 -1.8654 -1.8397 -1.8150 -1.7874 -1.7553 -1.7267 -1.7087 -1.7030 -1.6924 -1.6862 -1.7456 -1.7467 -1.5548 -1.7073 -2.5986 -3.9776 -5.1106 -5.2775 -5.0690 -5.0956 -5.3931 -5.3696 -4.3763 -2.9283 -1.7806 -1.5335 -1.7615 -1.7396 -1.6587 -1.6756 -1.6745 -1.6522 -1.6529 -1.6650 -1.6775 -1.6913 -1.7073 -1.7256 -1.7441 -1.7661 -1.7984 -1.8336 -1.8651 -1.9017 -1.9381 -1.9564 -1.9569 -1.9463 -1.9310 -1.9159 -1.9065 -1.9164 -1.9502 -1.9916 -2.0387 -2.0989 -2.1690 -2.2375 -2.2867 -2.3138 -2.3177 -2.2618 -2.1486 -2.0428 -1.9375 -1.8034 -1.6965 -1.8087 -2.4220 -3.2328 -3.7365 -3.7847 -3.4073 -2.7729 -2.1241 -1.6945 -1.5984 -1.7241 -1.7836 -1.7876 -1.8192 -1.8247 -1.7945 -1.7732 -1.7580 -1.7366 -1.7155 -1.6979 -1.6838 -1.6801 -1.6850 -1.6759 -1.6550 -1.6418 -1.6419 -1.6506 -1.6534 -1.6470 -1.6377 -1.6364 -1.6409 -1.6302 -1.6161 -1.6199 -1.6212 -1.6131 -1.6173 -1.6220 -1.6042 -1.5690 -1.5378 -1.5376 -1.5412 -1.5148 -1.4871 -1.5305 -1.7138 -1.8154 -1.6379
-2.9337 -2.2069 -1.9221 -2.0327 -2.1343 -2.1979 -2.2531 -2.3260 -2.3937 -2.4358 -2.4713 -2.5157 -2.5735 -2.6304 -2.6707 -2.6881 -2.6999 -2.7304 -2.7644 -2.7832 -2.7816 -2.7654 -2.7444 -2.7218 -2.7229 -2.7951 -2.8654 -2.8443 -2.8261 -2.8520 -2.8511 -2.8199 -2.7866 -2.7573 -2.7239 -2.6705 -2.6088 -2.5547 -2.5015 -2.4457 -2.3874 -2.3002 -2.1828 -2.1238 -2.3041 -2.9004 -3.6251 -4.1063 -4.1637 -3.7796 -3.0920 -2.4426 -2.1024 -2.0727 -2.1569 -2.1069 -2.0208 -2.0038 -2.0071 -2.0246 -2.0741 -2.1139 -2.1110 -2.0716 -2.0298 -2.0197 -2.0193 -2.0128 -2.0088 -2.0088 -2.0058 -1.9837 -1.9390 -1.8886 -1.8677 -1.8941 -1.9160 -1.9127 -1.9069 -1.8976 -1.8765 -1.8468 -1.8186 -1.8033 -1.7853 -1.7513 -1.7151 -1.6874 -1.6714 -1.6607 -1.6687 -1.7430 -1.7622 -1.5905 -1.6781 -2.3950 -3.6192 -4.6997 -4.9303 -4.8079 -4.8471 -5.0425 -4.9203 -3.9939 -2.7368 -1.7760 -1.5545 -1.7280 -1.7245 -1.6729 -1.6864 -1.6825 -1.6621 -1.6601 -1.6677 -1.6762 -1.6863 -1.7031 -1.7280 -1.7488 -1.7679 -1.8013 -1.8404 -1.8746 -1.9110 -1.9454 -1.9626 -1.9587 -1.9382 -1.9146 -1.8930 -1.8746 -1.8815 -1.9246 -1.9814 -2.0344 -2.0775 -2.1307 -2.1953 -2.2330 -2.2465 -2.2518 -2.2025 -2.0966 -2.0106 -1.9231 -1.7902 -1.7082 -1.8666 -2.4813 -3.2556 -3.7275 -3.7723 -3.4122 -2.7807 -2.1246 -1.6939 -1.6007 -1.7253 -1.7718 -1.7590 -1.7825 -1.7930 -1.7737 -1.7549 -1.7377 -1.7165 -1.6969 -1.6803 -1.6650 -1.6610 -1.6694 -1.6682 -1.6529 -1.6355 -1.6313 -1.6431 -1.6526 -1.6502 -1.6381 -1.6336 -1.6377 -1.6241 -1.6032 -1.6004 -1.6055 -1.6110 -1.6217 -1.6247 -1.6051 -1.5752 -1.5508 -1.5416 -1.5288 -1.4962 -1.4767 -1.5356 -1.7263 -1.8306 -1.6510
-2.6018 -2.1369 -1.9412 -2.0340 -2.1326 -2.1934 -2.2371 -2.3014 -2.3665 -2.4113 -2.4533 -2.5014 -2.5520 -2.5936 -2.6186 -2.6317 -2.6483 -2.6850 -2.7313 -2.7639 -2.7554 -2.7299 -2.7295 -2.7336 -2.7385 -2.7795 -2.8173 -2.8022 -2.7997 -2.8291 -2.8254 -2.7892 -2.7529 -2.7315 -2.7136 -2.6671 -2.6085 -2.5596 -2.4963 -2.4212 -2.3629 -2.2850 -2.1666 -2.0927 -2.2567 -2.8551 -3.5913 -4.0786 -4.1308 -3.7135 -2.9588 -2.3101 -2.0707 -2.0898 -2.1554 -2.1032 -2.0220 -1.9999 -2.0033 -2.0229 -2.0648 -2.0953 -2.0895 -2.0530 -2.0150 -2.0046 -2.0046 -2.0019 -2.0016 -2.0002 -1.9890 -1.9616 -1.9188 -1.8713 -1.8500 -1.8712 -1.8860 -1.8780 -1.8740 -1.8707 -1.8558 -1.8308 -1.8049 -1.7889 -1.7693 -1.7344 -1.6974 -1.6697 -1.6558 -1.6495 -1.6627 -1.7400 -1.7740 -1.6310 -1.6452 -2.1355 -3.1062 -4.0434 -4.3222 -4.3083 -4.3746 -4.4633 -4.2562 -3.4705 -2.4879 -1.7654 -1.5896 -1.7075 -1.7130 -1.6835 -1.6921 -1.6855 -1.6690 -1.6697 -1.6781 -1.6843 -1.6877 -1.6989 -1.7249 -1.7510 -1.7758 -1.8118 -1.8500 -1.8804 -1.9107 -1.9398 -1.9560 -1.9488 -1.9188 -1.8878 -1.8653 -1.8519 -1.8642 -1.9094 -1.9686 -2.0184 -2.0458 -2.0873 -2.1510 -2.1801 -2.1794 -2.1798 -2.1405 -2.0557 -1.9888 -1.9047 -1.7625 -1.7152 -1.9425 -2.5588 -3.2829 -3.7168 -3.7469 -3.3851 -2.7451 -2.0886 -1.6800 -1.6001 -1.7179 -1.7539 -1.7326 -1.7499 -1.7568 -1.7362 -1.7170 -1.7012 -1.6842 -1.6707 -1.6606 -1.6511 -1.6514 -1.6622 -1.6605 -1.6438 -1.6271 -1.6260 -1.6421 -1.6536 -1.6480 -1.6271 -1.6189 -1.6298 -1.6252 -1.6099 -1.6066 -1.6077 -1.6089 -1.6177 -1.6212 -1.6048 -1.5867 -1.5789 -1.5750 -1.5537 -1.5051 -1.4735 -1.5297 -1.7254 -1.8346 -1.6534
-2.2728 -2.0713 -1.9700 -2.0445 -2.1325 -2.1853 -2.2157 -2.2675 -2.3292 -2.3819 -2.4304 -2.4760 -2.5140 -2.5381 -2.5499 -2.5653 -2.5924 -2.6318 -2.6816 -2.7220 -2.7120 -2.6865 -2.7061 -2.7361 -2.7492 -2.7598 -2.7626 -2.7512 -2.7623 -2.7940 -2.7891 -2.7508 -2.7118 -2.6930 -2.6834 -2.6447 -2.5963 -2.5594 -2.4893 -2.3958 -2.3399 -2.2708 -2.1482 -2.0717 -2.2402 -2.8433 -3.5800 -4.0611 -4.0996 -3.6500 -2.8404 -2.1921 -2.0324 -2.0910 -2.1458 -2.0995 -2.0271 -1.9999 -2.0014 -2.0193 -2.0464 -2.0620 -2.0555 -2.0357 -2.0145 -2.0010 -1.9906 -1.9828 -1.9843 -1.9843 -1.9677 -1.9388 -1.9027 -1.8637 -1.8418 -1.8482 -1.8480 -1.8343 -1.8342 -1.8394 -1.8328 -1.8167 -1.7961 -1.7750 -1.7486 -1.7146 -1.6834 -1.6640 -1.6599 -1.6587 -1.6680 -1.7352 -1.7722 -1.6550 -1.6210 -1.9350 -2.6801 -3.4640 -3.7564 -3.8194 -3.9094 -3.9310 -3.6800 -3.0220 -2.2681 -1.7453 -1.6195 -1.7006 -1.7053 -1.6866 -1.6935 -1.6855 -1.6711 -1.6746 -1.6870 -1.6970 -1.7009 -1.7091 -1.7315 -1.7601 -1.7911 -1.8261 -1.8562 -1.8762 -1.8979 -1.9216 -1.9343 -1.9253 -1.8951 -1.8660 -1.8504 -1.8497 -1.8651 -1.8970 -1.9434 -1.9853 -2.0041 -2.0387 -2.0990 -2.1258 -2.1204 -2.1143 -2.0833 -2.0229 -1.9704 -1.8809 -1.7263 -1.7112 -2.0028 -2.6202 -3.3007 -3.7074 -3.7217 -3.3462 -2.6968 -2.0478 -1.6669 -1.6009 -1.7100 -1.7369 -1.7107 -1.7237 -1.7244 -1.6971 -1.6763 -1.6647 -1.6555 -1.6503 -1.6476 -1.6446 -1.6491 -1.6599 -1.6537 -1.6334 -1.6211 -1.6254 -1.6418 -1.6510 -1.6409 -1.6133 -1.6039 -1.6217 -1.6258 -1.6197 -1.6250 -1.6193 -1.6001 -1.6015 -1.6126 -1.6078 -1.5979 -1.5948 -1.5996 -1.5823 -1.5240 -1.4796 -1.5303 -1.7305 -1.8416 -1.6527
-2.1143 -2.0245 -1.9783 -2.0494 -2.1286 -2.1793 -2.2050 -2.2332 -2.2753 -2.3299 -2.3824 -2.4227 -2.4476 -2.4639 -2.4811 -2.5077 -2.5402 -2.5710 -2.6093 -2.6479 -2.6511 -2.6398 -2.6572 -2.6829 -2.7003 -2.7186 -2.7252 -2.7092 -2.7098 -2.7325 -2.7302 -2.7014 -2.6698 -2.6570 -2.6538 -2.6224 -2.5794 -2.5448 -2.4799 -2.3949 -2.3444 -2.2720 -2.1400 -2.0701 -2.2613 -2.8822 -3.6186 -4.0825 -4.1100 -3.6706 -2.8898 -2.2414 -2.0345 -2.0597 -2.1158 -2.0876 -2.0285 -2.0000 -1.9968 -2.0086 -2.0248 -2.0321 -2.0286 -2.0295 -2.0261 -2.0033 -1.9762 -1.9610 -1.9636 -1.9656 -1.9458 -1.9153 -1.8849 -1.8579 -1.8443 -1.8461 -1.8351 -1.8118 -1.8082 -1.8143 -1.8102 -1.7989 -1.7836 -1.7644 -1.7388 -1.7085 -1.6864 -1.6777 -1.6780 -1.6746 -1.6747 -1.7221 -1.7463 -1.6453 -1.6154 -1.8901 -2.5725 -3.3056 -3.5888 -3.6575 -3.7442 -3.7575 -3.4987 -2.8455 -2.1467 -1.7141 -1.6251 -1.6976 -1.6989 -1.6841 -1.6953 -1.6872 -1.6685 -1.6673 -1.6815 -1.7033 -1.7263 -1.7467 -1.7644 -1.7848 -1.8093 -1.8335 -1.8492 -1.8560 -1.8728 -1.8947 -1.8975 -1.8859 -1.8723 -1.8629 -1.8614 -1.8683 -1.8717 -1.8722 -1.8975 -1.9357 -1.9555 -1.9820 -2.0272 -2.0586 -2.0677 -2.0612 -2.0314 -1.9837 -1.9407 -1.8521 -1.6957 -1.6969 -2.0164 -2.6322 -3.2955 -3.6994 -3.7128 -3.3340 -2.6924 -2.0541 -1.6744 -1.6055 -1.7096 -1.7261 -1.6899 -1.6998 -1.7022 -1.6776 -1.6567 -1.6481 -1.6489 -1.6510 -1.6493 -1.6441 -1.6442 -1.6509 -1.6464 -1.6323 -1.6244 -1.6254 -1.6322 -1.6378 -1.6323 -1.6116 -1.6054 -1.6192 -1.6131 -1.6061 -1.6300 -1.6240 -1.5778 -1.5719 -1.6013 -1.6184 -1.6030 -1.5726 -1.5746 -1.5733 -1.5257 -1.4900 -1.5503 -1.7588 -1.8679 -1.6626
-2.0837 -1.9876 -1.9671 -2.0471 -2.1158 -2.1657 -2.1958 -2.2041 -2.2230 -2.2728 -2.3264 -2.3637 -2.3804 -2.3958 -2.4249 -2.4610 -2.4924 -2.5108 -2.5320 -2.5627 -2.5850 -2.5941 -2.5954 -2.5956 -2.6091 -2.6547 -2.6910 -2.6720 -2.6544 -2.6641 -2.6630 -2.6466 -2.6300 -2.6273 -2.6291 -2.6042 -2.5630 -2.5230 -2.4691 -2.4073 -2.3603 -2.2777 -2.1403 -2.0778 -2.2862 -2.9217 -3.6602 -4.1140 -4.1411 -3.7350 -3.0231 -2.3701 -2.0489 -2.0089 -2.0779 -2.0683 -2.0195 -1.9951 -1.9888 -1.9934 -2.0037 -2.0083 -2.0083 -2.0229 -2.0296 -1.9974 -1.9580 -1.9390 -1.9404 -1.9407 -1.9182 -1.8867 -1.8602 -1.8445 -1.8425 -1.8480 -1.8334 -1.8026 -1.7920 -1.7935 -1.7880 -1.7772 -1.7644 -1.7500 -1.7303 -1.7065 -1.6934 -1.6921 -1.6911 -1.6823 -1.6745 -1.7025 -1.7095 -1.6197 -1.6249 -1.9427 -2.6595 -3.4074 -3.6817 -3.7240 -3.7880 -3.8156 -3.5629 -2.8496 -2.1065 -1.6889 -1.6187 -1.6945 -1.6907 -1.6736 -1.6883 -1.6827 -1.6626 -1.6577 -1.6723 -1.7042 -1.7474 -1.7819 -1.7940 -1.8005 -1.8107 -1.8205 -1.8231 -1.8203 -1.8350 -1.8563 -1.8497 -1.8377 -1.8446 -1.8568 -1.8677 -1.8766 -1.8664 -1.8408 -1.8481 -1.8839 -1.9100 -1.9278 -1.9490 -1.9814 -2.0097 -2.0093 -1.9785 -1.9335 -1.8997 -1.8234 -1.6758 -1.6805 -1.9999 -2.6174 -3.2867 -3.6996 -3.7196 -3.3477 -2.7225 -2.0902 -1.6896 -1.6035 -1.7042 -1.7134 -1.6680 -1.6755 -1.6856 -1.6716 -1.6522 -1.6444 -1.6527 -1.6583 -1.6538 -1.6443 -1.6378 -1.6375 -1.6377 -1.6351 -1.6295 -1.6230 -1.6191 -1.6216 -1.6232 -1.6149 -1.6158 -1.6242 -1.6026 -1.5874 -1.6245 -1.6206 -1.5565 -1.5478 -1.5928 -1.6250 -1.5996 -1.5404 -1.5356 -1.5483 -1.5176 -1.4991 -1.5730 -1.7844 -1.8950 -1.6856
-2.0597 -1.9462 -1.9518 -2.0421 -2.0919 -2.1330 -2.1721 -2.1837 -2.1971 -2.2391 -2.2910 -2.3317 -2.3494 -2.3635 -2.3901 -2.4215 -2.4472 -2.4608 -2.4737 -2.4967 -2.5302 -2.5531 -2.5423 -2.5192 -2.5196 -2.5759 -2.6341 -2.6271 -2.6119 -2.6181 -2.6104 -2.5953 -2.5943 -2.6026 -2.6058 -2.5870 -2.5503 -2.5066 -2.4590 -2.4101 -2.3586 -2.2705 -2.1424 -2.0795 -2.2733 -2.8990 -3.6415 -4.1120 -4.1531 -3.7626 -3.0786 -2.4127 -2.0253 -1.9619 -2.0521 -2.0460 -1.9957 -1.9803 -1.9783 -1.9794 -1.9855 -1.9877 -1.9869 -1.9991 -2.0029 -1.9700 -1.9335 -1.9171 -1.9132 -1.9050 -1.8795 -1.8493 -1.8266 -1.8165 -1.8192 -1.8262 -1.8141 -1.7865 -1.7737 -1.7716 -1.7654 -1.7540 -1.7391 -1.7234 -1.7068 -1.6914 -1.6842 -1.6835 -1.6801 -1.6701 -1.6623 -1.6825 -1.6829 -1.6065 -1.6390 -1.9808 -2.6967 -3.4362 -3.7245 -3.7705 -3.8125 -3.8268 -3.5692 -2.8430 -2.0963 -1.6888 -1.6207 -1.6895 -1.6783 -1.6527 -1.6616 -1.6628 -1.6565 -1.6611 -1.6776 -1.7055 -1.7443 -1.7741 -1.7788 -1.7753 -1.7749 -1.7771 -1.7765 -1.7733 -1.7852 -1.8026 -1.7974 -1.7907 -1.8030 -1.8176 -1.8284 -1.8386 -1.8340 -1.8153 -1.8186 -1.8472 -1.8777 -1.8897 -1.8862 -1.9042 -1.9352 -1.9441 -1.9180 -1.8737 -1.8544 -1.8006 -1.6669 -1.6715 -1.9863 -2.6166 -3.3026 -3.7156 -3.7340 -3.3680 -2.7498 -2.1124 -1.6889 -1.5835 -1.6785 -1.6891 -1.6446 -1.6507 -1.6666 -1.6635 -1.6465 -1.6372 -1.6463 -1.6503 -1.6441 -1.6401 -1.6348 -1.6269 -1.6279 -1.6324 -1.6256 -1.6161 -1.6131 -1.6141 -1.6138 -1.6102 -1.6199 -1.6361 -1.6160 -1.5948 -1.6219 -1.6146 -1.5565 -1.5526 -1.5933 -1.6132 -1.5875 -1.5417 -1.5404 -1.5492 -1.5188 -1.5025 -1.5729 -1.7707 -1.8947 -1.7179
-2.0109 -1.9208 -1.9508 -2.0394 -2.0689 -2.0998 -2.1473 -2.1734 -2.1932 -2.2282 -2.2739 -2.3158 -2.3393 -2.3544 -2.3723 -2.3915 -2.4079 -2.4185 -2.4312 -2.4546 -2.4917 -2.5151 -2.4939 -2.4560 -2.4449 -2.4977 -2.5637 -2.5749 -2.5764 -2.5883 -2.5737 -2.5546 -2.5653 -2.5787 -2.5763 -2.5619 -2.5357 -2.4980 -2.4544 -2.4066 -2.3492 -2.2623 -2.1483 -2.0822 -2.2524 -2.8592 -3.6056 -4.1012 -4.1542 -3.7588 -3.0714 -2.3917 -1.9806 -1.9232 -2.0348 -2.0227 -1.9644 -1.9596 -1.9664 -1.9682 -1.9722 -1.9717 -1.9664 -1.9679 -1.9639 -1.9369 -1.9081 -1.8920 -1.8821 -1.8684 -1.8442 -1.8179 -1.7978 -1.7884 -1.7894 -1.7949 -1.7889 -1.7712 -1.7588 -1.7520 -1.7447 -1.7334 -1.7170 -1.6970 -1.6806 -1.6730 -1.6697 -1.6669 -1.6620 -1.6530 -1.6478 -1.6696 -1.6720 -1.6018 -1.6425 -1.9832 -2.6689 -3.3815 -3.6937 -3.7645 -3.7948 -3.7855 -3.5186 -2.8111 -2.0885 -1.6915 -1.6191 -1.6786 -1.6637 -1.6326 -1.6359 -1.6469 -1.6600 -1.6788 -1.6957 -1.7091 -1.7250 -1.7355 -1.7328 -1.7263 -1.7230 -1.7239 -1.7257 -1.7276 -1.7369 -1.7489 -1.7500 -1.7485 -1.7533 -1.7584 -1.7649 -1.7782 -1.7889 -1.7924 -1.8013 -1.8226 -1.8520 -1.8604 -1.8429 -1.8426 -1.8637 -1.8800 -1.8605 -1.8173 -1.8143 -1.7845 -1.6622 -1.6660 -1.9806 -2.6298 -3.3349 -3.7424 -3.7471 -3.3720 -2.7469 -2.1035 -1.6744 -1.5626 -1.6539 -1.6690 -1.6291 -1.6327 -1.6495 -1.6525 -1.6398 -1.6310 -1.6375 -1.6379 -1.6318 -1.6349 -1.6341 -1.6227 -1.6234 -1.6299 -1.6196 -1.6096 -1.6125 -1.6128 -1.6072 -1.6045 -1.6209 -1.6465 -1.6357 -1.6123 -1.6198 -1.6109 -1.5759 -1.5787 -1.6006 -1.5940 -1.5750 -1.5648 -1.5702 -1.5649 -1.5282 -1.5029 -1.5544 -1.7317 -1.8768 -1.7483
-1.9462 -1.9370 -1.9774 -2.0414 -2.0596 -2.0891 -2.1394 -2.1709 -2.1941 -2.2258 -2.2592 -2.2899 -2.3171 -2.3407 -2.3598 -2.3729 -2.3779 -2.3772 -2.3915 -2.4288 -2.4669 -2.4763 -2.4391 -2.3947 -2.3865 -2.4371 -2.5006 -2.5205 -2.5348 -2.5558 -2.5443 -2.5271 -2.5420 -2.5492 -2.5332 -2.5201 -2.5108 -2.4937 -2.4580 -2.4065 -2.3513 -2.2707 -2.1606 -2.0975 -2.2698 -2.8768 -3.6247 -4.1221 -4.1658 -3.7589 -3.0771 -2.3917 -1.9523 -1.8894 -2.0144 -1.9988 -1.9360 -1.9394 -1.9538 -1.9587 -1.9641 -1.9618 -1.9508 -1.9460 -1.9405 -1.9194 -1.8882 -1.8599 -1.8483 -1.8435 -1.8292 -1.8088 -1.7896 -1.7784 -1.7764 -1.7798 -1.7796 -1.7711 -1.7561 -1.7401 -1.7279 -1.7188 -1.7072 -1.6871 -1.6706 -1.6675 -1.6680 -1.6664 -1.6621 -1.6512 -1.6430 -1.6686 -1.6739 -1.5912 -1.6225 -1.9662 -2.6455 -3.3494 -3.6719 -3.7551 -3.7880 -3.7816 -3.5171 -2.8049 -2.0733 -1.6683 -1.5950 -1.6595 -1.6509 -1.6269 -1.6382 -1.6586 -1.6802 -1.7029 -1.7150 -1.7131 -1.7051 -1.6959 -1.6889 -1.6864 -1.6875 -1.6886 -1.6906 -1.6958 -1.7043 -1.7128 -1.7154 -1.7120 -1.7066 -1.7068 -1.7167 -1.7354 -1.7523 -1.7627 -1.7773 -1.7988 -1.8202 -1.8257 -1.8136 -1.8087 -1.8199 -1.8367 -1.8196 -1.7778 -1.7874 -1.7724 -1.6527 -1.6565 -1.9784 -2.6441 -3.3632 -3.7671 -3.7478 -3.3401 -2.6990 -2.0634 -1.6586 -1.5645 -1.6589 -1.6734 -1.6312 -1.6298 -1.6412 -1.6428 -1.6369 -1.6346 -1.6406 -1.6402 -1.6340 -1.6338 -1.6320 -1.6252 -1.6300 -1.6367 -1.6228 -1.6091 -1.6105 -1.6102 -1.6066 -1.6099 -1.6265 -1.6449 -1.6330 -1.6099 -1.6110 -1.6116 -1.6019 -1.6067 -1.6090 -1.5855 -1.5711 -1.5788 -1.5811 -1.5666 -1.5371 -1.5058 -1.5331 -1.6988 -1.8635 -1.7643
-1.9001 -1.9701 -2.0044 -2.0347 -2.0455 -2.0755 -2.1236 -2.1539 -2.1767 -2.2052 -2.2259 -2.2430 -2.2728 -2.3071 -2.3340 -2.3492 -2.3493 -2.3381 -2.3518 -2.3995 -2.4346 -2.4308 -2.3887 -2.3503 -2.3506 -2.3969 -2.4498 -2.4673 -2.4849 -2.5115 -2.5065 -2.4921 -2.5017 -2.5005 -2.4793 -2.4698 -2.4748 -2.4776 -2.4487 -2.3938 -2.3473 -2.2770 -2.1666 -2.1084 -2.2999 -2.9337 -3.6823 -4.1426 -4.1650 -3.7674 -3.0999 -2.4061 -1.9329 -1.8554 -1.9868 -1.9724 -1.9109 -1.9213 -1.9395 -1.9443 -1.9498 -1.9464 -1.9323 -1.9246 -1.9191 -1.9003 -1.8641 -1.8252 -1.8150 -1.8211 -1.8160 -1.8023 -1.7876 -1.7777 -1.7728 -1.7711 -1.7717 -1.7680 -1.7498 -1.7260 -1.7095 -1.7026 -1.6972 -1.6810 -1.6660 -1.6642 -1.6659 -1.6659 -1.6639 -1.6510 -1.6364 -1.6644 -1.6725 -1.5749 -1.5948 -1.9467 -2.6395 -3.3505 -3.6694 -3.7520 -3.7956 -3.8036 -3.5500 -2.8385 -2.0889 -1.6557 -1.5726 -1.6441 -1.6445 -1.6319 -1.6545 -1.6759 -1.6908 -1.7058 -1.7107 -1.7004 -1.6805 -1.6627 -1.6567 -1.6602 -1.6663 -1.6667 -1.6660 -1.6704 -1.6767 -1.6823 -1.6850 -1.6797 -1.6683 -1.6679 -1.6826 -1.7031 -1.7168 -1.7220 -1.7381 -1.7615 -1.7742 -1.7787 -1.7801 -1.7789 -1.7832 -1.7964 -1.7807 -1.7441 -1.7622 -1.7538 -1.6354 -1.6472 -1.9872 -2.6682 -3.3851 -3.7622 -3.7105 -3.2833 -2.6459 -2.0327 -1.6557 -1.5781 -1.6737 -1.6836 -1.6371 -1.6332 -1.6381 -1.6333 -1.6320 -1.6363 -1.6419 -1.6418 -1.6355 -1.6283 -1.6247 -1.6276 -1.6380 -1.6431 -1.6272 -1.6082 -1.6016 -1.6014 -1.6064 -1.6176 -1.6279 -1.6279 -1.6097 -1.5914 -1.5960 -1.6061 -1.6107 -1.6180 -1.6135 -1.5844 -1.5681 -1.5730 -1.5645 -1.5491 -1.5405 -1.5138 -1.5229 -1.6826 -1.8567 -1.7670
-1.9067 -1.9837 -1.9991 -2.0071 -2.0063 -2.0290 -2.0721 -2.1032 -2.1251 -2.1463 -2.1613 -2.1781 -2.2111 -2.2497 -2.2814 -2.3050 -2.3141 -2.3063 -2.3144 -2.3498 -2.3752 -2.3764 -2.3600 -2.3432 -2.3443 -2.3757 -2.4109 -2.4192 -2.4314 -2.4535 -2.4481 -2.4287 -2.4239 -2.4245 -2.4234 -2.4242 -2.4306 -2.4355 -2.4065 -2.3521 -2.3158 -2.2585 -2.1538 -2.0948 -2.3000 -2.9835 -3.7337 -4.1162 -4.1321 -3.7974 -3.1380 -2.4100 -1.9054 -1.8179 -1.9551 -1.9450 -1.8888 -1.9068 -1.9244 -1.9216 -1.9209 -1.9163 -1.9039 -1.8926 -1.8803 -1.8589 -1.8278 -1.7976 -1.7893 -1.7913 -1.7833 -1.7754 -1.7736 -1.7718 -1.7650 -1.7529 -1.7458 -1.7413 -1.7242 -1.7019 -1.6870 -1.6798 -1.6743 -1.6626 -1.6521 -1.6495 -1.6466 -1.6434 -1.6449 -1.6340 -1.6151 -1.6421 -1.6538 -1.5592 -1.5817 -1.9388 -2.6425 -3.3601 -3.6704 -3.7499 -3.8028 -3.8086 -3.5636 -2.8995 -2.1678 -1.6973 -1.5838 -1.6473 -1.6492 -1.6404 -1.6617 -1.6693 -1.6643 -1.6651 -1.6648 -1.6578 -1.6456 -1.6367 -1.6378 -1.6439 -1.6482 -1.6459 -1.6420 -1.6415 -1.6408 -1.6418 -1.6493 -1.6516 -1.6429 -1.6411 -1.6510 -1.6637 -1.6708 -1.6725 -1.6846 -1.7033 -1.7134 -1.7204 -1.7277 -1.7267 -1.7264 -1.7368 -1.7267 -1.7021 -1.7266 -1.7210 -1.6116 -1.6447 -2.0134 -2.7112 -3.4030 -3.7092 -3.6306 -3.2464 -2.6548 -2.0614 -1.6771 -1.5832 -1.6671 -1.6738 -1.6310 -1.6322 -1.6351 -1.6229 -1.6190 -1.6223 -1.6245 -1.6227 -1.6173 -1.6112 -1.6126 -1.6243 -1.6359 -1.6372 -1.6222 -1.6005 -1.5853 -1.5868 -1.6012 -1.6153 -1.6153 -1.5990 -1.5811 -1.5736 -1.5803 -1.5848 -1.5856 -1.6029 -1.6115 -1.5819 -1.5567 -1.5502 -1.5308 -1.5199 -1.5382 -1.5283 -1.5321 -1.6819 -1.8499 -1.7616
-1.9430 -1.9876 -1.9874 -1.9890 -1.9790 -1.9958 -2.0365 -2.0619 -2.0759 -2.0924 -2.1150 -2.1425 -2.1713 -2.2024 -2.2362 -2.2690 -2.2897 -2.2894 -2.2894 -2.3033 -2.3194 -2.3379 -2.3620 -2.3727 -2.3682 -2.3762 -2.3895 -2.3897 -2.3929 -2.4008 -2.3903 -2.3668 -2.3504 -2.3582 -2.3819 -2.3899 -2.3896 -2.3913 -2.3649 -2.3183 -2.2940 -2.2470 -2.1450 -2.0789 -2.2907 -3.0205 -3.7645 -4.0709 -4.1585 -3.9818 -3.3091 -2.4716 -1.8923 -1.7885 -1.9439 -1.9439 -1.8900 -1.9094 -1.9251 -1.9167 -1.9089 -1.9014 -1.8905 -1.8773 -1.8603 -1.8378 -1.8160 -1.8008 -1.7940 -1.7868 -1.7716 -1.7651 -1.7720 -1.7765 -1.7686 -1.7479 -1.7330 -1.7268 -1.7147 -1.7003 -1.6906 -1.6808 -1.6695 -1.6600 -1.6542 -1.6508 -1.6420 -1.6336 -1.6374 -1.6295 -1.6081 -1.6312 -1.6424 -1.5531 -1.5813 -1.9402 -2.6442 -3.3610 -3.6683 -3.7470 -3.7987 -3.7908 -3.5415 -2.9089 -2.2045 -1.7333 -1.6113 -1.6697 -1.6709 -1.6599 -1.6724 -1.6633 -1.6404 -1.6301 -1.6280 -1.6277 -1.6279 -1.6307 -1.6375 -1.6437 -1.6455 -1.6410 -1.6344 -1.6290 -1.6227 -1.6211 -1.6333 -1.6429 -1.6387 -1.6378 -1.6432 -1.6450 -1.6438 -1.6440 -1.6503 -1.6612 -1.6720 -1.6819 -1.6886 -1.6865 -1.6844 -1.6925 -1.6879 -1.6761 -1.7045 -1.6985 -1.5970 -1.6451 -2.0304 -2.7374 -3.4085 -3.6724 -3.6504 -3.4002 -2.8304 -2.1660 -1.7145 -1.5804 -1.6520 -1.6651 -1.6341 -1.6416 -1.6440 -1.6262 -1.6149 -1.6130 -1.6144 -1.6140 -1.6115 -1.6107 -1.6176 -1.6316 -1.6390 -1.6351 -1.6233 -1.6049 -1.5875 -1.5885 -1.6044 -1.6170 -1.6100 -1.5861 -1.5743 -1.5769 -1.5804 -1.5768 -1.5750 -1.5988 -1.6148 -1.5848 -1.5564 -1.5467 -1.5207 -1.5115 -1.5479 -1.5484 -1.5433 -1.6736 -1.8292 -1.7498
-1.9681 -2.0004 -2.0031 -2.0110 -2.0014 -2.0245 -2.0683 -2.0717 -2.0647 -2.0874 -2.1326 -2.1734 -2.1831 -2.1937 -2.2293 -2.2669 -2.2880 -2.2856 -2.2782 -2.2815 -2.2970 -2.3319 -2.3865 -2.4179 -2.4086 -2.3913 -2.3820 -2.3812 -2.3774 -2.3657 -2.3520 -2.3367 -2.3233 -2.3340 -2.3600 -2.3608 -2.3548 -2.3654 -2.3552 -2.3261 -2.3168 -2.2739 -2.1617 -2.0867 -2.3030 -3.0496 -3.7731 -4.0542 -4.3302 -4.4116 -3.6949 -2.6485 -1.9173 -1.7782 -1.9703 -1.9876 -1.9267 -1.9341 -1.9496 -1.9481 -1.9397 -1.9262 -1.9108 -1.9011 -1.8927 -1.8772 -1.8594 -1.8458 -1.8402 -1.8339 -1.8187 -1.8069 -1.8044 -1.8037 -1.7953 -1.7760 -1.7624 -1.7587 -1.7533 -1.7471 -1.7419 -1.7291 -1.7106 -1.6986 -1.6942 -1.6921 -1.6818 -1.6706 -1.6741 -1.6661 -1.6420 -1.6601 -1.6630 -1.5621 -1.5847 -1.9447 -2.6393 -3.3465 -3.6638 -3.7444 -3.7784 -3.7623 -3.4921 -2.8003 -2.0901 -1.6923 -1.6251 -1.7003 -1.7056 -1.6915 -1.6975 -1.6848 -1.6618 -1.6526 -1.6515 -1.6514 -1.6512 -1.6518 -1.6549 -1.6613 -1.6666 -1.6632 -1.6553 -1.6491 -1.6456 -1.6476 -1.6575 -1.6618 -1.6558 -1.6625 -1.6765 -1.6732 -1.6631 -1.6603 -1.6632 -1.6700 -1.6791 -1.6881 -1.6941 -1.6945 -1.6945 -1.6992 -1.6947 -1.6888 -1.7180 -1.7086 -1.6044 -1.6433 -2.0135 -2.7141 -3.3979 -3.7225 -3.8975 -3.8661 -3.2253 -2.3341 -1.7539 -1.5766 -1.6491 -1.6823 -1.6671 -1.6736 -1.6722 -1.6522 -1.6342 -1.6291 -1.6376 -1.6459 -1.6488 -1.6498 -1.6542 -1.6615 -1.6606 -1.6522 -1.6450 -1.6373 -1.6281 -1.6225 -1.6253 -1.6353 -1.6312 -1.6107 -1.6057 -1.6102 -1.6040 -1.6063 -1.6247 -1.6382 -1.6286 -1.5952 -1.5818 -1.5889 -1.5631 -1.5463 -1.5799 -1.5677 -1.5351 -1.6368 -1.7854 -1.7321
-1.9543 -2.0007 -2.0151 -2.0239 -2.0087 -2.0324 -2.0737 -2.0510 -2.0247 -2.0592 -2.1238 -2.1702 -2.1626 -2.1542 -2.1856 -2.2254 -2.2458 -2.2357 -2.2204 -2.2217 -2.2401 -2.2831 -2.3511 -2.3952 -2.3887 -2.3547 -2.3249 -2.3193 -2.3084 -2.2842 -2.2757 -2.2770 -2.2728 -2.2771 -2.2864 -2.2766 -2.2705 -2.2901 -2.2970 -2.2889 -2.2979 -2.2641 -2.1522 -2.0831 -2.3091 -3.0532 -3.7684 -4.0759 -4.4981 -4.7345 -3.9648 -2.7671 -1.9362 -1.7670 -1.9708 -1.9975 -1.9296 -1.9204 -1.9330 -1.9394 -1.9321 -1.9127 -1.8917 -1.8876 -1.8924 -1.8867 -1.8702 -1.8521 -1.8463 -1.8451 -1.8341 -1.8161 -1.7987 -1.7896 -1.7822 -1.7696 -1.7609 -1.7590 -1.7571 -1.7555 -1.7539 -1.7421 -1.7221 -1.7074 -1.7017 -1.7009 -1.6922 -1.6818 -1.6854 -1.6771 -1.6520 -1.6682 -1.6688 -1.5667 -1.5925 -1.9578 -2.6488 -3.3519 -3.6780 -3.7514 -3.7614 -3.7567 -3.4807 -2.6999 -1.9584 -1.6373 -1.6186 -1.6948 -1.6959 -1.6747 -1.6741 -1.6690 -1.6615 -1.6622 -1.6628 -1.6591 -1.6559 -1.6531 -1.6501 -1.6521 -1.6566 -1.6538 -1.6461 -1.6408 -1.6445 -1.6536 -1.6565 -1.6497 -1.6417 -1.6580 -1.6839 -1.6812 -1.6664 -1.6611 -1.6635 -1.6690 -1.6737 -1.6780 -1.6827 -1.6859 -1.6895 -1.6943 -1.6899 -1.6852 -1.7120 -1.7021 -1.6055 -1.6468 -2.0097 -2.7074 -3.4121 -3.8084 -4.1465 -4.2689 -3.5465 -2.4624 -1.7846 -1.5743 -1.6389 -1.6830 -1.6774 -1.6784 -1.6721 -1.6526 -1.6320 -1.6263 -1.6401 -1.6533 -1.6575 -1.6574 -1.6576 -1.6583 -1.6533 -1.6460 -1.6453 -1.6485 -1.6473 -1.6317 -1.6171 -1.6247 -1.6281 -1.6160 -1.6163 -1.6165 -1.5960 -1.6039 -1.6435 -1.6403 -1.5980 -1.5629 -1.5672 -1.5920 -1.5712 -1.5484 -1.5727 -1.5539 -1.5154 -1.6045 -1.7450 -1.7082
-1.8913 -1.9631 -1.9869 -1.9796 -1.9391 -1.9393 -1.9630 -1.9282 -1.9011 -1.9438 -2.0046 -2.0411 -2.0383 -2.0285 -2.0428 -2.0828 -2.1154 -2.1018 -2.0768 -2.0733 -2.0898 -2.1322 -2.2011 -2.2514 -2.2537 -2.2196 -2.1782 -2.1546 -2.1333 -2.1137 -2.1211 -2.1383 -2.1372 -2.1256 -2.1130 -2.1038 -2.1042 -2.1154 -2.1230 -2.1320 -2.1597 -2.1501 -2.0715 -2.0291 -2.2627 -2.9979 -3.7473 -4.1262 -4.4822 -4.5611 -3.7520 -2.6309 -1.9015 -1.7439 -1.8947 -1.9090 -1.8464 -1.8276 -1.8294 -1.8296 -1.8189 -1.7974 -1.7760 -1.7755 -1.7864 -1.7861 -1.7736 -1.7571 -1.7492 -1.7458 -1.7364 -1.7188 -1.6994 -1.6897 -1.6847 -1.6756 -1.6667 -1.6603 -1.6548 -1.6527 -1.6540 -1.6497 -1.6382 -1.6262 -1.6194 -1.6180 -1.6109 -1.6039 -1.6113 -1.6066 -1.5850 -1.6043 -1.6193 -1.5536 -1.6038 -1.9661 -2.6654 -3.3878 -3.7176 -3.7745 -3.7698 -3.7975 -3.5519 -2.7290 -1.9547 -1.6426 -1.5979 -1.6255 -1.6044 -1.5707 -1.5601 -1.5661 -1.5793 -1.5906 -1.5908 -1.5849 -1.5900 -1.5988 -1.5977 -1.5874 -1.5749 -1.5692 -1.5643 -1.5573 -1.5644 -1.5788 -1.5760 -1.5636 -1.5604 -1.5808 -1.6080 -1.6091 -1.5978 -1.5933 -1.5966 -1.6014 -1.6005 -1.5987 -1.6000 -1.6017 -1.6073 -1.6195 -1.6219 -1.6175 -1.6381 -1.6343 -1.5740 -1.6581 -2.0516 -2.7658 -3.4729 -3.8513 -4.1274 -4.1764 -3.4581 -2.4299 -1.7920 -1.5770 -1.6062 -1.6292 -1.6180 -1.6161 -1.6089 -1.5913 -1.5748 -1.5694 -1.5761 -1.5791 -1.5756 -1.5742 -1.5763 -1.5797 -1.5813 -1.5830 -1.5892 -1.5958 -1.5934 -1.5703 -1.5468 -1.5522 -1.5592 -1.5528 -1.5554 -1.5496 -1.5136 -1.5084 -1.5419 -1.5321 -1.4871 -1.4587 -1.4655 -1.4868 -1.4717 -1.4551 -1.4795 -1.4882 -1.4991 -1.6078 -1.7293 -1.6761
-1.8332 -1.9065 -1.9592 -1.9624 -1.9096 -1.8909 -1.9049 -1.8784 -1.8638 -1.9048 -1.9418 -1.9606 -1.9842 -1.9884 -1.9722 -1.9975 -2.0433 -2.0424 -2.0109 -1.9840 -1.9899 -2.0452 -2.1395 -2.1870 -2.1596 -2.1321 -2.1145 -2.0841 -2.0521 -2.0374 -2.0554 -2.0802 -2.0778 -2.0535 -2.0283 -2.0275 -2.0323 -2.0205 -2.0151 -2.0319 -2.0655 -2.0730 -2.0238 -1.9625 -2.1256 -2.8060 -3.6302 -4.1597 -4.3337 -4.0357 -3.1810 -2.3016 -1.8590 -1.7941 -1.8833 -1.8848 -1.8396 -1.8182 -1.8048 -1.7894 -1.7715 -1.7502 -1.7330 -1.7375 -1.7520 -1.7537 -1.7464 -1.7359 -1.7221 -1.7079 -1.6968 -1.6888 -1.6828 -1.6770 -1.6683 -1.6545 -1.6398 -1.6275 -1.6189 -1.6152 -1.6150 -1.6120 -1.6064 -1.6042 -1.6049 -1.6045 -1.5985 -1.5944 -1.6042 -1.6056 -1.5922 -1.6071 -1.6215 -1.5803 -1.5944 -1.8429 -2.4997 -3.2760 -3.6850 -3.7941 -3.7992 -3.8246 -3.5548 -2.6738 -1.8881 -1.6258 -1.5928 -1.5999 -1.5771 -1.5475 -1.5367 -1.5469 -1.5651 -1.5751 -1.5705 -1.5622 -1.5735 -1.5963 -1.6079 -1.5877 -1.5538 -1.5526 -1.5590 -1.5451 -1.5431 -1.5556 -1.5550 -1.5448 -1.5396 -1.5517 -1.5724 -1.5803 -1.5777 -1.5739 -1.5768 -1.5823 -1.5807 -1.5784 -1.5791 -1.5755 -1.5783 -1.5997 -1.6089 -1.5988 -1.6061 -1.6002 -1.5585 -1.6335 -1.9857 -2.6919 -3.4354 -3.8323 -3.9222 -3.6799 -2.9708 -2.1738 -1.7343 -1.6033 -1.6183 -1.6108 -1.5875 -1.5953 -1.5994 -1.5876 -1.5781 -1.5739 -1.5708 -1.5636 -1.5546 -1.5515 -1.5538 -1.5586 -1.5644 -1.5677 -1.5666 -1.5717 -1.5806 -1.5650 -1.5402 -1.5401 -1.5434 -1.5361 -1.5344 -1.5217 -1.4778 -1.4507 -1.4588 -1.4612 -1.4512 -1.4431 -1.4509 -1.4632 -1.4450 -1.4256 -1.4415 -1.4591 -1.4884 -1.5841 -1.6755 -1.6287
-1.8665 -1.9001 -2.0213 -2.1011 -2.0812 -2.0776 -2.1107 -2.1118 -2.1122 -2.1395 -2.1442 -2.1478 -2.2067 -2.2309 -2.1784 -2.1673 -2.2119 -2.2435 -2.2136 -2.1392 -2.1273 -2.2229 -2.3831 -2.4047 -2.2690 -2.2488 -2.3199 -2.3253 -2.2896 -2.2627 -2.2713 -2.2918 -2.2888 -2.2675 -2.2489 -2.2558 -2.2546 -2.2164 -2.1940 -2.2063 -2.2234 -2.2199 -2.1588 -1.9835 -1.9470 -2.4851 -3.3853 -4.1416 -4.1711 -3.4775 -2.5706 -1.9781 -1.9177 -2.0328 -2.1133 -2.1239 -2.1025 -2.0824 -2.0555 -2.0250 -2.0009 -1.9804 -1.9682 -1.9820 -2.0041 -2.0062 -2.0020 -1.9965 -1.9735 -1.9439 -1.9300 -1.9379 -1.9545 -1.9507 -1.9278 -1.9000 -1.8765 -1.8625 -1.8586 -1.8566 -1.8472 -1.8279 -1.8135 -1.8272 -1.8483 -1.8528 -1.8471 -1.8425 -1.8473 -1.8532 -1.8517 -1.8444 -1.8164 -1.7400 -1.5943 -1.5487 -2.0527 -2.8993 -3.5100 -3.7924 -3.8373 -3.7811 -3.3627 -2.3553 -1.6064 -1.5430 -1.6688 -1.7559 -1.7856 -1.7939 -1.8023 -1.8023 -1.7949 -1.7850 -1.7710 -1.7577 -1.7578 -1.7806 -1.8136 -1.7963 -1.7511 -1.7705 -1.7995 -1.7739 -1.7468 -1.7467 -1.7607 -1.7591 -1.7325 -1.7223 -1.7368 -1.7538 -1.7593 -1.7528 -1.7527 -1.7607 -1.7673 -1.7755 -1.7823 -1.7723 -1.7660 -1.7898 -1.7973 -1.7714 -1.7578 -1.7305 -1.6480 -1.5788 -1.7182 -2.3387 -3.1860 -3.7623 -3.7051 -3.0526 -2.2752 -1.7438 -1.6265 -1.7012 -1.7695 -1.7510 -1.7207 -1.7553 -1.7856 -1.7841 -1.7796 -1.7777 -1.7755 -1.7736 -1.7710 -1.7658 -1.7594 -1.7536 -1.7490 -1.7336 -1.6998 -1.7024 -1.7540 -1.7688 -1.7458 -1.7348 -1.7267 -1.7108 -1.6973 -1.6788 -1.6427 -1.6023 -1.5838 -1.6168 -1.6679 -1.6914 -1.7139 -1.7319 -1.6969 -1.6469 -1.6285 -1.5861 -1.5219 -1.5118 -1.5564 -1.5720
-2.1348 -2.1801 -2.3736 -2.5408 -2.5647 -2.5791 -2.6276 -2.6538 -2.6676 -2.6806 -2.6632 -2.6535 -2.7152 -2.7480 -2.6951 -2.6644 -2.6928 -2.7410 -2.7169 -2.6185 -2.6016 -2.7101 -2.8559 -2.7651 -2.4810 -2.5081 -2.7483 -2.8449 -2.8286 -2.7917 -2.7896 -2.8057 -2.8031 -2.7927 -2.7891 -2.7964 -2.7863 -2.7416 -2.7119 -2.7119 -2.7109 -2.6964 -2.6238 -2.3690 -2.1633 -2.4917 -3.3062 -4.1368 -4.1007 -3.2584 -2.4409 -2.1224 -2.3422 -2.5795 -2.6537 -2.6722 -2.6700 -2.6534 -2.6201 -2.5841 -2.5639 -2.5488 -2.5381 -2.5545 -2.5778 -2.5756 -2.5687 -2.5646 -2.5409 -2.5088 -2.4941 -2.5070 -2.5313 -2.5278 -2.4983 -2.4623 -2.4303 -2.4114 -2.4108 -2.4103 -2.3901 -2.3528 -2.3277 -2.3541 -2.3894 -2.3906 -2.3811 -2.3738 -2.3662 -2.3692 -2.3786 -2.3539 -2.2914 -2.1908 -1.9134 -1.5982 -1.8888 -2.6823 -3.3937 -3.7972 -3.8728 -3.7432 -3.2292 -2.2207 -1.6014 -1.7458 -2.0192 -2.1811 -2.2623 -2.3042 -2.3234 -2.3062 -2.2716 -2.2463 -2.2285 -2.2123 -2.1976 -2.2137 -2.2632 -2.2517 -2.2003 -2.2346 -2.2817 -2.2515 -2.2022 -2.1865 -2.2179 -2.2287 -2.1811 -2.1547 -2.1704 -2.1922 -2.2008 -2.1944 -2.1913 -2.1987 -2.2135 -2.2329 -2.2459 -2.2327 -2.2165 -2.2292 -2.2236 -2.1836 -2.1605 -2.1254 -2.0100 -1.7923 -1.6852 -2.1325 -2.9844 -3.7029 -3.5781 -2.6661 -1.8966 -1.6198 -1.7793 -2.0330 -2.1611 -2.1460 -2.1134 -2.1657 -2.2128 -2.2162 -2.2114 -2.2128 -2.2206 -2.2234 -2.2196 -2.2163 -2.2093 -2.1969 -2.1859 -2.1550 -2.0857 -2.0786 -2.1661 -2.2120 -2.1961 -2.1767 -2.1552 -2.1286 -2.1099 -2.0993 -2.0858 -2.0496 -2.0174 -2.0687 -2.1517 -2.1820 -2.2089 -2.2370 -2.1945 -2.1232 -2.0771 -1.9801 -1.8225 -1.6896 -1.6243 -1.5820
-2.7054 -2.8920 -3.1193 -3.3192 -3.3564 -3.3576 -3.3848 -3.4128 -3.4336 -3.4422 -3.4270 -3.4054 -3.4094 -3.4267 -3.4375 -3.4363 -3.4388 -3.4585 -3.4410 -3.3841 -3.3890 -3.4330 -3.3887 -3.0661 -2.6484 -2.7906 -3.2673 -3.5015 -3.5351 -3.5102 -3.5150 -3.5370 -3.5352 -3.5330 -3.5402 -3.5379 -3.5248 -3.5076 -3.4892 -3.4765 -3.4781 -3.4815 -3.4414 -3.2648 -3.0767 -3.1753 -3.6353 -4.2072 -4.1810 -3.5997 -3.1190 -3.0237 -3.2675 -3.4430 -3.4573 -3.4572 -3.4595 -3.4477 -3.4175 -3.3902 -3.3903 -3.3888 -3.3739 -3.3762 -3.3840 -3.3702 -3.3535 -3.3463 -3.3390 -3.3292 -3.3196 -3.3139 -3.3119 -3.3083 -3.2967 -3.2722 -3.2357 -3.2018 -3.1930 -3.1892 -3.1649 -3.1276 -3.1061 -3.1324 -3.1562 -3.1360 -3.1166 -3.1065 -3.0818 -3.0717 -3.0875 -3.0726 -3.0337 -2.9909 -2.7620 -2.4124 -2.5055 -3.0177 -3.5256 -3.8324 -3.8935 -3.7894 -3.4054 -2.6900 -2.3105 -2.5134 -2.7529 -2.8710 -2.9439 -2.9775 -2.9720 -2.9410 -2.9092 -2.8958 -2.8882 -2.8759 -2.8611 -2.8754 -2.9230 -2.9085 -2.8503 -2.8727 -2.9172 -2.8997 -2.8512 -2.8271 -2.8675 -2.8895 -2.8415 -2.8230 -2.8503 -2.8670 -2.8707 -2.8713 -2.8686 -2.8697 -2.8842 -2.9042 -2.9161 -2.9060 -2.8859 -2.8740 -2.8478 -2.8089 -2.8029 -2.8023 -2.7306 -2.5048 -2.2828 -2.4914 -3.1011 -3.7135 -3.5983 -2.7994 -2.2623 -2.2048 -2.4409 -2.6975 -2.8188 -2.8056 -2.7722 -2.8091 -2.8421 -2.8383 -2.8271 -2.8323 -2.8526 -2.8420 -2.8127 -2.8178 -2.8326 -2.8318 -2.8351 -2.8149 -2.7348 -2.7080 -2.7842 -2.8364 -2.8341 -2.8166 -2.7871 -2.7544 -2.7486 -2.7668 -2.7836 -2.7705 -2.7447 -2.7754 -2.8173 -2.8024 -2.8018 -2.8305 -2.8110 -2.7635 -2.7292 -2.6614 -2.5325 -2.3487 -2.0839 -1.7175
-3.2539 -3.5974 -3.8147 -4.0010 -4.0288 -4.0105 -4.0115 -4.0236 -4.0331 -4.0334 -4.0329 -4.0146 -3.9605 -3.9546 -4.0261 -4.0559 -4.0334 -4.0224 -4.0226 -4.0284 -4.0478 -4.0044 -3.7716 -3.2536 -2.7468 -2.9950 -3.6618 -3.9996 -4.0709 -4.0599 -4.0702 -4.0941 -4.0925 -4.0988 -4.1162 -4.1060 -4.0903 -4.0969 -4.0915 -4.0764 -4.0930 -4.1175 -4.1078 -4.0478 -3.9551 -3.8915 -4.0080 -4.2821 -4.2832 -4.0228 -3.8741 -3.9255 -4.0920 -4.1592 -4.1156 -4.0879 -4.0831 -4.0761 -4.0517 -4.0350 -4.0578 -4.0735 -4.0561 -4.0387 -4.0236 -3.9980 -3.9739 -3.9627 -3.9674 -3.9798 -3.9841 -3.9612 -3.9241 -3.9181 -3.9315 -3.9299 -3.8979 -3.8506 -3.8266 -3.8157 -3.7980 -3.7813 -3.7772 -3.7898 -3.7842 -3.7427 -3.7150 -3.7003 -3.6599 -3.6391 -3.6639 -3.6703 -3.6688 -3.6957 -3.5918 -3.3512 -3.3176 -3.5103 -3.7197 -3.8504 -3.8814 -3.8490 -3.6729 -3.3128 -3.1634 -3.3423 -3.4659 -3.4896 -3.5322 -3.5420 -3.4991 -3.4641 -3.4556 -3.4639 -3.4689 -3.4650 -3.4656 -3.4847 -3.5143 -3.4940 -3.4411 -3.4432 -3.4710 -3.4706 -3.4434 -3.4277 -3.4672 -3.4870 -3.4429 -3.4352 -3.4710 -3.4813 -3.4741 -3.4706 -3.4709 -3.4770 -3.4914 -3.5047 -3.5094 -3.5057 -3.4925 -3.4688 -3.4381 -3.4165 -3.4316 -3.4650 -3.4578 -3.3119 -3.1006 -3.1100 -3.4000 -3.7824 -3.7175 -3.2233 -2.9811 -3.0579 -3.2383 -3.3860 -3.4390 -3.4085 -3.3703 -3.3822 -3.3972 -3.3910 -3.3777 -3.3835 -3.4063 -3.3814 -3.3326 -3.3435 -3.3731 -3.3780 -3.3872 -3.3817 -3.3236 -3.2909 -3.3267 -3.3588 -3.3633 -3.3539 -3.3283 -3.2996 -3.3072 -3.3447 -3.3784 -3.3847 -3.3692 -3.3682 -3.3532 -3.2933 -3.2675 -3.2963 -3.3081 -3.2964 -3.2845 -3.2776 -3.2323 -3.0505 -2.6040 -1.8801
-3.4236 -3.8065 -3.9821 -4.1387 -4.1559 -4.1411 -4.1430 -4.1333 -4.1103 -4.0899 -4.0996 -4.1049 -4.0514 -4.0359 -4.1006 -4.1137 -4.0753 -4.0734 -4.1067 -4.1425 -4.1373 -4.0508 -3.8209 -3.3016 -2.7714 -3.0351 -3.7326 -4.0641 -4.1223 -4.1072 -4.1009 -4.1066 -4.1063 -4.1272 -4.1604 -4.1545 -4.1282 -4.1166 -4.1092 -4.1105 -4.1395 -4.1571 -4.1283 -4.0840 -4.0228 -3.9373 -4.0146 -4.2765 -4.2727 -4.0244 -3.9308 -4.0265 -4.1925 -4.2616 -4.2254 -4.1844 -4.1679 -4.1662 -4.1442 -4.1274 -4.1598 -4.1883 -4.1763 -4.1479 -4.1172 -4.0890 -4.0687 -4.0568 -4.0491 -4.0564 -4.0798 -4.0648 -4.0140 -4.0030 -4.0275 -4.0462 -4.0292 -3.9832 -3.9484 -3.9321 -3.9300 -3.9442 -3.9607 -3.9531 -3.9201 -3.8765 -3.8489 -3.8257 -3.7771 -3.7587 -3.7982 -3.8149 -3.8130 -3.8419 -3.7997 -3.6620 -3.6097 -3.6694 -3.7526 -3.8102 -3.8313 -3.8393 -3.7561 -3.5328 -3.4713 -3.6423 -3.7094 -3.6868 -3.7286 -3.7343 -3.6707 -3.6460 -3.6637 -3.6808 -3.6877 -3.6938 -3.7183 -3.7441 -3.7469 -3.7268 -3.7016 -3.6976 -3.7069 -3.7138 -3.7170 -3.7280 -3.7573 -3.7555 -3.7046 -3.6912 -3.7209 -3.7314 -3.7104 -3.6784 -3.6831 -3.7177 -3.7410 -3.7464 -3.7418 -3.7415 -3.7443 -3.7420 -3.7408 -3.7472 -3.7627 -3.7851 -3.7946 -3.7184 -3.5770 -3.5216 -3.6369 -3.8662 -3.8520 -3.5854 -3.4878 -3.5768 -3.6904 -3.7376 -3.7010 -3.6299 -3.5808 -3.5838 -3.6019 -3.6100 -3.6064 -3.6077 -3.6166 -3.5966 -3.5629 -3.5658 -3.5753 -3.5613 -3.5434 -3.5304 -3.5195 -3.5131 -3.5111 -3.5063 -3.5012 -3.5013 -3.4928 -3.4761 -3.4780 -3.4993 -3.5221 -3.5257 -3.5093 -3.4968 -3.4721 -3.4208 -3.4043 -3.4367 -3.4586 -3.4551 -3.4436 -3.4611 -3.4598 -3.2917 -2.7950 -1.9525
-3.1377 -3.4346 -3.5773 -3.7299 -3.7582 -3.7527 -3.7504 -3.7218 -3.6859 -3.6691 -3.6751 -3.6785 -3.6501 -3.6454 -3.6799 -3.6591 -3.6063 -3.6134 -3.6619 -3.6953 -3.6535 -3.5778 -3.4959 -3.1384 -2.6672 -2.8625 -3.4297 -3.6636 -3.6851 -3.6697 -3.6347 -3.6080 -3.6188 -3.6675 -3.7206 -3.7203 -3.6706 -3.6112 -3.5971 -3.6304 -3.6586 -3.6485 -3.5876 -3.4923 -3.4057 -3.4108 -3.6980 -4.1865 -4.1861 -3.7300 -3.4344 -3.4355 -3.6273 -3.7646 -3.7778 -3.7401 -3.7178 -3.7273 -3.7112 -3.6899 -3.7161 -3.7416 -3.7313 -3.7073 -3.6846 -3.6693 -3.6624 -3.6533 -3.6229 -3.6034 -3.6246 -3.6212 -3.5812 -3.5711 -3.5933 -3.6164 -3.6118 -3.5836 -3.5660 -3.5621 -3.5644 -3.5734 -3.5819 -3.5757 -3.5553 -3.5275 -3.4999 -3.4651 -3.4140 -3.3991 -3.4385 -3.4468 -3.4213 -3.4113 -3.3541 -3.2540 -3.2803 -3.4464 -3.6438 -3.7702 -3.7957 -3.7861 -3.6406 -3.2811 -3.1234 -3.2946 -3.3903 -3.4004 -3.4776 -3.4995 -3.4381 -3.4384 -3.4799 -3.4873 -3.4889 -3.5094 -3.5444 -3.5612 -3.5400 -3.5263 -3.5336 -3.5368 -3.5365 -3.5433 -3.5642 -3.5908 -3.6016 -3.5824 -3.5431 -3.5348 -3.5574 -3.5674 -3.5326 -3.4719 -3.4815 -3.5451 -3.5767 -3.5762 -3.5638 -3.5525 -3.5548 -3.5787 -3.6144 -3.6434 -3.6442 -3.6327 -3.6211 -3.5327 -3.3928 -3.3767 -3.5638 -3.8694 -3.8869 -3.5798 -3.3819 -3.3995 -3.5363 -3.6086 -3.5589 -3.4753 -3.4205 -3.4175 -3.4287 -3.4336 -3.4364 -3.4377 -3.4375 -3.4366 -3.4278 -3.4020 -3.3778 -3.3619 -3.3238 -3.2872 -3.3014 -3.3223 -3.3105 -3.2821 -3.2662 -3.2820 -3.2881 -3.2633 -3.2410 -3.2379 -3.2512 -3.2536 -3.2366 -3.2225 -3.2135 -3.2030 -3.1972 -3.1968 -3.1930 -3.1785 -3.1589 -3.1708 -3.1680 -3.0114 -2.5947 -1.9045
-2.4829 -2.6127 -2.7583 -2.9492 -3.0173 -3.0065 -2.9674 -2.9306 -2.9321 -2.9678 -2.9544 -2.8993 -2.8778 -2.9012 -2.9341 -2.9019 -2.8330 -2.8121 -2.8330 -2.8462 -2.7879 -2.7620 -2.8634 -2.7406 -2.4092 -2.4909 -2.8170 -2.9115 -2.9074 -2.9141 -2.8560 -2.7963 -2.8312 -2.9178 -2.9887 -2.9851 -2.9037 -2.7952 -2.7817 -2.8514 -2.8620 -2.8208 -2.7584 -2.6171 -2.5003 -2.6592 -3.2540 -4.0478 -4.0975 -3.4084 -2.7744 -2.5391 -2.6957 -2.8831 -2.9451 -2.9216 -2.9055 -2.9336 -2.9318 -2.9092 -2.9169 -2.9189 -2.8975 -2.8924 -2.9054 -2.9174 -2.9269 -2.9224 -2.8785 -2.8269 -2.8090 -2.7991 -2.7861 -2.7888 -2.8009 -2.8065 -2.8011 -2.8019 -2.8381 -2.8707 -2.8530 -2.7957 -2.7512 -2.7840 -2.8327 -2.8288 -2.7947 -2.7487 -2.6993 -2.6771 -2.6869 -2.6700 -2.6255 -2.5819 -2.4653 -2.3341 -2.5094 -2.9802 -3.4858 -3.7862 -3.8140 -3.7353 -3.4102 -2.7065 -2.2898 -2.4290 -2.6095 -2.7199 -2.8512 -2.8970 -2.8567 -2.8917 -2.9506 -2.9333 -2.9282 -2.9669 -2.9847 -2.9674 -2.9355 -2.9320 -2.9579 -2.9736 -2.9776 -2.9822 -2.9935 -3.0015 -2.9890 -2.9775 -2.9892 -3.0177 -3.0447 -3.0459 -3.0017 -2.9376 -2.9515 -3.0203 -3.0489 -3.0465 -3.0315 -2.9924 -2.9625 -2.9879 -3.0384 -3.0704 -3.0544 -3.0188 -2.9772 -2.7780 -2.5101 -2.5904 -3.0953 -3.7428 -3.7635 -3.0952 -2.5606 -2.4680 -2.7422 -3.0021 -3.0704 -3.0402 -2.9945 -2.9740 -2.9427 -2.9028 -2.8951 -2.9075 -2.9207 -2.9424 -2.9398 -2.8686 -2.8248 -2.8569 -2.8418 -2.7803 -2.7634 -2.7827 -2.8002 -2.7839 -2.7701 -2.8086 -2.8121 -2.7427 -2.6879 -2.6825 -2.7132 -2.7376 -2.7323 -2.7114 -2.7083 -2.7352 -2.7089 -2.6188 -2.5581 -2.5325 -2.5144 -2.5120 -2.4841 -2.3413 -2.0970 -1.7569
-1.8922 -1.8958 -2.0314 -2.2205 -2.3015 -2.2825 -2.2217 -2.1940 -2.2364 -2.3139 -2.2843 -2.1817 -2.1588 -2.2014 -2.2433 -2.2264 -2.1674 -2.1260 -2.1158 -2.1104 -2.0545 -2.0646 -2.2546 -2.3005 -2.1270 -2.1261 -2.2400 -2.2318 -2.2162 -2.2382 -2.1775 -2.1095 -2.1556 -2.2520 -2.3212 -2.3156 -2.2293 -2.1113 -2.1012 -2.1790 -2.1736 -2.1215 -2.0792 -1.9513 -1.8831 -2.2198 -3.0315 -3.9676 -4.0646 -3.2886 -2.4055 -1.9230 -1.9669 -2.1319 -2.2067 -2.1918 -2.1814 -2.2188 -2.2252 -2.2015 -2.1929 -2.1736 -2.1410 -2.1488 -2.1868 -2.2141 -2.2285 -2.2239 -2.1816 -2.1206 -2.0742 -2.0554 -2.0610 -2.0735 -2.0760 -2.0621 -2.0525 -2.0744 -2.1444 -2.1976 -2.1658 -2.0625 -1.9806 -2.0413 -2.1372 -2.1464 -2.1112 -2.0678 -2.0272 -1.9979 -1.9771 -1.9433 -1.8986 -1.8484 -1.7154 -1.6057 -1.9536 -2.6967 -3.4200 -3.8157 -3.8276 -3.7091 -3.2745 -2.3165 -1.6465 -1.6600 -1.8559 -2.0298 -2.1695 -2.2150 -2.1976 -2.2532 -2.3126 -2.2756 -2.2637 -2.3075 -2.3035 -2.2613 -2.2338 -2.2409 -2.2722 -2.2955 -2.3042 -2.3031 -2.2973 -2.2830 -2.2566 -2.2595 -2.3138 -2.3689 -2.3948 -2.3867 -2.3452 -2.2982 -2.3137 -2.3677 -2.3853 -2.3840 -2.3755 -2.3258 -2.2753 -2.2902 -2.3318 -2.3513 -2.3274 -2.2889 -2.2374 -1.9907 -1.6975 -1.9368 -2.7422 -3.6522 -3.6553 -2.6892 -1.8593 -1.6159 -1.9076 -2.2623 -2.4250 -2.4522 -2.4234 -2.3896 -2.3253 -2.2509 -2.2291 -2.2484 -2.2794 -2.3144 -2.3079 -2.2145 -2.1721 -2.2477 -2.2643 -2.1951 -2.1402 -2.1475 -2.2001 -2.2069 -2.1960 -2.2401 -2.2314 -2.1296 -2.0613 -2.0669 -2.1179 -2.1646 -2.1726 -2.1416 -2.1286 -2.1669 -2.1186 -1.9696 -1.8833 -1.8626 -1.8464 -1.8312 -1.7993 -1.7200 -1.6719 -1.6379
-1.7207 -1.7250 -1.7989 -1.8875 -1.9149 -1.8981 -1.8716 -1.8704 -1.9127 -1.9708 -1.9453 -1.8666 -1.8506 -1.8830 -1.9189 -1.9345 -1.9278 -1.9119 -1.9035 -1.8964 -1.8546 -1.8498 -1.9600 -2.0150 -1.9566 -1.9555 -1.9919 -1.9711 -1.9540 -1.9597 -1.9225 -1.8839 -1.9098 -1.9630 -2.0020 -2.0052 -1.9632 -1.8963 -1.8853 -1.9237 -1.9199 -1.8899 -1.8682 -1.8312 -1.9310 -2.4327 -3.2487 -4.0176 -4.1110 -3.4789 -2.5958 -1.9757 -1.8484 -1.9039 -1.9428 -1.9201 -1.9040 -1.9288 -1.9260 -1.8981 -1.8869 -1.8687 -1.8379 -1.8366 -1.8576 -1.8690 -1.8678 -1.8550 -1.8285 -1.7965 -1.7708 -1.7566 -1.7551 -1.7625 -1.7615 -1.7431 -1.7365 -1.7578 -1.7976 -1.8251 -1.8102 -1.7489 -1.6955 -1.7328 -1.7898 -1.7886 -1.7665 -1.7457 -1.7220 -1.6962 -1.6707 -1.6471 -1.6247 -1.5981 -1.5469 -1.5954 -2.0930 -2.8898 -3.5273 -3.8107 -3.7845 -3.7136 -3.3740 -2.4784 -1.7063 -1.4799 -1.5397 -1.6658 -1.7292 -1.7325 -1.7256 -1.7706 -1.8084 -1.7725 -1.7548 -1.7793 -1.7711 -1.7413 -1.7302 -1.7449 -1.7735 -1.7928 -1.7954 -1.7849 -1.7746 -1.7634 -1.7429 -1.7477 -1.7937 -1.8295 -1.8360 -1.8257 -1.8028 -1.7810 -1.7940 -1.8244 -1.8295 -1.8307 -1.8384 -1.8200 -1.7952 -1.8046 -1.8218 -1.8213 -1.8045 -1.7833 -1.7535 -1.6413 -1.6008 -2.0524 -2.9163 -3.7273 -3.7064 -2.8287 -1.9747 -1.5458 -1.5671 -1.7310 -1.8373 -1.8677 -1.8529 -1.8246 -1.7771 -1.7238 -1.6983 -1.7077 -1.7415 -1.7726 -1.7654 -1.7006 -1.6778 -1.7417 -1.7625 -1.7136 -1.6617 -1.6678 -1.7284 -1.7426 -1.7245 -1.7411 -1.7217 -1.6418 -1.5964 -1.6115 -1.6607 -1.7066 -1.7173 -1.6787 -1.6452 -1.6608 -1.6184 -1.5109 -1.4733 -1.4796 -1.4562 -1.4340 -1.4461 -1.5062 -1.6144 -1.6490
-1.7936 -1.8282 -1.8415 -1.8315 -1.7993 -1.7914 -1.8139 -1.8360 -1.8595 -1.8825 -1.8762 -1.8525 -1.8494 -1.8597 -1.8762 -1.9155 -1.9573 -1.9667 -1.9685 -1.9761 -1.9604 -1.9340 -1.9277 -1.9313 -1.9374 -1.9553 -1.9730 -1.9724 -1.9608 -1.9470 -1.9350 -1.9283 -1.9286 -1.9331 -1.9415 -1.9557 -1.9629 -1.9524 -1.9348 -1.9253 -1.9336 -1.9305 -1.9079 -1.9488 -2.2064 -2.8226 -3.5638 -4.0926 -4.1559 -3.7098 -2.9302 -2.2617 -1.9911 -1.9471 -1.9602 -1.9315 -1.9047 -1.9109 -1.8966 -1.8675 -1.8604 -1.8536 -1.8331 -1.8177 -1.8080 -1.7941 -1.7749 -1.7552 -1.7443 -1.7439 -1.7482 -1.7417 -1.7268 -1.7254 -1.7228 -1.7038 -1.7024 -1.7190 -1.7156 -1.7073 -1.7157 -1.7208 -1.7175 -1.7174 -1.7097 -1.6885 -1.6772 -1.6756 -1.6640 -1.6449 -1.6289 -1.6250 -1.6228 -1.6099 -1.6410 -1.8494 -2.4391 -3.1851 -3.6462 -3.7802 -3.7298 -3.7188 -3.5180 -2.8097 -2.0390 -1.5940 -1.5051 -1.5706 -1.5584 -1.5208 -1.5180 -1.5407 -1.5524 -1.5279 -1.5089 -1.5099 -1.5044 -1.4976 -1.5036 -1.5201 -1.5397 -1.5528 -1.5504 -1.5340 -1.5267 -1.5290 -1.5236 -1.5249 -1.5414 -1.5462 -1.5368 -1.5301 -1.5252 -1.5222 -1.5319 -1.5441 -1.5411 -1.5458 -1.5695 -1.5867 -1.5955 -1.6056 -1.6015 -1.5823 -1.5750 -1.5660 -1.5421 -1.5811 -1.8267 -2.4433 -3.2348 -3.8096 -3.7799 -3.1579 -2.4079 -1.8280 -1.5470 -1.4795 -1.5045 -1.5155 -1.5020 -1.4866 -1.4742 -1.4602 -1.4389 -1.4346 -1.4602 -1.4798 -1.4741 -1.4497 -1.4434 -1.4692 -1.4803 -1.4621 -1.4350 -1.4416 -1.4849 -1.4952 -1.4729 -1.4588 -1.4369 -1.4020 -1.3872 -1.4035 -1.4413 -1.4732 -1.4744 -1.4352 -1.3927 -1.3826 -1.3550 -1.3129 -1.3313 -1.3610 -1.3327 -1.3034 -1.3556 -1.5491 -1.7522 -1.7187
-1.8827 -1.8813 -1.8837 -1.8676 -1.8257 -1.8264 -1.8694 -1.8949 -1.9082 -1.9267 -1.9447 -1.9586 -1.9673 -1.9629 -1.9570 -1.9929 -2.0391 -2.0340 -2.0307 -2.0623 -2.0806 -2.0652 -2.0288 -2.0256 -2.0598 -2.0581 -2.0309 -2.0232 -2.0197 -2.0094 -2.0032 -1.9999 -1.9940 -1.9877 -1.9886 -2.0058 -2.0264 -2.0295 -2.0027 -1.9741 -1.9949 -1.9977 -1.9431 -1.9765 -2.2702 -2.9285 -3.6518 -4.0952 -4.1347 -3.7450 -3.0180 -2.3455 -2.0207 -1.9640 -2.0067 -1.9887 -1.9548 -1.9524 -1.9384 -1.9150 -1.9108 -1.9116 -1.9024 -1.8836 -1.8592 -1.8337 -1.8105 -1.7934 -1.7867 -1.7890 -1.7934 -1.7863 -1.7711 -1.7688 -1.7620 -1.7364 -1.7368 -1.7598 -1.7497 -1.7313 -1.7439 -1.7728 -1.7922 -1.7794 -1.7447 -1.7100 -1.6935 -1.6896 -1.6766 -1.6599 -1.6517 -1.6581 -1.6539 -1.6155 -1.6445 -1.8926 -2.5031 -3.2263 -3.6366 -3.7451 -3.7096 -3.7014 -3.5288 -2.9211 -2.1784 -1.6505 -1.5272 -1.6089 -1.5940 -1.5544 -1.5571 -1.5664 -1.5640 -1.5488 -1.5347 -1.5268 -1.5190 -1.5191 -1.5329 -1.5447 -1.5518 -1.5645 -1.5689 -1.5562 -1.5509 -1.5585 -1.5643 -1.5662 -1.5660 -1.5635 -1.5604 -1.5592 -1.5582 -1.5586 -1.5673 -1.5761 -1.5732 -1.5824 -1.6126 -1.6347 -1.6472 -1.6609 -1.6513 -1.6206 -1.6150 -1.5953 -1.5280 -1.5842 -1.9201 -2.5797 -3.3093 -3.7559 -3.7430 -3.2855 -2.5939 -1.9500 -1.5799 -1.4756 -1.5144 -1.5193 -1.4914 -1.4840 -1.4905 -1.4930 -1.4773 -1.4681 -1.4835 -1.4948 -1.4911 -1.4813 -1.4725 -1.4699 -1.4756 -1.4804 -1.4729 -1.4715 -1.4845 -1.4894 -1.4780 -1.4565 -1.4414 -1.4384 -1.4347 -1.4415 -1.4720 -1.4899 -1.4748 -1.4442 -1.4182 -1.4057 -1.3807 -1.3531 -1.3750 -1.4050 -1.3846 -1.3433 -1.3850 -1.6317 -1.8659 -1.7615
-1.9461 -1.8730 -1.8875 -1.9101 -1.8838 -1.8869 -1.9270 -1.9448 -1.9557 -1.9847 -2.0218 -2.0511 -2.0584 -2.0465 -2.0345 -2.0582 -2.0855 -2.0627 -2.0571 -2.1052 -2.1432 -2.1427 -2.1201 -2.1513 -2.2246 -2.1989 -2.1109 -2.0711 -2.0676 -2.0696 -2.0588 -2.0451 -2.0441 -2.0456 -2.0466 -2.0562 -2.0686 -2.0697 -2.0433 -2.0175 -2.0462 -2.0436 -1.9573 -1.9525 -2.2209 -2.8775 -3.6138 -4.0682 -4.1013 -3.7050 -3.0015 -2.3376 -1.9873 -1.9419 -2.0264 -2.0234 -1.9868 -1.9837 -1.9738 -1.9559 -1.9540 -1.9587 -1.9554 -1.9365 -1.9083 -1.8827 -1.8650 -1.8553 -1.8487 -1.8412 -1.8307 -1.8192 -1.8113 -1.8112 -1.8012 -1.7732 -1.7747 -1.8042 -1.8055 -1.7926 -1.7966 -1.8138 -1.8277 -1.8178 -1.7867 -1.7490 -1.7246 -1.7131 -1.6988 -1.6851 -1.6805 -1.6889 -1.6744 -1.6033 -1.6016 -1.8373 -2.4389 -3.1598 -3.5875 -3.7244 -3.7075 -3.6827 -3.4896 -2.9009 -2.1733 -1.6409 -1.5401 -1.6605 -1.6671 -1.6400 -1.6511 -1.6567 -1.6491 -1.6399 -1.6311 -1.6225 -1.6140 -1.6144 -1.6269 -1.6319 -1.6306 -1.6439 -1.6569 -1.6533 -1.6492 -1.6530 -1.6615 -1.6655 -1.6627 -1.6673 -1.6776 -1.6800 -1.6767 -1.6754 -1.6841 -1.6957 -1.6990 -1.7130 -1.7413 -1.7523 -1.7532 -1.7653 -1.7535 -1.7166 -1.7117 -1.6803 -1.5694 -1.5933 -1.9242 -2.5703 -3.2631 -3.6649 -3.6625 -3.2558 -2.5556 -1.8942 -1.5753 -1.5410 -1.6215 -1.6251 -1.5843 -1.5820 -1.5932 -1.5932 -1.5775 -1.5670 -1.5766 -1.5881 -1.5904 -1.5824 -1.5654 -1.5487 -1.5544 -1.5727 -1.5746 -1.5636 -1.5538 -1.5592 -1.5636 -1.5438 -1.5333 -1.5447 -1.5404 -1.5336 -1.5529 -1.5607 -1.5405 -1.5233 -1.5167 -1.5097 -1.4818 -1.4466 -1.4541 -1.4813 -1.4774 -1.4241 -1.4278 -1.6679 -1.8981 -1.7636
-2.0041 -1.8529 -1.8637 -1.9128 -1.8972 -1.8941 -1.9213 -1.9326 -1.9444 -1.9787 -2.0228 -2.0508 -2.0409 -2.0259 -2.0343 -2.0540 -2.0642 -2.0529 -2.0624 -2.1076 -2.1373 -2.1298 -2.1095 -2.1864 -2.3313 -2.3123 -2.1784 -2.1020 -2.0868 -2.0931 -2.0779 -2.0572 -2.0606 -2.0659 -2.0604 -2.0540 -2.0567 -2.0671 -2.0562 -2.0408 -2.0713 -2.0645 -1.9712 -1.9561 -2.2112 -2.8549 -3.5913 -4.0625 -4.1067 -3.7220 -3.0496 -2.3858 -1.9853 -1.9171 -2.0144 -2.0170 -1.9807 -1.9800 -1.9705 -1.9522 -1.9530 -1.9595 -1.9543 -1.9311 -1.9007 -1.8794 -1.8688 -1.8651 -1.8620 -1.8516 -1.8313 -1.8178 -1.8169 -1.8174 -1.8083 -1.7905 -1.7944 -1.8182 -1.8252 -1.8181 -1.8111 -1.8030 -1.7947 -1.7888 -1.7730 -1.7422 -1.7192 -1.7103 -1.7048 -1.6979 -1.6926 -1.6996 -1.6818 -1.6007 -1.5972 -1.8436 -2.4456 -3.1602 -3.5919 -3.7274 -3.6997 -3.6803 -3.4961 -2.8946 -2.1525 -1.6197 -1.5263 -1.6513 -1.6537 -1.6278 -1.6480 -1.6554 -1.6464 -1.6409 -1.6337 -1.6244 -1.6224 -1.6272 -1.6328 -1.6332 -1.6328 -1.6433 -1.6569 -1.6623 -1.6593 -1.6546 -1.6572 -1.6614 -1.6637 -1.6755 -1.6911 -1.6938 -1.6908 -1.6924 -1.7007 -1.7128 -1.7247 -1.7429 -1.7640 -1.7665 -1.7591 -1.7595 -1.7374 -1.6971 -1.6987 -1.6735 -1.5595 -1.5917 -1.9421 -2.5870 -3.2592 -3.6380 -3.6180 -3.1871 -2.4341 -1.7572 -1.5105 -1.5322 -1.6119 -1.6083 -1.5689 -1.5726 -1.5827 -1.5739 -1.5504 -1.5358 -1.5461 -1.5656 -1.5792 -1.5774 -1.5606 -1.5420 -1.5508 -1.5749 -1.5775 -1.5625 -1.5502 -1.5639 -1.5780 -1.5539 -1.5378 -1.5508 -1.5456 -1.5273 -1.5260 -1.5293 -1.5261 -1.5207 -1.5155 -1.5071 -1.4798 -1.4481 -1.4587 -1.4956 -1.5085 -1.4481 -1.4175 -1.6272 -1.8466 -1.7326
-2.1542 -1.8700 -1.8309 -1.8886 -1.8794 -1.8674 -1.8813 -1.8948 -1.9134 -1.9469 -1.9894 -2.0140 -1.9950 -1.9853 -2.0153 -2.0330 -2.0314 -2.0379 -2.0596 -2.0890 -2.1048 -2.0909 -2.0647 -2.1526 -2.3269 -2.3294 -2.2019 -2.1222 -2.1024 -2.1053 -2.0843 -2.0590 -2.0636 -2.0715 -2.0641 -2.0474 -2.0422 -2.0575 -2.0575 -2.0508 -2.0817 -2.0712 -1.9784 -1.9750 -2.2422 -2.8773 -3.5997 -4.0702 -4.1253 -3.7584 -3.1034 -2.4314 -1.9937 -1.9040 -2.0006 -2.0001 -1.9624 -1.9666 -1.9598 -1.9404 -1.9398 -1.9448 -1.9375 -1.9117 -1.8800 -1.8608 -1.8528 -1.8514 -1.8524 -1.8453 -1.8246 -1.8136 -1.8190 -1.8222 -1.8187 -1.8127 -1.8138 -1.8217 -1.8261 -1.8220 -1.8071 -1.7805 -1.7548 -1.7503 -1.7469 -1.7266 -1.7096 -1.7047 -1.7054 -1.7005 -1.6903 -1.6960 -1.6810 -1.6010 -1.6075 -1.8740 -2.4845 -3.1959 -3.6227 -3.7349 -3.6758 -3.6733 -3.5320 -2.9405 -2.1827 -1.6276 -1.5185 -1.6326 -1.6230 -1.5911 -1.6129 -1.6212 -1.6130 -1.6112 -1.6051 -1.5955 -1.5996 -1.6080 -1.6076 -1.6081 -1.6139 -1.6214 -1.6308 -1.6398 -1.6376 -1.6276 -1.6247 -1.6272 -1.6328 -1.6482 -1.6658 -1.6704 -1.6702 -1.6751 -1.6833 -1.6956 -1.7138 -1.7335 -1.7470 -1.7450 -1.7329 -1.7189 -1.6849 -1.6445 -1.6550 -1.6397 -1.5321 -1.5836 -1.9638 -2.6188 -3.2818 -3.6468 -3.6127 -3.1628 -2.3782 -1.6857 -1.4593 -1.4902 -1.5559 -1.5477 -1.5141 -1.5229 -1.5344 -1.5230 -1.4950 -1.4754 -1.4820 -1.5035 -1.5251 -1.5339 -1.5264 -1.5136 -1.5252 -1.5501 -1.5528 -1.5395 -1.5310 -1.5484 -1.5630 -1.5342 -1.5140 -1.5267 -1.5212 -1.4948 -1.4760 -1.4820 -1.5027 -1.4994 -1.4819 -1.4736 -1.4516 -1.4231 -1.4359 -1.4764 -1.4941 -1.4310 -1.3844 -1.5677 -1.7773 -1.6976
-2.4095 -1.9364 -1.8041 -1.8586 -1.8553 -1.8378 -1.8439 -1.8690 -1.9004 -1.9309 -1.9682 -1.9961 -1.9915 -1.9955 -2.0284 -2.0399 -2.0331 -2.0437 -2.0597 -2.0701 -2.0848 -2.0836 -2.0547 -2.0973 -2.2109 -2.2303 -2.1733 -2.1416 -2.1356 -2.1297 -2.0991 -2.0686 -2.0707 -2.0844 -2.0887 -2.0780 -2.0682 -2.0715 -2.0650 -2.0604 -2.0932 -2.0767 -1.9743 -1.9865 -2.2837 -2.9198 -3.6224 -4.0757 -4.1300 -3.7670 -3.0972 -2.4132 -1.9843 -1.9079 -2.0089 -1.9997 -1.9559 -1.9659 -1.9675 -1.9507 -1.9435 -1.9438 -1.9397 -1.9180 -1.8868 -1.8634 -1.8503 -1.8466 -1.8500 -1.8493 -1.8372 -1.8331 -1.8433 -1.8524 -1.8554 -1.8523 -1.8427 -1.8317 -1.8285 -1.8244 -1.8084 -1.7817 -1.7568 -1.7500 -1.7479 -1.7363 -1.7239 -1.7162 -1.7113 -1.6985 -1.6807 -1.6875 -1.6780 -1.5967 -1.6029 -1.8765 -2.4955 -3.2137 -3.6420 -3.7309 -3.6352 -3.6435 -3.5606 -3.0310 -2.2814 -1.6785 -1.5393 -1.6506 -1.6411 -1.6034 -1.6155 -1.6206 -1.6152 -1.6172 -1.6142 -1.6060 -1.6098 -1.6169 -1.6159 -1.6210 -1.6334 -1.6400 -1.6444 -1.6506 -1.6492 -1.6418 -1.6397 -1.6401 -1.6417 -1.6566 -1.6787 -1.6897 -1.6931 -1.6973 -1.7060 -1.7205 -1.7398 -1.7565 -1.7639 -1.7589 -1.7435 -1.7194 -1.6788 -1.6417 -1.6595 -1.6449 -1.5258 -1.5750 -1.9689 -2.6340 -3.2952 -3.6522 -3.6309 -3.2173 -2.4612 -1.7565 -1.4720 -1.4663 -1.5363 -1.5333 -1.5000 -1.5115 -1.5295 -1.5271 -1.5066 -1.4854 -1.4794 -1.4889 -1.5084 -1.5282 -1.5358 -1.5323 -1.5445 -1.5674 -1.5747 -1.5665 -1.5566 -1.5655 -1.5716 -1.5438 -1.5295 -1.5470 -1.5418 -1.5108 -1.4867 -1.5003 -1.5357 -1.5227 -1.4893 -1.4888 -1.4748 -1.4383 -1.4348 -1.4586 -1.4666 -1.4064 -1.3686 -1.5508 -1.7561 -1.6841
-2.5153 -1.9642 -1.7865 -1.8357 -1.8378 -1.8197 -1.8211 -1.8514 -1.8907 -1.9225 -1.9556 -1.9840 -1.9944 -2.0085 -2.0351 -2.0444 -2.0441 -2.0605 -2.0709 -2.0673 -2.0834 -2.0975 -2.0738 -2.0670 -2.1014 -2.1296 -2.1471 -2.1684 -2.1757 -2.1557 -2.1133 -2.0767 -2.0732 -2.0921 -2.1137 -2.1189 -2.1129 -2.1057 -2.0924 -2.0894 -2.1202 -2.0921 -1.9731 -1.9857 -2.2948 -2.9271 -3.6193 -4.0705 -4.1286 -3.7596 -3.0593 -2.3638 -1.9669 -1.9200 -2.0277 -2.0095 -1.9570 -1.9681 -1.9742 -1.9598 -1.9508 -1.9496 -1.9482 -1.9330 -1.9048 -1.8737 -1.8505 -1.8423 -1.8492 -1.8587 -1.8593 -1.8621 -1.8710 -1.8763 -1.8750 -1.8667 -1.8494 -1.8301 -1.8226 -1.8195 -1.8089 -1.7896 -1.7690 -1.7581 -1.7536 -1.7480 -1.7381 -1.7256 -1.7139 -1.6943 -1.6719 -1.6814 -1.6771 -1.5938 -1.5921 -1.8583 -2.4782 -3.2055 -3.6428 -3.7221 -3.5991 -3.5970 -3.5460 -3.0863 -2.3629 -1.7210 -1.5590 -1.6752 -1.6705 -1.6276 -1.6294 -1.6343 -1.6347 -1.6380 -1.6346 -1.6268 -1.6307 -1.6381 -1.6392 -1.6483 -1.6636 -1.6666 -1.6666 -1.6738 -1.6751 -1.6701 -1.6708 -1.6706 -1.6679 -1.6825 -1.7097 -1.7266 -1.7315 -1.7325 -1.7413 -1.7584 -1.7755 -1.7842 -1.7810 -1.7707 -1.7523 -1.7215 -1.6787 -1.6472 -1.6705 -1.6534 -1.5224 -1.5647 -1.9632 -2.6359 -3.2986 -3.6505 -3.6438 -3.2688 -2.5461 -1.8320 -1.4873 -1.4480 -1.5305 -1.5347 -1.4988 -1.5104 -1.5304 -1.5338 -1.5267 -1.5159 -1.5073 -1.5057 -1.5161 -1.5403 -1.5607 -1.5683 -1.5810 -1.5987 -1.6079 -1.6057 -1.5979 -1.5973 -1.5923 -1.5670 -1.5596 -1.5796 -1.5758 -1.5444 -1.5171 -1.5308 -1.5687 -1.5493 -1.5082 -1.5109 -1.5014 -1.4588 -1.4318 -1.4339 -1.4439 -1.4004 -1.3886 -1.6044 -1.8135 -1.6986
-2.3330 -1.9040 -1.7785 -1.8258 -1.8313 -1.8170 -1.8148 -1.8341 -1.8690 -1.9082 -1.9410 -1.9615 -1.9706 -1.9832 -2.0055 -2.0221 -2.0405 -2.0751 -2.0932 -2.0853 -2.0953 -2.1120 -2.1001 -2.0806 -2.0798 -2.1101 -2.1599 -2.2032 -2.2088 -2.1708 -2.1170 -2.0754 -2.0658 -2.0863 -2.1208 -2.1437 -2.1514 -2.1498 -2.1432 -2.1455 -2.1671 -2.1222 -1.9874 -1.9768 -2.2587 -2.8754 -3.5761 -4.0567 -4.1323 -3.7539 -3.0260 -2.3227 -1.9538 -1.9307 -2.0431 -2.0194 -1.9596 -1.9654 -1.9659 -1.9502 -1.9494 -1.9530 -1.9489 -1.9381 -1.9159 -1.8796 -1.8473 -1.8349 -1.8470 -1.8679 -1.8791 -1.8842 -1.8839 -1.8708 -1.8510 -1.8337 -1.8187 -1.8071 -1.8025 -1.8028 -1.8012 -1.7864 -1.7629 -1.7485 -1.7436 -1.7407 -1.7313 -1.7176 -1.7078 -1.6911 -1.6703 -1.6821 -1.6805 -1.5971 -1.5860 -1.8347 -2.4455 -3.1778 -3.6287 -3.7139 -3.5778 -3.5487 -3.4899 -3.0695 -2.3735 -1.7210 -1.5551 -1.6791 -1.6771 -1.6304 -1.6284 -1.6400 -1.6486 -1.6493 -1.6396 -1.6296 -1.6382 -1.6515 -1.6538 -1.6634 -1.6772 -1.6715 -1.6680 -1.6853 -1.6918 -1.6841 -1.6855 -1.6885 -1.6878 -1.7047 -1.7345 -1.7526 -1.7560 -1.7535 -1.7617 -1.7794 -1.7924 -1.7889 -1.7690 -1.7498 -1.7288 -1.6937 -1.6505 -1.6246 -1.6507 -1.6345 -1.5070 -1.5546 -1.9582 -2.6344 -3.2965 -3.6436 -3.6341 -3.2596 -2.5351 -1.8140 -1.4597 -1.4213 -1.5136 -1.5209 -1.4830 -1.4919 -1.5030 -1.4992 -1.5046 -1.5173 -1.5266 -1.5268 -1.5280 -1.5475 -1.5729 -1.5909 -1.6048 -1.6153 -1.6201 -1.6235 -1.6270 -1.6252 -1.6117 -1.5866 -1.5781 -1.5917 -1.5896 -1.5626 -1.5285 -1.5294 -1.5590 -1.5465 -1.5126 -1.5059 -1.4932 -1.4552 -1.4130 -1.4045 -1.4378 -1.4207 -1.4381 -1.7168 -1.9399 -1.7358
-2.1325 -1.8476 -1.7793 -1.8197 -1.8241 -1.8143 -1.8114 -1.8176 -1.8411 -1.8818 -1.9168 -1.9352 -1.9401 -1.9481 -1.9693 -1.9967 -2.0333 -2.0818 -2.1075 -2.0999 -2.1012 -2.1105 -2.1036 -2.0874 -2.0829 -2.1166 -2.1765 -2.2264 -2.2263 -2.1735 -2.1126 -2.0714 -2.0627 -2.0840 -2.1220 -2.1562 -2.1792 -2.1916 -2.1966 -2.2028 -2.2129 -2.1561 -2.0167 -1.9801 -2.2239 -2.8331 -3.5540 -4.0610 -4.1460 -3.7572 -3.0136 -2.3056 -1.9474 -1.9337 -2.0489 -2.0258 -1.9652 -1.9679 -1.9610 -1.9412 -1.9477 -1.9549 -1.9451 -1.9346 -1.9210 -1.8940 -1.8650 -1.8499 -1.8609 -1.8830 -1.8940 -1.8946 -1.8847 -1.8587 -1.8283 -1.8077 -1.7957 -1.7890 -1.7849 -1.7848 -1.7864 -1.7748 -1.7523 -1.7376 -1.7309 -1.7252 -1.7144 -1.7037 -1.7032 -1.6951 -1.6768 -1.6882 -1.6862 -1.6025 -1.5832 -1.8158 -2.4188 -3.1563 -3.6177 -3.6988 -3.5458 -3.5234 -3.4894 -3.0833 -2.3833 -1.7163 -1.5456 -1.6754 -1.6799 -1.6339 -1.6286 -1.6433 -1.6570 -1.6566 -1.6429 -1.6306 -1.6415 -1.6577 -1.6597 -1.6702 -1.6845 -1.6725 -1.6661 -1.6906 -1.7009 -1.6914 -1.6954 -1.7065 -1.7149 -1.7337 -1.7596 -1.7756 -1.7776 -1.7731 -1.7811 -1.7971 -1.8008 -1.7850 -1.7553 -1.7310 -1.7086 -1.6731 -1.6297 -1.6030 -1.6275 -1.6131 -1.4958 -1.5566 -1.9689 -2.6418 -3.2934 -3.6317 -3.6183 -3.2444 -2.5211 -1.7964 -1.4331 -1.3957 -1.4995 -1.5121 -1.4717 -1.4737 -1.4734 -1.4615 -1.4749 -1.5052 -1.5310 -1.5412 -1.5452 -1.5631 -1.5883 -1.6091 -1.6219 -1.6282 -1.6333 -1.6438 -1.6576 -1.6580 -1.6406 -1.6132 -1.5954 -1.5937 -1.5901 -1.5721 -1.5414 -1.5328 -1.5499 -1.5477 -1.5278 -1.5111 -1.4892 -1.4564 -1.4208 -1.4169 -1.4526 -1.4311 -1.4573 -1.7914 -2.0390 -1.7688
-2.1029 -1.8550 -1.7835 -1.8077 -1.8058 -1.7991 -1.8010 -1.8038 -1.8168 -1.8475 -1.8858 -1.9155 -1.9239 -1.9306 -1.9536 -1.9895 -2.0340 -2.0796 -2.1028 -2.0980 -2.0940 -2.0926 -2.0824 -2.0745 -2.0834 -2.1188 -2.1751 -2.2292 -2.2291 -2.1689 -2.1063 -2.0715 -2.0715 -2.0941 -2.1270 -2.1629 -2.1965 -2.2233 -2.2365 -2.2406 -2.2419 -2.1843 -2.0551 -2.0065 -2.2275 -2.8489 -3.5893 -4.0912 -4.1633 -3.7675 -3.0264 -2.3173 -1.9479 -1.9277 -2.0454 -2.0286 -1.9750 -1.9820 -1.9729 -1.9482 -1.9536 -1.9591 -1.9446 -1.9319 -1.9272 -1.9240 -1.9124 -1.8964 -1.8963 -1.9043 -1.9027 -1.8940 -1.8803 -1.8597 -1.8388 -1.8242 -1.8097 -1.7939 -1.7828 -1.7764 -1.7719 -1.7639 -1.7520 -1.7399 -1.7276 -1.7146 -1.7015 -1.6965 -1.7078 -1.7079 -1.6882 -1.6958 -1.6916 -1.6068 -1.5829 -1.8065 -2.4050 -3.1458 -3.6113 -3.6694 -3.4872 -3.5234 -3.5770 -3.1705 -2.4282 -1.7295 -1.5443 -1.6761 -1.6933 -1.6531 -1.6414 -1.6502 -1.6631 -1.6661 -1.6562 -1.6442 -1.6501 -1.6604 -1.6615 -1.6765 -1.6967 -1.6854 -1.6755 -1.6968 -1.7073 -1.7020 -1.7132 -1.7360 -1.7572 -1.7749 -1.7899 -1.8025 -1.8054 -1.8005 -1.8083 -1.8197 -1.8093 -1.7852 -1.7603 -1.7383 -1.7151 -1.6829 -1.6385 -1.6040 -1.6239 -1.6110 -1.4997 -1.5727 -1.9952 -2.6581 -3.2886 -3.6155 -3.6095 -3.2611 -2.5693 -1.8470 -1.4416 -1.3811 -1.4984 -1.5203 -1.4764 -1.4692 -1.4636 -1.4522 -1.4672 -1.4967 -1.5212 -1.5428 -1.5658 -1.5923 -1.6159 -1.6311 -1.6400 -1.6488 -1.6643 -1.6841 -1.7002 -1.7006 -1.6823 -1.6506 -1.6194 -1.5988 -1.5886 -1.5816 -1.5711 -1.5676 -1.5736 -1.5762 -1.5693 -1.5508 -1.5173 -1.4822 -1.4751 -1.4860 -1.4793 -1.4103 -1.4264 -1.7930 -2.0699 -1.7849
-2.0904 -1.8586 -1.7759 -1.7844 -1.7751 -1.7733 -1.7870 -1.7962 -1.8067 -1.8309 -1.8733 -1.9143 -1.9258 -1.9314 -1.9561 -1.9977 -2.0430 -2.0758 -2.0951 -2.1028 -2.0993 -2.0946 -2.1044 -2.1429 -2.1921 -2.1969 -2.1940 -2.2351 -2.2385 -2.1740 -2.1104 -2.0771 -2.0760 -2.0975 -2.1305 -2.1663 -2.2062 -2.2476 -2.2659 -2.2627 -2.2595 -2.2067 -2.0882 -2.0398 -2.2568 -2.8907 -3.6310 -4.1017 -4.1534 -3.7655 -3.0477 -2.3450 -1.9537 -1.9205 -2.0429 -2.0338 -1.9867 -1.9978 -1.9899 -1.9640 -1.9667 -1.9720 -1.9604 -1.9495 -1.9483 -1.9543 -1.9506 -1.9343 -1.9227 -1.9150 -1.9032 -1.8910 -1.8803 -1.8684 -1.8569 -1.8462 -1.8288 -1.8069 -1.7926 -1.7842 -1.7764 -1.7704 -1.7633 -1.7491 -1.7313 -1.7155 -1.7032 -1.7015 -1.7167 -1.7176 -1.6944 -1.6987 -1.6946 -1.6134 -1.5894 -1.8019 -2.3745 -3.0951 -3.5686 -3.6232 -3.4221 -3.4933 -3.5975 -3.1809 -2.4163 -1.7199 -1.5408 -1.6772 -1.7004 -1.6640 -1.6516 -1.6571 -1.6681 -1.6745 -1.6720 -1.6645 -1.6617 -1.6626 -1.6668 -1.6886 -1.7130 -1.7026 -1.6888 -1.7030 -1.7139 -1.7172 -1.7373 -1.7686 -1.7964 -1.8099 -1.8146 -1.8242 -1.8280 -1.8214 -1.8235 -1.8262 -1.8079 -1.7843 -1.7671 -1.7454 -1.7180 -1.6876 -1.6437 -1.6058 -1.6295 -1.6213 -1.5056 -1.5761 -1.9999 -2.6527 -3.2702 -3.5964 -3.5982 -3.2673 -2.6091 -1.9009 -1.4637 -1.3787 -1.4979 -1.5205 -1.4731 -1.4648 -1.4635 -1.4573 -1.4689 -1.4873 -1.5021 -1.5308 -1.5722 -1.6085 -1.6334 -1.6477 -1.6583 -1.6734 -1.6989 -1.7260 -1.7425 -1.7380 -1.7133 -1.6767 -1.6396 -1.6103 -1.5925 -1.5892 -1.5991 -1.6054 -1.6035 -1.6074 -1.6095 -1.5924 -1.5505 -1.5103 -1.5225 -1.5362 -1.4820 -1.3894 -1.4400 -1.8631 -2.1539 -1.8117
-1.9878 -1.8169 -1.7534 -1.7539 -1.7393 -1.7443 -1.7731 -1.7946 -1.8133 -1.8432 -1.8902 -1.9333 -1.9428 -1.9458 -1.9708 -2.0152 -2.0584 -2.0792 -2.1011 -2.1303 -2.1310 -2.1336 -2.1997 -2.3339 -2.4505 -2.3822 -2.2528 -2.2602 -2.2678 -2.1966 -2.1279 -2.0864 -2.0677 -2.0852 -2.1301 -2.1699 -2.2131 -2.2682 -2.2904 -2.2798 -2.2776 -2.2290 -2.1097 -2.0654 -2.2911 -2.9255 -3.6428 -4.0718 -4.1082 -3.7428 -3.0606 -2.3709 -1.9599 -1.9157 -2.0442 -2.0403 -1.9939 -2.0042 -1.9996 -1.9789 -1.9842 -1.9957 -1.9954 -1.9923 -1.9865 -1.9736 -1.9563 -1.9382 -1.9214 -1.9073 -1.8971 -1.8919 -1.8883 -1.8782 -1.8636 -1.8488 -1.8329 -1.8179 -1.8095 -1.8069 -1.8056 -1.7989 -1.7832 -1.7597 -1.7396 -1.7303 -1.7223 -1.7180 -1.7255 -1.7193 -1.6933 -1.6963 -1.6949 -1.6237 -1.6023 -1.7966 -2.3330 -3.0299 -3.5256 -3.6150 -3.4230 -3.4629 -3.5197 -3.0798 -2.3287 -1.6718 -1.5255 -1.6734 -1.6903 -1.6519 -1.6494 -1.6617 -1.6737 -1.6801 -1.6840 -1.6838 -1.6732 -1.6664 -1.6794 -1.7075 -1.7290 -1.7160 -1.6989 -1.7083 -1.7219 -1.7350 -1.7622 -1.7947 -1.8184 -1.8261 -1.8260 -1.8329 -1.8353 -1.8251 -1.8146 -1.8050 -1.7901 -1.7749 -1.7592 -1.7313 -1.6964 -1.6654 -1.6248 -1.5939 -1.6324 -1.6327 -1.5028 -1.5536 -1.9658 -2.6157 -3.2406 -3.5804 -3.5789 -3.2336 -2.5873 -1.9041 -1.4765 -1.3854 -1.4898 -1.4985 -1.4473 -1.4484 -1.4584 -1.4568 -1.4633 -1.4717 -1.4785 -1.5066 -1.5529 -1.5931 -1.6241 -1.6494 -1.6716 -1.6945 -1.7217 -1.7516 -1.7725 -1.7605 -1.7214 -1.6802 -1.6488 -1.6271 -1.6042 -1.5930 -1.6092 -1.6209 -1.6158 -1.6208 -1.6264 -1.6086 -1.5654 -1.5237 -1.5279 -1.5196 -1.4415 -1.3909 -1.5557 -2.0874 -2.3655 -1.8668
-1.8995 -1.7858 -1.7436 -1.7390 -1.7220 -1.7266 -1.7580 -1.7899 -1.8205 -1.8577 -1.9079 -1.9522 -1.9623 -1.9665 -1.9927 -2.0358 -2.0769 -2.0996 -2.1302 -2.1691 -2.1651 -2.1729 -2.2925 -2.5201 -2.7037 -2.5633 -2.3121 -2.2939 -2.3067 -2.2203 -2.1408 -2.0925 -2.0631 -2.0799 -2.1353 -2.1798 -2.2249 -2.2866 -2.3151 -2.3097 -2.3153 -2.2670 -2.1346 -2.0819 -2.3087 -2.9435 -3.6484 -4.0526 -4.0777 -3.7207 -3.0535 -2.3710 -1.9544 -1.9041 -2.0312 -2.0288 -1.9828 -1.9928 -1.9952 -1.9861 -2.0002 -2.0205 -2.0293 -2.0285 -2.0153 -1.9868 -1.9557 -1.9309 -1.9119 -1.8994 -1.8942 -1.8945 -1.8946 -1.8865 -1.8720 -1.8571 -1.8458 -1.8378 -1.8304 -1.8282 -1.8318 -1.8249 -1.8026 -1.7742 -1.7558 -1.7531 -1.7455 -1.7340 -1.7350 -1.7274 -1.7030 -1.7008 -1.6952 -1.6346 -1.6088 -1.7880 -2.3765 -3.1625 -3.7010 -3.8231 -3.6648 -3.6684 -3.6443 -3.1474 -2.3473 -1.6462 -1.4982 -1.6633 -1.6754 -1.6348 -1.6454 -1.6674 -1.6820 -1.6886 -1.6953 -1.6982 -1.6831 -1.6736 -1.6934 -1.7226 -1.7375 -1.7237 -1.7074 -1.7138 -1.7292 -1.7487 -1.7780 -1.8080 -1.8274 -1.8320 -1.8285 -1.8284 -1.8267 -1.8163 -1.7967 -1.7755 -1.7628 -1.7518 -1.7333 -1.7021 -1.6679 -1.6421 -1.6080 -1.5830 -1.6288 -1.6321 -1.4939 -1.5294 -1.9314 -2.5923 -3.2373 -3.5830 -3.5614 -3.1841 -2.5313 -1.8690 -1.4711 -1.3913 -1.4838 -1.4768 -1.4175 -1.4210 -1.4345 -1.4334 -1.4398 -1.4483 -1.4539 -1.4756 -1.5144 -1.5558 -1.5946 -1.6310 -1.6679 -1.7014 -1.7261 -1.7557 -1.7857 -1.7752 -1.7285 -1.6809 -1.6527 -1.6406 -1.6161 -1.5937 -1.6013 -1.6120 -1.6122 -1.6205 -1.6242 -1.6015 -1.5639 -1.5316 -1.5200 -1.4778 -1.3846 -1.4028 -1.7136 -2.3719 -2.6246 nan
-1.9028 -1.8002 -1.7595 -1.7497 -1.7315 -1.7249 -1.7420 -1.7785 -1.8196 -1.8587 -1.9105 -1.9599 -1.9767 -1.9879 -2.0183 -2.0562 -2.0954 -2.1362 -2.1780 -2.2050 -2.1858 -2.1899 -2.3251 -2.5900 -2.8062 -2.6377 -2.3403 -2.3252 -2.3415 -2.2336 -2.1399 -2.0928 -2.0716 -2.0931 -2.1483 -2.1961 -2.2438 -2.3040 -2.3423 -2.3574 -2.3757 -2.3234 -2.1704 -2.0921 -2.3028 -2.9426 -3.6621 -4.0736 -4.0902 -3.7121 -3.0241 -2.3375 -1.9335 -1.8832 -1.9994 -1.9969 -1.9545 -1.9664 -1.9781 -1.9840 -2.0098 -2.0367 -2.0461 -2.0378 -2.0188 -1.9960 -1.9643 -1.9285 -1.9088 -1.9031 -1.8995 -1.8965 -1.8944 -1.8936 -1.8914 -1.8854 -1.8786 -1.8693 -1.8521 -1.8393 -1.8395 -1.8347 -1.8170 -1.7934 -1.7795 -1.7790 -1.7654 -1.7450 -1.7470 -1.7477 -1.7292 -1.7172 -1.6991 -1.6441 -1.6000 -1.7734 -2.5521 -3.5924 -4.1803 -4.2920 -4.1792 -4.1865 -4.1147 -3.5505 -2.5994 -1.6942 -1.4639 -1.6458 -1.6659 -1.6282 -1.6472 -1.6749 -1.6921 -1.7011 -1.7067 -1.7059 -1.6910 -1.6845 -1.7058 -1.7302 -1.7385 -1.7284 -1.7170 -1.7204 -1.7336 -1.7530 -1.7784 -1.8055 -1.8271 -1.8344 -1.8279 -1.8160 -1.8071 -1.8007 -1.7815 -1.7543 -1.7355 -1.7191 -1.6973 -1.6705 -1.6478 -1.6355 -1.6093 -1.5826 -1.6189 -1.6155 -1.4819 -1.5201 -1.9238 -2.6068 -3.2720 -3.6052 -3.5526 -3.1452 -2.4774 -1.8215 -1.4481 -1.3883 -1.4848 -1.4694 -1.3964 -1.3872 -1.3909 -1.3862 -1.3990 -1.4172 -1.4265 -1.4393 -1.4664 -1.5109 -1.5569 -1.5957 -1.6422 -1.6871 -1.7100 -1.7391 -1.7809 -1.7850 -1.7451 -1.6908 -1.6551 -1.6434 -1.6207 -1.5922 -1.5824 -1.5876 -1.5996 -1.6124 -1.6098 -1.5817 -1.5549 -1.5418 -1.5230 -1.4513 -1.3404 -1.4140 -1.8465 -2.6024 -2.8277 nan
-1.9601 -1.8255 -1.7754 -1.7637 -1.7405 -1.7217 -1.7282 -1.7708 -1.8225 -1.8645 -1.9185 -1.9713 -1.9907 -2.0083 -2.0469 -2.0795 -2.1124 -2.1675 -2.2143 -2.2248 -2.2033 -2.2063 -2.3066 -2.5121 -2.6873 -2.5604 -2.3386 -2.3488 -2.3594 -2.2415 -2.1413 -2.0952 -2.0815 -2.1039 -2.1535 -2.2049 -2.2596 -2.3214 -2.3680 -2.3988 -2.4263 -2.3707 -2.2027 -2.1040 -2.2970 -2.9299 -3.6623 -4.0991 -4.1140 -3.7051 -2.9887 -2.2979 -1.9126 -1.8681 -1.9780 -1.9805 -1.9423 -1.9497 -1.9650 -1.9805 -2.0100 -2.0374 -2.0461 -2.0329 -2.0108 -1.9928 -1.9614 -1.9202 -1.9058 -1.9094 -1.9053 -1.8982 -1.8967 -1.9051 -1.9136 -1.9113 -1.9042 -1.8926 -1.8702 -1.8512 -1.8478 -1.8448 -1.8326 -1.8132 -1.8028 -1.8060 -1.7908 -1.7645 -1.7625 -1.7631 -1.7460 -1.7315 -1.7104 -1.6549 -1.5781 -1.7498 -2.7822 -4.1341 -4.7245 -4.7576 -4.6753 -4.7095 -4.6585 -4.1335 -3.0442 -1.8264 -1.4351 -1.6198 -1.6613 -1.6328 -1.6504 -1.6770 -1.6963 -1.7078 -1.7127 -1.7097 -1.6982 -1.6976 -1.7215 -1.7433 -1.7479 -1.7402 -1.7306 -1.7284 -1.7345 -1.7476 -1.7658 -1.7896 -1.8155 -1.8315 -1.8296 -1.8096 -1.7904 -1.7817 -1.7670 -1.7437 -1.7201 -1.6989 -1.6786 -1.6554 -1.6376 -1.6324 -1.6114 -1.5832 -1.6094 -1.5970 -1.4671 -1.5159 -1.9315 -2.6261 -3.2944 -3.6158 -3.5491 -3.1325 -2.4571 -1.7961 -1.4229 -1.3734 -1.4823 -1.4635 -1.3768 -1.3559 -1.3535 -1.3483 -1.3631 -1.3808 -1.3844 -1.3917 -1.4199 -1.4752 -1.5280 -1.5617 -1.6056 -1.6532 -1.6783 -1.7110 -1.7613 -1.7788 -1.7504 -1.6963 -1.6526 -1.6329 -1.6127 -1.5878 -1.5697 -1.5715 -1.5896 -1.5981 -1.5887 -1.5678 -1.5547 -1.5516 -1.5339 -1.4521 -1.3292 -1.4252 -1.9047 -2.6729 -2.8671 -1.9781
-2.0471 -1.8393 -1.7730 -1.7659 -1.7345 -1.7111 -1.7236 -1.7758 -1.8374 -1.8875 -1.9456 -1.9970 -2.0105 -2.0301 -2.0801 -2.1106 -2.1321 -2.1850 -2.2262 -2.2286 -2.2264 -2.2368 -2.2652 -2.3292 -2.3946 -2.3656 -2.3188 -2.3614 -2.3562 -2.2494 -2.1537 -2.1028 -2.0866 -2.1039 -2.1474 -2.2021 -2.2668 -2.3377 -2.3879 -2.4179 -2.4456 -2.3895 -2.2184 -2.1204 -2.3101 -2.9216 -3.6478 -4.1099 -4.1280 -3.6934 -2.9582 -2.2691 -1.9017 -1.8681 -1.9823 -1.9959 -1.9602 -1.9552 -1.9644 -1.9789 -2.0002 -2.0212 -2.0321 -2.0239 -2.0021 -1.9760 -1.9391 -1.9023 -1.8991 -1.9113 -1.9068 -1.9007 -1.9061 -1.9212 -1.9295 -1.9186 -1.9053 -1.8960 -1.8814 -1.8692 -1.8666 -1.8632 -1.8507 -1.8293 -1.8193 -1.8281 -1.8198 -1.7943 -1.7800 -1.7650 -1.7414 -1.7349 -1.7265 -1.6676 -1.5528 -1.7179 -2.9598 -4.5540 -5.0965 -5.0173 -4.9427 -5.0046 -5.0377 -4.6938 -3.5596 -2.0152 -1.4218 -1.5881 -1.6589 -1.6450 -1.6514 -1.6716 -1.6916 -1.7026 -1.7094 -1.7123 -1.7067 -1.7113 -1.7393 -1.7633 -1.7681 -1.7587 -1.7448 -1.7352 -1.7319 -1.7357 -1.7474 -1.7675 -1.7943 -1.8204 -1.8304 -1.8100 -1.7798 -1.7603 -1.7499 -1.7384 -1.7158 -1.6958 -1.6830 -1.6583 -1.6318 -1.6222 -1.6025 -1.5782 -1.6046 -1.5874 -1.4526 -1.5108 -1.9429 -2.6280 -3.2769 -3.5999 -3.5486 -3.1482 -2.4794 -1.8067 -1.4070 -1.3490 -1.4691 -1.4491 -1.3549 -1.3350 -1.3390 -1.3380 -1.3471 -1.3487 -1.3341 -1.3414 -1.3868 -1.4578 -1.5148 -1.5398 -1.5707 -1.6111 -1.6414 -1.6805 -1.7314 -1.7524 -1.7327 -1.6884 -1.6433 -1.6124 -1.5932 -1.5798 -1.5695 -1.5742 -1.5884 -1.5814 -1.5663 -1.5677 -1.5671 -1.5568 -1.5463 -1.4803 -1.3615 -1.4465 -1.8837 -2.5604 -2.7157 -1.9184
-2.1910 -1.8598 -1.7581 -1.7628 -1.7320 -1.7150 -1.7412 -1.7970 -1.8607 -1.9198 -1.9836 -2.0332 -2.0416 -2.0626 -2.1222 -2.1557 -2.1698 -2.2101 -2.2399 -2.2407 -2.2558 -2.2718 -2.2498 -2.2072 -2.1841 -2.2256 -2.3056 -2.3606 -2.3436 -2.2582 -2.1659 -2.1065 -2.0956 -2.1163 -2.1541 -2.2050 -2.2719 -2.3483 -2.3976 -2.4197 -2.4418 -2.3824 -2.2123 -2.1330 -2.3445 -2.9490 -3.6644 -4.1334 -4.1461 -3.6876 -2.9299 -2.2408 -1.8971 -1.8775 -1.9927 -2.0117 -1.9783 -1.9662 -1.9661 -1.9717 -1.9833 -1.9974 -2.0081 -2.0072 -1.9910 -1.9601 -1.9214 -1.8918 -1.8951 -1.9103 -1.9074 -1.9050 -1.9156 -1.9309 -1.9326 -1.9111 -1.8929 -1.8886 -1.8855 -1.8825 -1.8808 -1.8745 -1.8600 -1.8394 -1.8278 -1.8315 -1.8269 -1.8096 -1.7919 -1.7665 -1.7362 -1.7326 -1.7332 -1.6775 -1.5453 -1.6854 -2.9522 -4.5944 -5.1422 -5.0611 -5.0029 -5.0751 -5.1796 -5.0145 -3.9087 -2.1694 -1.4269 -1.5602 -1.6540 -1.6555 -1.6507 -1.6665 -1.6867 -1.6899 -1.6977 -1.7144 -1.7191 -1.7239 -1.7442 -1.7650 -1.7723 -1.7614 -1.7442 -1.7332 -1.7270 -1.7270 -1.7372 -1.7537 -1.7731 -1.7979 -1.8119 -1.7912 -1.7565 -1.7331 -1.7273 -1.7225 -1.6975 -1.6765 -1.6696 -1.6457 -1.6153 -1.6056 -1.5895 -1.5706 -1.6030 -1.5871 -1.4472 -1.5120 -1.9568 -2.6249 -3.2502 -3.5811 -3.5529 -3.1720 -2.5100 -1.8255 -1.3992 -1.3254 -1.4464 -1.4278 -1.3381 -1.3301 -1.3402 -1.3378 -1.3469 -1.3444 -1.3198 -1.3270 -1.3808 -1.4527 -1.5038 -1.5218 -1.5486 -1.5885 -1.6193 -1.6547 -1.6981 -1.7183 -1.7061 -1.6714 -1.6301 -1.5958 -1.5756 -1.5669 -1.5647 -1.5764 -1.5901 -1.5698 -1.5479 -1.5660 -1.5716 -1.5517 -1.5529 -1.5195 -1.4293 -1.5026 -1.8611 -2.3989 -2.5032 -1.8396
-2.3601 -1.8879 -1.7388 -1.7603 -1.7414 -1.7392 -1.7788 -1.8288 -1.8857 -1.9523 -2.0217 -2.0711 -2.0810 -2.1050 -2.1683 -2.2086 -2.2246 -2.2529 -2.2730 -2.2760 -2.2921 -2.3051 -2.2783 -2.2208 -2.1786 -2.2229 -2.3089 -2.3468 -2.3295 -2.2668 -2.1733 -2.1061 -2.1129 -2.1485 -2.1820 -2.2211 -2.2776 -2.3490 -2.3932 -2.4081 -2.4235 -2.3580 -2.1877 -2.1324 -2.3817 -3.0039 -3.7131 -4.1634 -4.1616 -3.6874 -2.8982 -2.2026 -1.8936 -1.8901 -1.9944 -2.0068 -1.9756 -1.9676 -1.9617 -1.9569 -1.9657 -1.9767 -1.9808 -1.9822 -1.9751 -1.9517 -1.9198 -1.8949 -1.8947 -1.9059 -1.9080 -1.9106 -1.9196 -1.9281 -1.9219 -1.8958 -1.8776 -1.8776 -1.8817 -1.8829 -1.8783 -1.8675 -1.8532 -1.8402 -1.8273 -1.8136 -1.8040 -1.7989 -1.7935 -1.7749 -1.7437 -1.7296 -1.7231 -1.6807 -1.5615 -1.6529 -2.7153 -4.1725 -4.8109 -4.8815 -4.8566 -4.9168 -5.0374 -4.9511 -3.9299 -2.2258 -1.4524 -1.5432 -1.6438 -1.6573 -1.6458 -1.6621 -1.6832 -1.6750 -1.6820 -1.7138 -1.7298 -1.7292 -1.7284 -1.7372 -1.7474 -1.7388 -1.7238 -1.7186 -1.7178 -1.7217 -1.7357 -1.7478 -1.7514 -1.7619 -1.7682 -1.7444 -1.7133 -1.6989 -1.6972 -1.6888 -1.6555 -1.6287 -1.6229 -1.6061 -1.5861 -1.5864 -1.5769 -1.5618 -1.6004 -1.5904 -1.4520 -1.5213 -1.9703 -2.6254 -3.2361 -3.5724 -3.5571 -3.1828 -2.5162 -1.8237 -1.3933 -1.3103 -1.4200 -1.4049 -1.3320 -1.3411 -1.3496 -1.3363 -1.3555 -1.3721 -1.3557 -1.3597 -1.4004 -1.4519 -1.4879 -1.5052 -1.5427 -1.5914 -1.6142 -1.6337 -1.6660 -1.6854 -1.6784 -1.6471 -1.6125 -1.5882 -1.5685 -1.5538 -1.5503 -1.5682 -1.5902 -1.5675 -1.5393 -1.5579 -1.5610 -1.5367 -1.5512 -1.5547 -1.5099 -1.5844 -1.8681 -2.2712 -2.3196 -1.7694
-2.4075 -1.8856 -1.7231 -1.7584 -1.7465 -1.7555 -1.8065 -1.8505 -1.9021 -1.9774 -2.0494 -2.0954 -2.1103 -2.1378 -2.1971 -2.2403 -2.2647 -2.2962 -2.3194 -2.3269 -2.3387 -2.3415 -2.3091 -2.2554 -2.2188 -2.2500 -2.3087 -2.3249 -2.3110 -2.2713 -2.1868 -2.1187 -2.1316 -2.1737 -2.2070 -2.2364 -2.2787 -2.3377 -2.3720 -2.3804 -2.3947 -2.3308 -2.1620 -2.1108 -2.3696 -3.0047 -3.7058 -4.1244 -4.1252 -3.6708 -2.8561 -2.1511 -1.8865 -1.9018 -1.9884 -1.9889 -1.9573 -1.9536 -1.9488 -1.9449 -1.9597 -1.9693 -1.9616 -1.9566 -1.9532 -1.9395 -1.9167 -1.8942 -1.8864 -1.8925 -1.9039 -1.9133 -1.9178 -1.9181 -1.9066 -1.8812 -1.8635 -1.8626 -1.8682 -1.8689 -1.8583 -1.8437 -1.8323 -1.8269 -1.8158 -1.7937 -1.7792 -1.7794 -1.7864 -1.7820 -1.7572 -1.7279 -1.7037 -1.6754 -1.5778 -1.6060 -2.3695 -3.5257 -4.2220 -4.4379 -4.4220 -4.4666 -4.5792 -4.4937 -3.6234 -2.1854 -1.4988 -1.5379 -1.6288 -1.6477 -1.6276 -1.6420 -1.6683 -1.6639 -1.6716 -1.7024 -1.7178 -1.7121 -1.6991 -1.6998 -1.7109 -1.7084 -1.6989 -1.6956 -1.6964 -1.7026 -1.7165 -1.7203 -1.7079 -1.7112 -1.7199 -1.6975 -1.6692 -1.6603 -1.6595 -1.6478 -1.6129 -1.5854 -1.5814 -1.5749 -1.5673 -1.5711 -1.5614 -1.5478 -1.5888 -1.5836 -1.4529 -1.5278 -1.9763 -2.6246 -3.2273 -3.5601 -3.5438 -3.1638 -2.4783 -1.7802 -1.3764 -1.3042 -1.4009 -1.3896 -1.3354 -1.3593 -1.3652 -1.3406 -1.3648 -1.3981 -1.3950 -1.3958 -1.4176 -1.4478 -1.4755 -1.5010 -1.5424 -1.5840 -1.5956 -1.6067 -1.6356 -1.6524 -1.6420 -1.6087 -1.5829 -1.5776 -1.5697 -1.5553 -1.5466 -1.5626 -1.5890 -1.5724 -1.5473 -1.5632 -1.5565 -1.5236 -1.5476 -1.5772 -1.5576 -1.6195 -1.8358 -2.1370 -2.1527 nan
-2.3018 -1.8477 -1.7142 -1.7554 -1.7397 -1.7520 -1.8115 -1.8555 -1.9085 -1.9927 -2.0632 -2.1023 -2.1238 -2.1550 -2.2047 -2.2434 -2.2770 -2.3281 -2.3671 -2.3787 -2.3896 -2.3816 -2.3225 -2.2470 -2.2061 -2.2413 -2.2987 -2.3024 -2.2871 -2.2665 -2.2049 -2.1446 -2.1433 -2.1763 -2.2138 -2.2413 -2.2725 -2.3165 -2.3368 -2.3383 -2.3577 -2.3059 -2.1434 -2.0720 -2.2993 -2.9291 -3.6195 -4.0096 -4.0392 -3.6419 -2.8176 -2.1020 -1.8764 -1.9070 -1.9765 -1.9680 -1.9343 -1.9294 -1.9318 -1.9409 -1.9652 -1.9733 -1.9536 -1.9369 -1.9289 -1.9194 -1.9026 -1.8812 -1.8672 -1.8705 -1.8921 -1.9090 -1.9104 -1.9050 -1.8924 -1.8714 -1.8530 -1.8448 -1.8466 -1.8438 -1.8266 -1.8113 -1.8052 -1.8021 -1.7949 -1.7809 -1.7677 -1.7638 -1.7738 -1.7814 -1.7677 -1.7256 -1.6816 -1.6633 -1.5810 -1.5470 -2.0428 -2.9068 -3.5768 -3.8404 -3.7934 -3.8301 -3.9371 -3.8144 -3.1321 -2.0901 -1.5570 -1.5394 -1.6101 -1.6296 -1.5984 -1.6059 -1.6411 -1.6588 -1.6700 -1.6809 -1.6818 -1.6748 -1.6678 -1.6696 -1.6783 -1.6829 -1.6787 -1.6682 -1.6628 -1.6667 -1.6740 -1.6666 -1.6455 -1.6569 -1.6830 -1.6658 -1.6340 -1.6213 -1.6185 -1.6096 -1.5840 -1.5648 -1.5652 -1.5673 -1.5657 -1.5618 -1.5441 -1.5297 -1.5678 -1.5628 -1.4436 -1.5258 -1.9711 -2.6168 -3.2138 -3.5321 -3.5054 -3.1173 -2.4099 -1.7096 -1.3480 -1.3006 -1.3902 -1.3840 -1.3445 -1.3763 -1.3839 -1.3567 -1.3752 -1.4091 -1.4150 -1.4153 -1.4252 -1.4463 -1.4787 -1.5168 -1.5448 -1.5567 -1.5590 -1.5764 -1.6116 -1.6231 -1.6019 -1.5677 -1.5527 -1.5661 -1.5790 -1.5770 -1.5643 -1.5687 -1.5884 -1.5801 -1.5689 -1.5882 -1.5716 -1.5250 -1.5501 -1.5861 -1.5591 -1.5947 -1.7647 -2.0066 -2.0122 nan
-2.2262 -1.8310 -1.7081 -1.7470 -1.7329 -1.7500 -1.8149 -1.8625 -1.9182 -2.0042 -2.0717 -2.1090 -2.1390 -2.1760 -2.2195 -2.2504 -2.2850 -2.3498 -2.3983 -2.4082 -2.4227 -2.4179 -2.3460 -2.2492 -2.1933 -2.2344 -2.3000 -2.2900 -2.2618 -2.2462 -2.2028 -2.1531 -2.1398 -2.1651 -2.2086 -2.2377 -2.2620 -2.2935 -2.2998 -2.2917 -2.3127 -2.2730 -2.1225 -2.0391 -2.2405 -2.8658 -3.5554 -3.9384 -3.9995 -3.6519 -2.8317 -2.1013 -1.8730 -1.8979 -1.9593 -1.9531 -1.9230 -1.9174 -1.9238 -1.9384 -1.9609 -1.9660 -1.9457 -1.9260 -1.9139 -1.9029 -1.8868 -1.8658 -1.8498 -1.8513 -1.8748 -1.8947 -1.8971 -1.8893 -1.8772 -1.8636 -1.8462 -1.8299 -1.8245 -1.8174 -1.7985 -1.7873 -1.7866 -1.7811 -1.7718 -1.7639 -1.7561 -1.7526 -1.7607 -1.7717 -1.7659 -1.7158 -1.6591 -1.6507 -1.5806 -1.5087 -1.8457 -2.5354 -3.1806 -3.4550 -3.3723 -3.4042 -3.5136 -3.3632 -2.8081 -2.0388 -1.6020 -1.5333 -1.5887 -1.6141 -1.5808 -1.5835 -1.6226 -1.6560 -1.6693 -1.6646 -1.6554 -1.6499 -1.6507 -1.6525 -1.6551 -1.6613 -1.6578 -1.6388 -1.6308 -1.6379 -1.6410 -1.6283 -1.6098 -1.6294 -1.6606 -1.6364 -1.5974 -1.5863 -1.5853 -1.5791 -1.5627 -1.5516 -1.5538 -1.5569 -1.5566 -1.5529 -1.5349 -1.5185 -1.5500 -1.5428 -1.4344 -1.5210 -1.9577 -2.5979 -3.1865 -3.4851 -3.4520 -3.0765 -2.3786 -1.6842 -1.3296 -1.2831 -1.3716 -1.3777 -1.3516 -1.3853 -1.4005 -1.3852 -1.4019 -1.4324 -1.4451 -1.4481 -1.4548 -1.4760 -1.5128 -1.5521 -1.5629 -1.5510 -1.5484 -1.5704 -1.6058 -1.6107 -1.5872 -1.5670 -1.5651 -1.5817 -1.6015 -1.6075 -1.5925 -1.5848 -1.5917 -1.5846 -1.5848 -1.6134 -1.6006 -1.5514 -1.5676 -1.5921 -1.5587 -1.6064 -1.7876 -1.9958 -1.9627 nan
-2.3241 -1.8738 -1.6982 -1.7298 -1.7317 -1.7616 -1.8302 -1.8831 -1.9403 -2.0201 -2.0854 -2.1279 -2.1656 -2.2077 -2.2501 -2.2735 -2.2998 -2.3619 -2.4059 -2.4087 -2.4285 -2.4403 -2.3828 -2.2812 -2.2060 -2.2450 -2.3144 -2.2884 -2.2405 -2.2161 -2.1752 -2.1317 -2.1208 -2.1485 -2.1955 -2.2260 -2.2477 -2.2719 -2.2681 -2.2504 -2.2671 -2.2336 -2.0993 -2.0282 -2.2360 -2.8706 -3.5723 -3.9666 -4.0351 -3.6952 -2.8875 -2.1462 -1.8759 -1.8754 -1.9397 -1.9457 -1.9257 -1.9231 -1.9269 -1.9319 -1.9390 -1.9406 -1.9332 -1.9227 -1.9104 -1.8948 -1.8750 -1.8540 -1.8402 -1.8401 -1.8548 -1.8717 -1.8792 -1.8719 -1.8599 -1.8530 -1.8394 -1.8196 -1.8086 -1.7993 -1.7843 -1.7792 -1.7817 -1.7718 -1.7541 -1.7408 -1.7385 -1.7442 -1.7488 -1.7545 -1.7505 -1.6991 -1.6409 -1.6419 -1.5806 -1.4980 -1.7891 -2.4410 -3.1128 -3.4137 -3.3174 -3.3414 -3.4568 -3.3156 -2.7927 -2.0659 -1.6201 -1.5168 -1.5678 -1.6048 -1.5804 -1.5846 -1.6209 -1.6520 -1.6637 -1.6584 -1.6515 -1.6494 -1.6510 -1.6484 -1.6433 -1.6450 -1.6375 -1.6143 -1.6124 -1.6314 -1.6369 -1.6269 -1.6178 -1.6355 -1.6502 -1.6074 -1.5640 -1.5649 -1.5691 -1.5600 -1.5468 -1.5389 -1.5382 -1.5350 -1.5338 -1.5413 -1.5338 -1.5179 -1.5437 -1.5354 -1.4367 -1.5243 -1.9471 -2.5747 -3.1503 -3.4320 -3.4008 -3.0549 -2.3983 -1.7176 -1.3288 -1.2564 -1.3528 -1.3787 -1.3625 -1.3913 -1.4173 -1.4259 -1.4478 -1.4756 -1.4940 -1.5026 -1.5123 -1.5374 -1.5704 -1.5952 -1.5952 -1.5804 -1.5771 -1.5919 -1.6134 -1.6133 -1.6026 -1.6101 -1.6198 -1.6213 -1.6290 -1.6339 -1.6206 -1.6074 -1.6010 -1.5854 -1.5864 -1.6248 -1.6312 -1.5973 -1.5995 -1.6021 -1.5782 -1.6887 -1.9386 -2.1193 -2.0029 nan
-2.6405 -1.9746 -1.6758 -1.7022 -1.7307 -1.7798 -1.8542 -1.9140 -1.9747 -2.0506 -2.1154 -2.1608 -2.1968 -2.2336 -2.2701 -2.2879 -2.3080 -2.3623 -2.3998 -2.3997 -2.4198 -2.4372 -2.3908 -2.2910 -2.2053 -2.2394 -2.3095 -2.2812 -2.2297 -2.2004 -2.1497 -2.1013 -2.0984 -2.1299 -2.1721 -2.2027 -2.2256 -2.2458 -2.2392 -2.2223 -2.2392 -2.2101 -2.0900 -2.0413 -2.2741 -2.9287 -3.6421 -4.0311 -4.0570 -3.6717 -2.8761 -2.1540 -1.8678 -1.8555 -1.9238 -1.9357 -1.9213 -1.9229 -1.9238 -1.9192 -1.9161 -1.9186 -1.9238 -1.9199 -1.9059 -1.8869 -1.8643 -1.8425 -1.8314 -1.8305 -1.8358 -1.8481 -1.8598 -1.8544 -1.8414 -1.8345 -1.8236 -1.8090 -1.8033 -1.7981 -1.7847 -1.7783 -1.7785 -1.7689 -1.7486 -1.7278 -1.7252 -1.7349 -1.7345 -1.7344 -1.7331 -1.6886 -1.6361 -1.6373 -1.5727 -1.4777 -1.7308 -2.3609 -3.0833 -3.4435 -3.3609 -3.3664 -3.4762 -3.3750 -2.8656 -2.0974 -1.6186 -1.5050 -1.5541 -1.5931 -1.5733 -1.5835 -1.6212 -1.6452 -1.6521 -1.6490 -1.6462 -1.6478 -1.6519 -1.6485 -1.6402 -1.6396 -1.6314 -1.6095 -1.6150 -1.6441 -1.6540 -1.6449 -1.6347 -1.6415 -1.6421 -1.5977 -1.5634 -1.5740 -1.5739 -1.5545 -1.5428 -1.5379 -1.5336 -1.5277 -1.5248 -1.5289 -1.5245 -1.5187 -1.5489 -1.5453 -1.4614 -1.5536 -1.9618 -2.5699 -3.1320 -3.4106 -3.3764 -3.0300 -2.3907 -1.7240 -1.3272 -1.2597 -1.3815 -1.4242 -1.4042 -1.4166 -1.4488 -1.4787 -1.4944 -1.5087 -1.5312 -1.5463 -1.5580 -1.5839 -1.6094 -1.6189 -1.6158 -1.6078 -1.6028 -1.6017 -1.6025 -1.6028 -1.6112 -1.6346 -1.6431 -1.6292 -1.6313 -1.6441 -1.6415 -1.6305 -1.6157 -1.5909 -1.5849 -1.6211 -1.6429 -1.6321 -1.6306 -1.6147 -1.5938 -1.7621 -2.0771 -2.2184 -2.0212 nan
-3.0151 -2.0751 -1.6427 -1.6717 -1.7279 -1.7981 -1.8833 -1.9525 -2.0201 -2.0979 -2.1613 -2.2003 -2.2222 -2.2426 -2.2676 -2.2837 -2.3042 -2.3499 -2.3835 -2.3888 -2.4040 -2.4088 -2.3566 -2.2606 -2.1818 -2.2119 -2.2774 -2.2614 -2.2269 -2.2039 -2.1398 -2.0775 -2.0796 -2.1096 -2.1384 -2.1665 -2.1926 -2.2112 -2.2106 -2.2073 -2.2325 -2.2074 -2.0946 -2.0640 -2.3233 -3.0020 -3.7220 -4.0830 -4.0308 -3.5701 -2.7856 -2.1096 -1.8458 -1.8435 -1.9152 -1.9222 -1.9041 -1.9082 -1.9102 -1.9054 -1.9047 -1.9123 -1.9218 -1.9154 -1.8962 -1.8761 -1.8534 -1.8312 -1.8222 -1.8225 -1.8235 -1.8313 -1.8419 -1.8378 -1.8235 -1.8105 -1.8000 -1.7960 -1.8045 -1.8082 -1.7930 -1.7776 -1.7710 -1.7668 -1.7530 -1.7286 -1.7191 -1.7226 -1.7166 -1.7143 -1.7176 -1.6850 -1.6406 -1.6318 -1.5542 -1.4378 -1.6116 -2.1687 -2.9310 -3.3780 -3.3442 -3.3281 -3.4130 -3.3642 -2.8923 -2.1018 -1.6141 -1.5083 -1.5519 -1.5803 -1.5565 -1.5743 -1.6198 -1.6403 -1.6411 -1.6359 -1.6342 -1.6392 -1.6473 -1.6463 -1.6400 -1.6449 -1.6432 -1.6253 -1.6307 -1.6592 -1.6728 -1.6634 -1.6422 -1.6347 -1.6326 -1.6094 -1.5960 -1.6054 -1.5892 -1.5572 -1.5530 -1.5558 -1.5489 -1.5491 -1.5478 -1.5277 -1.5119 -1.5246 -1.5695 -1.5769 -1.5130 -1.6134 -2.0062 -2.5860 -3.1354 -3.4304 -3.3873 -2.9981 -2.3385 -1.6873 -1.3313 -1.3148 -1.4742 -1.5154 -1.4720 -1.4684 -1.5048 -1.5420 -1.5348 -1.5246 -1.5491 -1.5693 -1.5784 -1.5992 -1.6181 -1.6213 -1.6185 -1.6138 -1.6048 -1.5884 -1.5717 -1.5773 -1.6003 -1.6173 -1.6115 -1.5926 -1.6035 -1.6339 -1.6485 -1.6467 -1.6317 -1.6039 -1.5906 -1.6153 -1.6417 -1.6488 -1.6457 -1.6119 -1.5817 -1.7789 -2.1246 -2.2109 -1.9631 nan
-3.0056 -2.0411 -1.6167 -1.6581 -1.7285 -1.8145 -1.9157 -1.9989 -2.0746 -2.1516 -2.2050 -2.2268 -2.2289 -2.2351 -2.2569 -2.2780 -2.2979 -2.3254 -2.3485 -2.3619 -2.3781 -2.3731 -2.3141 -2.2315 -2.1775 -2.2033 -2.2508 -2.2381 -2.2164 -2.2005 -2.1329 -2.0636 -2.0627 -2.0839 -2.0982 -2.1199 -2.1468 -2.1690 -2.1805 -2.1939 -2.2264 -2.2009 -2.0872 -2.0601 -2.3306 -3.0276 -3.7594 -4.1097 -4.0166 -3.5207 -2.7578 -2.1064 -1.8305 -1.8275 -1.9129 -1.9188 -1.8934 -1.8962 -1.9034 -1.9054 -1.9082 -1.9165 -1.9248 -1.9152 -1.8916 -1.8681 -1.8448 -1.8254 -1.8215 -1.8258 -1.8262 -1.8267 -1.8276 -1.8213 -1.8089 -1.7956 -1.7851 -1.7834 -1.7959 -1.8046 -1.7934 -1.7754 -1.7633 -1.7611 -1.7515 -1.7258 -1.7106 -1.7077 -1.6984 -1.6938 -1.6958 -1.6695 -1.6305 -1.6123 -1.5327 -1.4136 -1.5135 -1.9750 -2.7319 -3.2603 -3.3248 -3.3124 -3.3590 -3.3427 -2.9114 -2.1235 -1.6335 -1.5262 -1.5612 -1.5833 -1.5608 -1.5835 -1.6327 -1.6518 -1.6475 -1.6388 -1.6420 -1.6499 -1.6493 -1.6395 -1.6336 -1.6501 -1.6599 -1.6410 -1.6310 -1.6432 -1.6611 -1.6663 -1.6527 -1.6379 -1.6278 -1.6182 -1.6155 -1.6141 -1.5835 -1.5526 -1.5729 -1.5914 -1.5795 -1.5907 -1.6020 -1.5630 -1.5338 -1.5594 -1.6166 -1.6343 -1.5864 -1.6881 -2.0553 -2.5938 -3.1280 -3.4572 -3.4168 -2.9867 -2.3245 -1.7058 -1.3851 -1.4115 -1.5961 -1.5974 -1.5133 -1.5293 -1.5853 -1.6117 -1.5804 -1.5537 -1.5787 -1.5999 -1.6037 -1.6179 -1.6348 -1.6398 -1.6291 -1.6117 -1.6007 -1.5853 -1.5665 -1.5751 -1.5985 -1.6008 -1.5841 -1.5680 -1.5796 -1.6106 -1.6355 -1.6462 -1.6398 -1.6181 -1.6090 -1.6379 -1.6725 -1.6774 -1.6325 -1.5538 -1.5243 -1.7548 -2.1177 -2.1495 nan nan
-2.5352 -1.8699 -1.6139 -1.6675 -1.7346 -1.8289 -1.9482 -2.0465 -2.1269 -2.1955 -2.2303 -2.2301 -2.2147 -2.2142 -2.2406 -2.2686 -2.2847 -2.2897 -2.2975 -2.3171 -2.3414 -2.3387 -2.2816 -2.2192 -2.1959 -2.2181 -2.2402 -2.2156 -2.1907 -2.1754 -2.1172 -2.0542 -2.0434 -2.0510 -2.0556 -2.0689 -2.0926 -2.1209 -2.1449 -2.1704 -2.2065 -2.1773 -2.0571 -2.0237 -2.2917 -2.9936 -3.7360 -4.1014 -4.0309 -3.5684 -2.8431 -2.1787 -1.8318 -1.8033 -1.9132 -1.9279 -1.8975 -1.8980 -1.9113 -1.9206 -1.9205 -1.9219 -1.9264 -1.9169 -1.8925 -1.8632 -1.8377 -1.8237 -1.8264 -1.8364 -1.8393 -1.8314 -1.8166 -1.8052 -1.7983 -1.7923 -1.7827 -1.7734 -1.7751 -1.7810 -1.7801 -1.7698 -1.7569 -1.7523 -1.7421 -1.7180 -1.7034 -1.7007 -1.6935 -1.6865 -1.6797 -1.6506 -1.6119 -1.5886 -1.5226 -1.4253 -1.4736 -1.8338 -2.5377 -3.1302 -3.3356 -3.3593 -3.3615 -3.3447 -2.9385 -2.1637 -1.6612 -1.5341 -1.5676 -1.6001 -1.5881 -1.6120 -1.6561 -1.6708 -1.6623 -1.6532 -1.6661 -1.6761 -1.6556 -1.6279 -1.6192 -1.6424 -1.6607 -1.6419 -1.6107 -1.5955 -1.6138 -1.6436 -1.6580 -1.6497 -1.6300 -1.6184 -1.6095 -1.5911 -1.5565 -1.5442 -1.5969 -1.6308 -1.6107 -1.6302 -1.6604 -1.6217 -1.5876 -1.6147 -1.6749 -1.6960 -1.6506 -1.7422 -2.0802 -2.5775 -3.0976 -3.4636 -3.4394 -2.9970 -2.3700 -1.7944 -1.4688 -1.4952 -1.6819 -1.6259 -1.5082 -1.5812 -1.6666 -1.6652 -1.6190 -1.5934 -1.6181 -1.6352 -1.6338 -1.6463 -1.6680 -1.6782 -1.6528 -1.6131 -1.6018 -1.6007 -1.5931 -1.5951 -1.6007 -1.5938 -1.5860 -1.5831 -1.5733 -1.5740 -1.6058 -1.6331 -1.6308 -1.6099 -1.6122 -1.6685 -1.7243 -1.7147 -1.5994 -1.4619 -1.4506 -1.7129 -2.0704 -2.0601 nan nan
-2.0576 -1.7450 -1.6451 -1.6851 -1.7426 -1.8438 -1.9751 -2.0792 -2.1541 -2.2072 -2.2257 -2.2141 -2.1926 -2.1856 -2.2025 -2.2246 -2.2391 -2.2432 -2.2505 -2.2706 -2.2975 -2.2995 -2.2494 -2.1969 -2.1834 -2.2062 -2.2219 -2.1904 -2.1555 -2.1330 -2.0855 -2.0339 -2.0144 -2.0119 -2.0140 -2.0229 -2.0418 -2.0700 -2.0969 -2.1270 -2.1692 -2.1416 -2.0180 -1.9924 -2.2712 -2.9602 -3.6821 -4.0482 -4.0201 -3.6260 -2.9497 -2.2671 -1.8420 -1.7803 -1.9094 -1.9351 -1.9076 -1.9127 -1.9275 -1.9326 -1.9231 -1.9155 -1.9155 -1.9065 -1.8838 -1.8530 -1.8269 -1.8146 -1.8171 -1.8298 -1.8414 -1.8320 -1.8051 -1.7913 -1.7898 -1.7866 -1.7781 -1.7666 -1.7595 -1.7594 -1.7633 -1.7588 -1.7485 -1.7464 -1.7420 -1.7274 -1.7203 -1.7242 -1.7276 -1.7243 -1.7088 -1.6743 -1.6324 -1.6000 -1.5453 -1.4669 -1.4515 -1.6951 -2.3395 -2.9976 -3.3500 -3.4195 -3.3790 -3.3441 -2.9389 -2.1564 -1.6237 -1.4774 -1.5384 -1.6016 -1.5975 -1.6215 -1.6581 -1.6563 -1.6411 -1.6395 -1.6597 -1.6690 -1.6414 -1.6141 -1.6058 -1.6072 -1.6161 -1.6233 -1.5991 -1.5618 -1.5647 -1.5939 -1.6197 -1.6324 -1.6343 -1.6326 -1.6154 -1.5801 -1.5522 -1.5614 -1.6185 -1.6446 -1.6156 -1.6294 -1.6625 -1.6375 -1.6120 -1.6361 -1.6936 -1.7073 -1.6417 -1.7165 -2.0491 -2.5432 -3.0636 -3.4373 -3.4202 -2.9912 -2.4014 -1.8415 -1.4720 -1.4564 -1.6325 -1.5787 -1.4872 -1.6076 -1.6945 -1.6553 -1.6042 -1.5921 -1.6173 -1.6263 -1.6217 -1.6475 -1.6812 -1.6892 -1.6624 -1.6229 -1.6054 -1.6037 -1.5996 -1.5780 -1.5527 -1.5526 -1.5859 -1.6170 -1.5653 -1.5122 -1.5755 -1.6300 -1.5961 -1.5358 -1.5287 -1.6167 -1.7072 -1.7085 -1.5824 -1.4428 -1.4508 -1.6790 -1.9553 -1.9180 nan nan
-1.8281 -1.7358 -1.6898 -1.6956 -1.7506 -1.8591 -1.9894 -2.0863 -2.1477 -2.1839 -2.1933 -2.1825 -2.1654 -2.1510 -2.1449 -2.1486 -2.1638 -2.1899 -2.2139 -2.2308 -2.2512 -2.2534 -2.2100 -2.1547 -2.1293 -2.1590 -2.1918 -2.1636 -2.1196 -2.0878 -2.0471 -2.0053 -1.9811 -1.9751 -1.9814 -1.9917 -2.0062 -2.0260 -2.0443 -2.0718 -2.1236 -2.1053 -1.9858 -1.9866 -2.2944 -2.9607 -3.6370 -3.9835 -3.9853 -3.6500 -3.0113 -2.3233 -1.8599 -1.7765 -1.9085 -1.9397 -1.9213 -1.9371 -1.9481 -1.9390 -1.9204 -1.9075 -1.9035 -1.8925 -1.8705 -1.8428 -1.8195 -1.8065 -1.8026 -1.8131 -1.8355 -1.8310 -1.7991 -1.7868 -1.7879 -1.7801 -1.7718 -1.7668 -1.7592 -1.7532 -1.7521 -1.7470 -1.7406 -1.7459 -1.7521 -1.7496 -1.7501 -1.7588 -1.7707 -1.7711 -1.7497 -1.7120 -1.6668 -1.6215 -1.5727 -1.5073 -1.4192 -1.5354 -2.1109 -2.8221 -3.3111 -3.4377 -3.3759 -3.3287 -2.9150 -2.1089 -1.5353 -1.3743 -1.4832 -1.5865 -1.5805 -1.5966 -1.6214 -1.5985 -1.5805 -1.5929 -1.6091 -1.6107 -1.5966 -1.5930 -1.5880 -1.5424 -1.5284 -1.5896 -1.6050 -1.5591 -1.5392 -1.5414 -1.5482 -1.5819 -1.6292 -1.6488 -1.6280 -1.5835 -1.5665 -1.5871 -1.6190 -1.6222 -1.5919 -1.5833 -1.5938 -1.5915 -1.5921 -1.6170 -1.6695 -1.6634 -1.5510 -1.5977 -1.9474 -2.4859 -3.0327 -3.3854 -3.3585 -2.9533 -2.3833 -1.8131 -1.3959 -1.3209 -1.4735 -1.4807 -1.4695 -1.6122 -1.6757 -1.6042 -1.5502 -1.5494 -1.5753 -1.5717 -1.5605 -1.6091 -1.6533 -1.6424 -1.6324 -1.6318 -1.6130 -1.5953 -1.5805 -1.5225 -1.4599 -1.4739 -1.5613 -1.6338 -1.5358 -1.4293 -1.5441 -1.6281 -1.5355 -1.4177 -1.3932 -1.5001 -1.6165 -1.6467 -1.5800 -1.5058 -1.5291 -1.6598 -1.7911 -1.7421 nan nan
-1.7942 -1.7478 -1.6894 -1.6856 -1.7590 -1.8710 -1.9823 -2.0652 -2.1188 -2.1481 -2.1518 -2.1380 -2.1213 -2.1067 -2.0953 -2.0879 -2.0976 -2.1367 -2.1747 -2.1926 -2.2070 -2.2041 -2.1616 -2.1067 -2.0824 -2.1257 -2.1730 -2.1432 -2.0941 -2.0643 -2.0308 -1.9931 -1.9642 -1.9573 -1.9701 -1.9841 -1.9956 -2.0064 -2.0131 -2.0339 -2.0919 -2.0849 -1.9757 -1.9989 -2.3284 -2.9851 -3.6446 -3.9929 -4.0023 -3.6645 -3.0076 -2.3220 -1.8933 -1.8192 -1.9339 -1.9594 -1.9456 -1.9653 -1.9726 -1.9590 -1.9450 -1.9365 -1.9291 -1.9111 -1.8831 -1.8544 -1.8373 -1.8330 -1.8288 -1.8343 -1.8557 -1.8506 -1.8166 -1.8043 -1.8055 -1.7950 -1.7853 -1.7808 -1.7716 -1.7605 -1.7528 -1.7459 -1.7423 -1.7472 -1.7509 -1.7449 -1.7376 -1.7318 -1.7239 -1.7067 -1.6770 -1.6408 -1.5974 -1.5464 -1.5157 -1.4880 -1.3726 -1.3769 -1.8114 -2.5048 -3.1300 -3.3603 -3.3328 -3.3088 -2.9198 -2.1263 -1.5253 -1.3364 -1.4661 -1.5905 -1.5721 -1.5539 -1.5509 -1.5301 -1.5319 -1.5555 -1.5471 -1.5268 -1.5316 -1.5508 -1.5413 -1.4617 -1.4410 -1.5553 -1.6073 -1.5626 -1.5470 -1.5412 -1.5178 -1.5406 -1.5952 -1.6089 -1.5831 -1.5463 -1.5312 -1.5430 -1.5655 -1.5796 -1.5695 -1.5301 -1.5017 -1.5315 -1.5777 -1.6151 -1.6636 -1.6262 -1.4437 -1.4340 -1.7844 -2.3856 -2.9918 -3.3384 -3.2967 -2.9000 -2.3394 -1.7853 -1.3906 -1.2900 -1.3907 -1.4143 -1.4540 -1.6223 -1.6957 -1.6226 -1.5492 -1.5327 -1.5573 -1.5345 -1.4985 -1.5551 -1.5900 -1.5353 -1.5440 -1.6137 -1.6308 -1.6184 -1.5942 -1.5047 -1.4072 -1.4116 -1.5064 -1.5834 -1.4683 -1.3500 -1.4894 -1.5773 -1.4594 -1.3624 -1.3772 -1.4786 -1.5619 -1.5725 -1.5416 -1.5288 -1.5756 -1.6369 -1.6597 -1.6112 nan nan
-1.9083 -1.7798 -1.6662 -1.6691 -1.7649 -1.8684 -1.9443 -2.0071 -2.0591 -2.0936 -2.0966 -2.0750 -2.0516 -2.0423 -2.0463 -2.0404 -2.0384 -2.0698 -2.1072 -2.1277 -2.1392 -2.1312 -2.0913 -2.0508 -2.0478 -2.1047 -2.1505 -2.1076 -2.0575 -2.0436 -2.0207 -1.9839 -1.9528 -1.9461 -1.9615 -1.9742 -1.9815 -1.9870 -1.9851 -1.9970 -2.0533 -2.0562 -1.9635 -1.9898 -2.3111 -2.9726 -3.6664 -4.0620 -4.0572 -3.6401 -2.9061 -2.2348 -1.9147 -1.8835 -1.9641 -1.9727 -1.9560 -1.9699 -1.9766 -1.9715 -1.9730 -1.9746 -1.9663 -1.9424 -1.9068 -1.8715 -1.8578 -1.8659 -1.8687 -1.8697 -1.8784 -1.8684 -1.8388 -1.8235 -1.8189 -1.8091 -1.7973 -1.7859 -1.7725 -1.7574 -1.7433 -1.7369 -1.7358 -1.7299 -1.7168 -1.6984 -1.6785 -1.6559 -1.6263 -1.5939 -1.5635 -1.5348 -1.4951 -1.4365 -1.4166 -1.4272 -1.3311 -1.2590 -1.4891 -2.0728 -2.7935 -3.1583 -3.2267 -3.2638 -2.9380 -2.2051 -1.5966 -1.3593 -1.4622 -1.5782 -1.5457 -1.4828 -1.4504 -1.4617 -1.5019 -1.5264 -1.4794 -1.4322 -1.4589 -1.4913 -1.4667 -1.3763 -1.3664 -1.5089 -1.5726 -1.5312 -1.5484 -1.5671 -1.5243 -1.5077 -1.5194 -1.4942 -1.4610 -1.4481 -1.4296 -1.4244 -1.4722 -1.5362 -1.5565 -1.4822 -1.4127 -1.4846 -1.5905 -1.6474 -1.6854 -1.6073 -1.3550 -1.2856 -1.6226 -2.2710 -2.9369 -3.2991 -3.2478 -2.8417 -2.2891 -1.7870 -1.4818 -1.4027 -1.4408 -1.4067 -1.4247 -1.6079 -1.7257 -1.6879 -1.5904 -1.5408 -1.5673 -1.5327 -1.4699 -1.5212 -1.5352 -1.4320 -1.4446 -1.5695 -1.6322 -1.6446 -1.6301 -1.5426 -1.4297 -1.3871 -1.4200 -1.4570 -1.3694 -1.2956 -1.4191 -1.4755 -1.3764 -1.3891 -1.4966 -1.5502 -1.5366 -1.4896 -1.4641 -1.4923 -1.5688 -1.6167 -1.6030 -1.5584 nan nan
-2.1491 -1.9504 -1.7406 -1.6943 -1.7642 -1.8360 -1.8705 -1.9010 -1.9404 -1.9818 -1.9962 -1.9801 -1.9544 -1.9430 -1.9500 -1.9446 -1.9360 -1.9537 -1.9770 -1.9874 -1.9919 -1.9895 -1.9767 -1.9645 -1.9747 -2.0307 -2.0638 -2.0035 -1.9533 -1.9587 -1.9492 -1.9205 -1.9004 -1.8977 -1.9042 -1.9007 -1.8955 -1.8990 -1.8931 -1.8938 -1.9397 -1.9513 -1.8831 -1.8885 -2.1559 -2.8102 -3.5685 -4.0546 -4.0252 -3.4813 -2.6604 -2.0318 -1.8591 -1.8864 -1.9270 -1.9149 -1.8952 -1.9041 -1.9117 -1.9121 -1.9158 -1.9183 -1.9142 -1.9014 -1.8753 -1.8363 -1.8110 -1.8096 -1.8134 -1.8150 -1.8144 -1.8136 -1.8088 -1.7906 -1.7679 -1.7526 -1.7417 -1.7320 -1.7219 -1.7033 -1.6769 -1.6715 -1.6796 -1.6632 -1.6406 -1.6362 -1.6397 -1.6537 -1.6893 -1.7194 -1.7216 -1.7063 -1.6581 -1.5575 -1.4757 -1.4360 -1.3399 -1.2373 -1.2978 -1.7092 -2.3839 -2.8347 -3.0311 -3.1362 -2.8715 -2.2076 -1.5955 -1.2967 -1.3423 -1.4325 -1.4020 -1.3402 -1.3213 -1.3737 -1.4387 -1.4510 -1.3767 -1.3267 -1.3916 -1.4402 -1.3963 -1.2935 -1.2780 -1.4096 -1.4585 -1.4119 -1.4488 -1.4956 -1.4646 -1.4283 -1.3984 -1.3382 -1.3018 -1.3165 -1.3128 -1.3188 -1.4090 -1.5118 -1.5311 -1.4162 -1.3231 -1.4470 -1.6113 -1.6756 -1.6782 -1.5534 -1.2781 -1.2193 -1.5818 -2.2276 -2.8759 -3.2359 -3.1851 -2.7789 -2.2418 -1.7806 -1.5343 -1.4895 -1.5121 -1.4158 -1.3508 -1.4715 -1.5990 -1.6174 -1.5379 -1.4879 -1.5328 -1.5247 -1.4850 -1.5508 -1.5730 -1.4688 -1.4554 -1.5333 -1.5519 -1.5586 -1.5921 -1.5779 -1.4950 -1.3781 -1.3062 -1.2981 -1.2742 -1.2809 -1.3792 -1.3824 -1.2932 -1.4073 -1.5728 -1.5130 -1.3916 -1.3542 -1.4074 -1.5095 -1.6021 -1.6371 -1.6089 -1.5569 nan nan
-2.3889 -2.2131 -1.9324 -1.8091 -1.8236 -1.8765 -1.9063 -1.9028 -1.8932 -1.8996 -1.9088 -1.9065 -1.8868 -1.8710 -1.8706 -1.8658 -1.8661 -1.8925 -1.9139 -1.9111 -1.9055 -1.9045 -1.9013 -1.8830 -1.8685 -1.9138 -1.9536 -1.9052 -1.8715 -1.8947 -1.8968 -1.8817 -1.8851 -1.8992 -1.9056 -1.8881 -1.8662 -1.8602 -1.8506 -1.8434 -1.8677 -1.8782 -1.8351 -1.7913 -1.9506 -2.5615 -3.3767 -3.9606 -3.8929 -3.2095 -2.3456 -1.8168 -1.8152 -1.9021 -1.9031 -1.8891 -1.8950 -1.9194 -1.9234 -1.9062 -1.8891 -1.8677 -1.8475 -1.8557 -1.8770 -1.8778 -1.8543 -1.8226 -1.8117 -1.8129 -1.8116 -1.8390 -1.8814 -1.8700 -1.8257 -1.8004 -1.8074 -1.8376 -1.8631 -1.8420 -1.7709 -1.7504 -1.7862 -1.7927 -1.7886 -1.8107 -1.8467 -1.9239 -2.0834 -2.2174 -2.2412 -2.2113 -2.1258 -1.9446 -1.7297 -1.5469 -1.4127 -1.3244 -1.3055 -1.5296 -2.0102 -2.4624 -2.7854 -2.9558 -2.7456 -2.1498 -1.5378 -1.1873 -1.1899 -1.2509 -1.2096 -1.1705 -1.1876 -1.2591 -1.3209 -1.3217 -1.2547 -1.2348 -1.3379 -1.4005 -1.3459 -1.2363 -1.2010 -1.2873 -1.3041 -1.2422 -1.2554 -1.2963 -1.2941 -1.2791 -1.2504 -1.1880 -1.1576 -1.1932 -1.2253 -1.2734 -1.3945 -1.4836 -1.4472 -1.2994 -1.2222 -1.3972 -1.5930 -1.6414 -1.6081 -1.4606 -1.2034 -1.2061 -1.6250 -2.2295 -2.7955 -3.1297 -3.0873 -2.6983 -2.1845 -1.7311 -1.4740 -1.4683 -1.5578 -1.4398 -1.2565 -1.2353 -1.3436 -1.4561 -1.4383 -1.4067 -1.4657 -1.4957 -1.5014 -1.5824 -1.6406 -1.5997 -1.5478 -1.4875 -1.3784 -1.3553 -1.4778 -1.5895 -1.5642 -1.3678 -1.1956 -1.1713 -1.2207 -1.3104 -1.4101 -1.3705 -1.2571 -1.4079 -1.5775 -1.4023 -1.2181 -1.2599 -1.4524 -1.6456 -1.7177 -1.7044 -1.6498 -1.5767 nan nan
-2.3808 -2.3237 -2.1315 -2.0438 -2.0715 -2.2048 -2.3428 -2.3369 -2.2156 -2.0716 -1.9949 -1.9831 -1.9739 -1.9778 -2.0033 -2.0176 -2.0487 -2.1433 -2.2253 -2.2436 -2.2366 -2.1883 -2.0626 -1.9044 -1.8006 -1.8520 -1.9749 -2.0320 -2.0684 -2.1093 -2.1107 -2.0987 -2.1220 -2.1811 -2.2450 -2.2640 -2.2376 -2.1935 -2.1711 -2.1718 -2.1616 -2.1453 -2.1122 -1.9883 -1.9860 -2.4932 -3.2982 -3.9128 -3.7742 -2.9829 -2.1772 -1.8443 -2.0462 -2.1826 -2.1421 -2.1808 -2.2884 -2.3749 -2.3602 -2.2856 -2.2372 -2.1560 -2.0455 -2.0471 -2.1687 -2.3209 -2.3840 -2.3375 -2.2943 -2.2764 -2.2715 -2.3291 -2.4241 -2.4420 -2.3983 -2.3723 -2.4346 -2.5782 -2.7072 -2.6873 -2.4964 -2.4156 -2.5160 -2.6323 -2.6880 -2.6740 -2.6462 -2.6922 -2.8731 -2.9916 -2.9104 -2.7743 -2.6099 -2.3448 -2.0090 -1.6922 -1.5226 -1.4792 -1.4694 -1.5550 -1.7980 -2.1856 -2.5989 -2.8497 -2.7314 -2.2376 -1.6542 -1.3024 -1.3417 -1.3784 -1.2332 -1.1241 -1.1053 -1.1351 -1.1741 -1.1939 -1.1869 -1.2117 -1.3006 -1.3446 -1.3050 -1.2400 -1.2175 -1.2531 -1.2418 -1.1670 -1.0997 -1.0584 -1.0478 -1.0815 -1.1204 -1.1047 -1.0939 -1.1386 -1.2041 -1.2872 -1.3875 -1.3867 -1.2441 -1.1016 -1.1025 -1.3037 -1.4667 -1.4745 -1.4740 -1.3854 -1.1271 -1.1188 -1.5416 -2.1233 -2.6522 -2.9695 -2.9331 -2.5666 -2.0783 -1.6148 -1.3152 -1.3769 -1.6176 -1.5304 -1.2355 -1.0699 -1.2206 -1.5161 -1.5539 -1.4762 -1.4857 -1.4719 -1.4268 -1.4462 -1.5180 -1.5760 -1.5260 -1.3615 -1.1722 -1.1680 -1.4026 -1.6081 -1.6009 -1.3540 -1.1531 -1.1635 -1.2497 -1.3798 -1.5438 -1.5244 -1.3688 -1.4896 -1.6678 -1.5295 -1.3811 -1.4543 -1.6983 -1.9024 -1.8907 -1.7866 -1.6841 -1.5885 nan nan
-1.9686 -2.0051 -1.9877 -2.0211 -2.1405 -2.4470 -2.8158 -2.9555 -2.8229 -2.5394 -2.3658 -2.3485 -2.3733 -2.4508 -2.5671 -2.6045 -2.6270 -2.7806 -2.9610 -3.0653 -3.0946 -2.9332 -2.4804 -2.0075 -1.7759 -1.8821 -2.2052 -2.5293 -2.7226 -2.7575 -2.7161 -2.6618 -2.6511 -2.7563 -2.9457 -3.0729 -3.0669 -2.9567 -2.9311 -3.0016 -3.0015 -2.9887 -3.0015 -2.8224 -2.6177 -2.8472 -3.3755 -3.7916 -3.6089 -2.9453 -2.3957 -2.3459 -2.7337 -2.8434 -2.6898 -2.7667 -2.9763 -3.1125 -3.0946 -3.0390 -3.0926 -3.0211 -2.7569 -2.6117 -2.7062 -2.9794 -3.2088 -3.2767 -3.2528 -3.1789 -3.0822 -3.0117 -2.9881 -2.9901 -2.9760 -2.9360 -2.9717 -3.1218 -3.3145 -3.3268 -3.0793 -2.9909 -3.1950 -3.4628 -3.5146 -3.2470 -2.9671 -2.8505 -2.8779 -2.8633 -2.6971 -2.5206 -2.3653 -2.1655 -1.9183 nan nan nan nan -1.6038 -1.6916 -1.9957 -2.4479 -2.8410 -2.9871 -2.8237 -2.4735 -2.2140 -2.2253 -2.1091 -1.7370 -1.4430 -1.2942 -1.2255 -1.2264 -1.2784 -1.3397 -1.3460 -1.2638 -1.1645 -1.1239 -1.1889 -1.2957 -1.3709 -1.4180 -1.3948 -1.2353 -1.0371 -0.9295 -0.9792 -1.1202 -1.2135 -1.2725 -1.3383 -1.4111 -1.4558 -1.4225 -1.2957 -1.1342 -1.0913 -1.1863 -1.3273 -1.3609 -1.2907 -1.3388 -1.3689 -1.1786 -1.1107 -1.3699 -1.8152 -2.2571 -2.5168 -2.4926 -2.2216 -1.8753 -1.5234 -1.2661 -1.4096 -1.7921 -1.8119 -1.5369 -1.3328 -1.5533 -2.0160 -2.1396 -2.0238 -1.8918 -1.6749 -1.4181 -1.2761 -1.2937 -1.4021 -1.4010 -1.2798 -1.1908 -1.3065 -1.6101 -1.7700 -1.6867 -1.4711 -1.3458 -1.3886 -1.4320 -1.5424 -1.8287 -1.9835 -1.9171 -1.9386 -2.0274 -2.0282 -1.9971 -2.0323 -2.1977 -2.2851 -2.0956 -1.8383 -1.6610 nan nan nan
X_POS
nan 1.6495 1.7389 1.7897 1.8062 1.8648 1.9495 1.9711 1.9437 1.9083 1.8845 1.8711 1.8595 1.8779 1.9259 1.9361 1.9115 1.9007 1.9078 1.9187 1.9122 1.8967 1.8922 1.8883 1.8757 1.8586 1.8477 1.8520 1.8651 1.8832 1.9086 1.9260 1.9197 1.8997 1.8711 1.8309 1.8024 1.8021 1.7972 1.7838 1.7913 1.8063 1.8205 1.8813 2.0403 2.3145 2.5383 2.5585 2.3935 2.1340 1.9054 1.7934 1.8015 1.8110 1.7969 1.8078 1.8578 1.9325 1.9892 2.0147 2.0173 2.0036 1.9668 1.8866 1.8017 1.7722 1.8015 1.8662 1.9269 1.9702 1.9882 1.9471 1.8619 1.8065 1.7995 1.8280 1.8733 1.9195 1.9574 1.9936 2.0340 2.0642 2.0781 2.0775 2.0462 1.9841 1.9395 1.9232 1.9234 2.0156 2.2159 2.3694 2.3975 2.3091 2.1668 2.0233 1.8991 1.9811 2.4485 2.9351 3.0501 2.6364 2.0331 nan 1.7303 1.8757 2.0879 2.2411 2.2438 2.1907 2.1537 2.1255 2.0916 2.0570 2.0852 2.1428 2.0993 2.0026 1.9460 1.9228 1.9530 2.0738 2.1496 2.0756 1.9765 1.9112 1.8565 1.8304 1.8411 1.8452 1.8335 1.8317 1.8760 1.9584 1.9915 1.9803 1.9926 2.0413 2.0826 2.0172 1.8892 1.8172 1.8222 1.8644 1.8591 1.8104 1.7717 1.7762 1.8450 1.9885 2.2163 2.4872 2.6082 2.5014 2.2642 2.0267 1.8863 1.8231 1.8127 1.8396 1.8400 1.7766 1.7254 1.7271 1.7689 1.8166 1.8415 1.8438 1.8561 1.9154 1.9516 1.9089 1.8277 1.7630 1.7693 1.8845 2.0631 2.1356 2.0823 1.9927 1.9433 1.9817 2.1049 2.1874 2.1042 2.0000 1.9751 1.9822 1.9783 1.9423 1.8970 1.8591 1.8298 1.8313 1.8808 1.9482 1.9768 1.9019 1.7511 1.5930
1.6293 1.8393 1.9915 2.0629 2.0748 2.1519 2.2702 2.2902 2.2456 2.2082 2.2004 2.2078 2.2036 2.2211 2.2696 2.2859 2.2625 2.2359 2.2339 2.2513 2.2387 2.2102 2.2062 2.2001 2.1786 2.1689 2.1727 2.1769 2.1768 2.1796 2.2012 2.2203 2.2122 2.2008 2.1929 2.1693 2.1494 2.1494 2.1295 2.0984 2.1109 2.1327 2.1227 2.1133 2.1458 2.2723 2.6207 3.1239 3.2686 2.9317 2.3906 2.0437 2.0567 2.1069 2.0963 2.1178 2.1738 2.2348 2.2667 2.2762 2.2892 2.2963 2.2792 2.2226 2.1518 2.1124 2.1352 2.2111 2.2849 2.3339 2.3483 2.3007 2.2164 2.1781 2.1867 2.2116 2.2500 2.2974 2.3419 2.3745 2.3942 2.4145 2.4369 2.4491 2.4416 2.4149 2.3869 2.3632 2.3478 2.4070 2.5592 2.6906 2.7343 2.6849 2.5943 2.4802 2.2998 2.3952 3.1538 3.9779 4.1885 3.4754 2.4594 2.0456 2.0639 2.2216 2.4127 2.5285 2.5051 2.4582 2.4628 2.4917 2.4917 2.4433 2.4506 2.5035 2.4611 2.3719 2.3261 2.2936 2.2966 2.3994 2.4664 2.3892 2.3060 2.2701 2.2344 2.2115 2.2150 2.2150 2.2032 2.1955 2.2187 2.2704 2.2937 2.2906 2.3048 2.3503 2.3881 2.3190 2.1937 2.1372 2.1592 2.2093 2.1994 2.1351 2.0770 2.0770 2.1376 2.2227 2.5052 3.0887 3.5228 3.4816 2.9661 2.3894 2.1505 2.1011 2.1085 2.1488 2.1547 2.0888 2.0349 2.0325 2.0621 2.1044 2.1427 2.1661 2.1929 2.2494 2.2742 2.2189 2.1187 2.0384 2.0410 2.1075 2.1928 2.2512 2.2575 2.2127 2.1699 2.1646 2.1831 2.1922 2.1699 2.1680 2.2040 2.2285 2.2320 2.2245 2.1965 2.1504 2.1085 2.0992 2.1391 2.2025 2.2321 2.1559 1.9916 1.7792
1.6848 1.9465 2.1042 2.1671 2.1740 2.2353 2.3314 2.3442 2.3111 2.2979 2.3152 2.3427 2.3513 2.3646 2.3944 2.4048 2.3929 2.3823 2.3925 2.4143 2.4005 2.3721 2.3746 2.3686 2.3390 2.3304 2.3362 2.3274 2.3092 2.2985 2.3123 2.3299 2.3270 2.3294 2.3438 2.3483 2.3484 2.3499 2.3247 2.2886 2.2953 2.3036 2.2684 2.2278 2.1958 2.2042 2.5867 3.3667 3.7144 3.3562 2.6315 2.1467 2.1794 2.2585 2.2414 2.2628 2.3039 2.3235 2.3213 2.3135 2.3181 2.3271 2.3317 2.3310 2.3185 2.2958 2.3038 2.3519 2.3969 2.4220 2.4254 2.4039 2.3745 2.3731 2.3866 2.3918 2.4061 2.4353 2.4661 2.4893 2.5022 2.5124 2.5239 2.5363 2.5505 2.5620 2.5535 2.5330 2.5286 2.5511 2.5955 2.6383 2.6557 2.6378 2.6311 2.6164 2.4671 2.5421 3.3046 4.1634 4.4101 3.6859 2.6448 2.2475 2.2629 2.3536 2.4362 2.4765 2.4716 2.4628 2.4815 2.5286 2.5498 2.5074 2.4879 2.5084 2.4937 2.4664 2.4625 2.4341 2.3945 2.4140 2.4356 2.4028 2.3793 2.3836 2.3822 2.3741 2.3690 2.3727 2.3802 2.3802 2.3729 2.3643 2.3631 2.3685 2.3753 2.3909 2.4016 2.3602 2.2966 2.2769 2.2983 2.3283 2.3201 2.2729 2.2208 2.2203 2.2502 2.2248 2.4574 3.1968 3.8381 3.8732 3.1984 2.4444 2.2335 2.2489 2.2574 2.2778 2.2788 2.2361 2.2037 2.2026 2.2131 2.2260 2.2397 2.2581 2.2819 2.3056 2.3069 2.2702 2.2045 2.1562 2.1763 2.2130 2.2265 2.2466 2.2616 2.2411 2.2162 2.2042 2.1814 2.1680 2.1960 2.2335 2.2521 2.2513 2.2495 2.2600 2.2507 2.2164 2.1943 2.1935 2.2083 2.2320 2.2418 2.2022 2.1149 1.9418
1.7147 1.9961 2.1414 2.1957 2.2143 2.2680 2.3423 2.3616 2.3539 2.3627 2.3880 2.4149 2.4277 2.4423 2.4640 2.4649 2.4560 2.4698 2.4987 2.5208 2.5129 2.5023 2.5251 2.5277 2.4899 2.4659 2.4553 2.4330 2.4100 2.4005 2.4110 2.4278 2.4359 2.4449 2.4573 2.4635 2.4669 2.4664 2.4355 2.3891 2.3782 2.3702 2.3283 2.2868 2.2350 2.1836 2.5729 3.4745 3.8916 3.4951 2.6901 2.1743 2.2532 2.3581 2.3294 2.3454 2.3802 2.3871 2.3862 2.3825 2.3704 2.3607 2.3619 2.3725 2.3798 2.3754 2.3857 2.4167 2.4380 2.4442 2.4445 2.4464 2.4517 2.4561 2.4558 2.4532 2.4661 2.4924 2.5098 2.5226 2.5385 2.5434 2.5400 2.5481 2.5691 2.5898 2.5840 2.5702 2.5930 2.6142 2.6029 2.5969 2.5973 2.5848 2.6062 2.6386 2.5368 2.6271 3.3487 4.1619 4.4216 3.8055 2.8588 2.4087 2.3402 2.3938 2.4339 2.4476 2.4707 2.4878 2.4990 2.5313 2.5503 2.5218 2.5035 2.5132 2.5110 2.5111 2.5270 2.5047 2.4505 2.4315 2.4359 2.4329 2.4252 2.4188 2.4175 2.4166 2.4163 2.4305 2.4521 2.4576 2.4365 2.4010 2.3939 2.4084 2.4087 2.4063 2.4072 2.3886 2.3588 2.3434 2.3487 2.3634 2.3588 2.3270 2.2847 2.2896 2.3054 2.2155 2.4036 3.1953 3.9140 3.9693 3.2158 2.4031 2.2600 2.3414 2.3513 2.3549 2.3440 2.2995 2.2681 2.2668 2.2752 2.2737 2.2586 2.2561 2.2693 2.2800 2.2795 2.2628 2.2274 2.2024 2.2239 2.2481 2.2442 2.2423 2.2450 2.2391 2.2413 2.2517 2.2382 2.2314 2.2742 2.3062 2.2952 2.2786 2.2703 2.2646 2.2461 2.2242 2.2357 2.2619 2.2713 2.2749 2.2725 2.2460 2.2028 2.0586
1.7321 2.0200 2.1400 2.1771 2.2091 2.2634 2.3262 2.3613 2.3823 2.4091 2.4385 2.4652 2.4856 2.5057 2.5237 2.5222 2.5210 2.5535 2.5897 2.6034 2.6034 2.6127 2.6445 2.6486 2.6074 2.5689 2.5439 2.5217 2.5008 2.4874 2.4926 2.5086 2.5212 2.5279 2.5286 2.5242 2.5212 2.5180 2.4855 2.4330 2.4047 2.3793 2.3326 2.2967 2.2450 2.1728 2.5760 3.5445 3.9725 3.5226 2.6803 2.1712 2.2898 2.4190 2.3885 2.3949 2.4176 2.4174 2.4300 2.4428 2.4223 2.4002 2.3991 2.4036 2.4064 2.4090 2.4207 2.4386 2.4440 2.4407 2.4427 2.4557 2.4721 2.4738 2.4672 2.4686 2.4882 2.5151 2.5229 2.5293 2.5517 2.5606 2.5519 2.5512 2.5656 2.5847 2.5781 2.5667 2.5997 2.6233 2.5982 2.5811 2.5789 2.5649 2.5816 2.6220 2.5815 2.7290 3.4074 4.1230 4.3566 3.9426 3.1889 2.5990 2.3543 2.3913 2.4341 2.4414 2.4821 2.5176 2.5295 2.5489 2.5597 2.5406 2.5295 2.5355 2.5291 2.5286 2.5480 2.5340 2.4844 2.4542 2.4532 2.4645 2.4559 2.4308 2.4216 2.4287 2.4427 2.4580 2.4669 2.4606 2.4368 2.4082 2.4086 2.4250 2.4209 2.4141 2.4174 2.4102 2.3921 2.3773 2.3763 2.3849 2.3797 2.3528 2.3179 2.3264 2.3330 2.2127 2.3680 3.1487 3.8735 3.9348 3.1695 2.3618 2.2700 2.3952 2.4156 2.4147 2.3951 2.3436 2.3100 2.3087 2.3119 2.2991 2.2699 2.2584 2.2665 2.2694 2.2691 2.2688 2.2574 2.2433 2.2450 2.2557 2.2626 2.2580 2.2494 2.2523 2.2741 2.3012 2.2967 2.2889 2.3207 2.3379 2.3176 2.3063 2.3011 2.2798 2.2545 2.2492 2.2860 2.3228 2.3160 2.3083 2.3086 2.2802 2.2517 2.1362
1.7429 2.0324 2.1258 2.1429 2.1855 2.2459 2.3061 2.3547 2.3962 2.4362 2.4711 2.5033 2.5385 2.5679 2.5838 2.5886 2.6016 2.6409 2.6717 2.6755 2.6821 2.7032 2.7293 2.7269 2.6874 2.6445 2.6160 2.6019 2.5808 2.5539 2.5528 2.5682 2.5758 2.5738 2.5637 2.5476 2.5355 2.5293 2.4998 2.4492 2.4102 2.3689 2.3131 2.2783 2.2308 2.1576 2.5834 3.5997 4.0216 3.5213 2.6620 2.1654 2.3031 2.4514 2.4308 2.4295 2.4359 2.4248 2.4436 2.4696 2.4512 2.4308 2.4350 2.4333 2.4249 2.4251 2.4331 2.4407 2.4372 2.4303 2.4333 2.4437 2.4539 2.4563 2.4585 2.4717 2.4968 2.5216 2.5276 2.5347 2.5607 2.5768 2.5724 2.5616 2.5619 2.5754 2.5703 2.5585 2.5801 2.5975 2.5825 2.5765 2.5806 2.5691 2.5694 2.5942 2.6201 2.8614 3.5342 4.1387 4.2927 4.0948 3.5723 2.8076 2.3508 2.3829 2.4465 2.4486 2.4903 2.5361 2.5600 2.5808 2.5896 2.5754 2.5678 2.5688 2.5487 2.5337 2.5474 2.5402 2.5025 2.4736 2.4706 2.4852 2.4764 2.4461 2.4342 2.4485 2.4749 2.4802 2.4602 2.4343 2.4149 2.4097 2.4209 2.4330 2.4271 2.4240 2.4324 2.4256 2.4074 2.3996 2.4054 2.4147 2.4066 2.3793 2.3501 2.3591 2.3565 2.2243 2.3589 3.1067 3.8128 3.8812 3.1356 2.3501 2.2779 2.4228 2.4603 2.4654 2.4453 2.3940 2.3623 2.3595 2.3512 2.3276 2.2985 2.2928 2.3037 2.3000 2.2947 2.3013 2.3054 2.2952 2.2713 2.2665 2.2892 2.2930 2.2815 2.2889 2.3162 2.3417 2.3283 2.3038 2.3143 2.3232 2.3156 2.3266 2.3364 2.3129 2.2899 2.2984 2.3428 2.3698 2.3396 2.3270 2.3396 2.3044 2.2749 2.1876
1.7463 2.0319 2.1142 2.1285 2.1833 2.2520 2.3098 2.3532 2.3956 2.4438 2.4816 2.5167 2.5689 2.6121 2.6289 2.6422 2.6662 2.7011 2.7269 2.7357 2.7469 2.7672 2.7886 2.7839 2.7477 2.7117 2.6873 2.6684 2.6346 2.5952 2.5934 2.6102 2.6085 2.5969 2.5822 2.5605 2.5415 2.5306 2.5051 2.4621 2.4196 2.3678 2.3038 2.2660 2.2193 2.1474 2.5796 3.6043 4.0117 3.4909 2.6454 2.1698 2.3111 2.4656 2.4562 2.4586 2.4612 2.4410 2.4465 2.4631 2.4474 2.4324 2.4372 2.4340 2.4247 2.4257 2.4341 2.4398 2.4315 2.4188 2.4161 2.4154 2.4138 2.4195 2.4363 2.4628 2.4894 2.5102 2.5257 2.5423 2.5626 2.5754 2.5731 2.5568 2.5439 2.5444 2.5409 2.5352 2.5439 2.5534 2.5528 2.5565 2.5635 2.5611 2.5477 2.5466 2.6279 2.9858 3.7304 4.2613 4.2747 4.1813 3.8295 2.9563 2.3612 2.3957 2.4726 2.4639 2.4960 2.5382 2.5643 2.5925 2.6120 2.6084 2.6032 2.5971 2.5667 2.5407 2.5452 2.5369 2.5055 2.4828 2.4821 2.4965 2.4922 2.4694 2.4590 2.4697 2.4901 2.4855 2.4569 2.4330 2.4236 2.4289 2.4423 2.4518 2.4476 2.4454 2.4499 2.4386 2.4198 2.4169 2.4262 2.4356 2.4314 2.4131 2.3936 2.4047 2.3952 2.2547 2.3791 3.1125 3.8082 3.8731 3.1267 2.3433 2.2782 2.4348 2.4846 2.4964 2.4832 2.4432 2.4140 2.4038 2.3893 2.3622 2.3317 2.3277 2.3420 2.3399 2.3302 2.3286 2.3348 2.3327 2.3071 2.2992 2.3249 2.3318 2.3213 2.3281 2.3498 2.3635 2.3355 2.2961 2.2944 2.2999 2.3025 2.3369 2.3678 2.3475 2.3204 2.3246 2.3609 2.3819 2.3546 2.3502 2.3687 2.3305 2.3010 2.2293
1.7476 2.0241 2.1078 2.1334 2.1993 2.2752 2.3298 2.3545 2.3838 2.4369 2.4760 2.5097 2.5741 2.6299 2.6504 2.6710 2.7004 2.7265 2.7530 2.7797 2.7945 2.8063 2.8271 2.8243 2.7907 2.7665 2.7491 2.7157 2.6679 2.6279 2.6304 2.6461 2.6329 2.6128 2.5979 2.5770 2.5556 2.5397 2.5146 2.4775 2.4379 2.3856 2.3195 2.2767 2.2234 2.1457 2.5661 3.5709 3.9670 3.4543 2.6357 2.1784 2.3153 2.4688 2.4689 2.4820 2.4912 2.4669 2.4494 2.4425 2.4279 2.4163 2.4143 2.4119 2.4106 2.4171 2.4293 2.4379 2.4287 2.4110 2.4000 2.3888 2.3794 2.3875 2.4136 2.4473 2.4712 2.4874 2.5161 2.5443 2.5549 2.5556 2.5504 2.5371 2.5188 2.5028 2.4981 2.5023 2.5045 2.5074 2.5133 2.5164 2.5209 2.5314 2.5138 2.4912 2.6116 3.0773 3.9324 4.4339 4.2949 4.1977 3.9306 3.0265 2.3838 2.4259 2.5040 2.4801 2.4997 2.5307 2.5487 2.5822 2.6170 2.6278 2.6248 2.6106 2.5758 2.5479 2.5471 2.5336 2.5014 2.4849 2.4900 2.5048 2.5069 2.4955 2.4891 2.4904 2.4925 2.4825 2.4671 2.4644 2.4655 2.4640 2.4721 2.4832 2.4807 2.4735 2.4680 2.4557 2.4424 2.4399 2.4444 2.4507 2.4563 2.4545 2.4450 2.4568 2.4391 2.2844 2.4002 3.1405 3.8474 3.9121 3.1414 2.3358 2.2762 2.4432 2.4960 2.5119 2.5099 2.4862 2.4612 2.4436 2.4267 2.3990 2.3629 2.3525 2.3669 2.3752 2.3668 2.3489 2.3472 2.3547 2.3471 2.3451 2.3589 2.3596 2.3507 2.3538 2.3658 2.3675 2.3310 2.2900 2.2928 2.2996 2.3005 2.3459 2.3927 2.3767 2.3400 2.3264 2.3498 2.3756 2.3722 2.3810 2.3957 2.3586 2.3312 2.2564
1.7570 2.0204 2.0997 2.1298 2.1966 2.2758 2.3321 2.3460 2.3667 2.4246 2.4680 2.5010 2.5645 2.6218 2.6466 2.6734 2.7063 2.7300 2.7608 2.8013 2.8216 2.8294 2.8458 2.8403 2.8069 2.7876 2.7740 2.7394 2.7022 2.6828 2.6885 2.6914 2.6642 2.6355 2.6188 2.6003 2.5809 2.5624 2.5298 2.4867 2.4542 2.4158 2.3586 2.3116 2.2435 2.1507 2.5568 3.5511 3.9518 3.4517 2.6345 2.1713 2.3051 2.4651 2.4756 2.4916 2.5017 2.4794 2.4549 2.4398 2.4287 2.4179 2.4069 2.4002 2.4009 2.4093 2.4200 2.4263 2.4220 2.4112 2.4012 2.3913 2.3844 2.3895 2.4086 2.4360 2.4545 2.4673 2.4966 2.5267 2.5361 2.5309 2.5227 2.5209 2.5103 2.4841 2.4729 2.4787 2.4782 2.4747 2.4740 2.4700 2.4730 2.4940 2.4811 2.4558 2.6027 3.1249 4.0324 4.5179 4.3048 4.2013 3.9696 3.0514 2.3925 2.4462 2.5249 2.4893 2.5021 2.5298 2.5447 2.5750 2.6109 2.6286 2.6266 2.6053 2.5671 2.5420 2.5474 2.5366 2.5041 2.4912 2.5015 2.5191 2.5218 2.5121 2.5111 2.5130 2.5076 2.4956 2.4885 2.4983 2.5034 2.4940 2.4999 2.5140 2.5077 2.4932 2.4854 2.4847 2.4856 2.4824 2.4785 2.4799 2.4916 2.4991 2.4892 2.4914 2.4566 2.2771 2.3730 3.1148 3.8518 3.9504 3.1675 2.3371 2.2853 2.4601 2.5086 2.5283 2.5361 2.5209 2.5059 2.4942 2.4679 2.4290 2.3913 2.3755 2.3858 2.4075 2.4101 2.3852 2.3741 2.3803 2.3790 2.3749 2.3730 2.3647 2.3551 2.3560 2.3635 2.3630 2.3337 2.3093 2.3312 2.3446 2.3362 2.3699 2.4130 2.4026 2.3641 2.3395 2.3614 2.3957 2.4013 2.4095 2.4168 2.3791 2.3449 2.2481
1.7750 2.0242 2.0914 2.1165 2.1748 2.2512 2.3119 2.3298 2.3528 2.4126 2.4605 2.4944 2.5471 2.5965 2.6261 2.6583 2.6948 2.7249 2.7617 2.8064 2.8328 2.8434 2.8522 2.8398 2.8055 2.7831 2.7687 2.7461 2.7363 2.7450 2.7491 2.7327 2.6943 2.6604 2.6410 2.6225 2.6056 2.5887 2.5476 2.4932 2.4672 2.4446 2.3963 2.3479 2.2686 2.1581 2.5506 3.5446 3.9595 3.4703 2.6367 2.1516 2.2814 2.4518 2.4734 2.4878 2.4956 2.4795 2.4631 2.4549 2.4495 2.4381 2.4202 2.4076 2.4058 2.4126 2.4166 2.4151 2.4184 2.4228 2.4212 2.4202 2.4220 2.4216 2.4244 2.4363 2.4485 2.4597 2.4772 2.4993 2.5165 2.5130 2.5007 2.5100 2.5135 2.4887 2.4722 2.4731 2.4714 2.4618 2.4466 2.4336 2.4368 2.4623 2.4571 2.4439 2.6088 3.1405 4.0314 4.4928 4.2742 4.2017 4.0006 3.0656 2.3886 2.4502 2.5345 2.4978 2.5113 2.5421 2.5576 2.5778 2.6014 2.6162 2.6128 2.5881 2.5490 2.5291 2.5453 2.5431 2.5140 2.5021 2.5141 2.5339 2.5321 2.5160 2.5201 2.5304 2.5272 2.5161 2.5104 2.5211 2.5248 2.5129 2.5216 2.5387 2.5269 2.5086 2.5086 2.5256 2.5424 2.5405 2.5305 2.5269 2.5365 2.5405 2.5197 2.5064 2.4524 2.2485 2.3250 3.0667 3.8308 3.9630 3.1765 2.3350 2.3011 2.4845 2.5230 2.5438 2.5583 2.5448 2.5417 2.5432 2.5042 2.4510 2.4189 2.4037 2.4078 2.4353 2.4486 2.4280 2.4123 2.4081 2.3968 2.3844 2.3753 2.3601 2.3455 2.3456 2.3552 2.3609 2.3487 2.3480 2.3901 2.4131 2.3988 2.4098 2.4335 2.4264 2.3935 2.3684 2.3964 2.4345 2.4295 2.4262 2.4281 2.3863 2.3387 2.2146
1.7942 2.0321 2.0910 2.1125 2.1608 2.2273 2.2874 2.3198 2.3518 2.4037 2.4483 2.4832 2.5257 2.5684 2.6046 2.6422 2.6828 2.7234 2.7663 2.8087 2.8377 2.8528 2.8580 2.8427 2.8094 2.7828 2.7651 2.7504 2.7525 2.7670 2.7633 2.7364 2.6985 2.6697 2.6522 2.6293 2.6093 2.5977 2.5616 2.5083 2.4831 2.4550 2.3950 2.3492 2.2810 2.1628 2.5350 3.5137 3.9325 3.4593 2.6322 2.1396 2.2550 2.4220 2.4525 2.4776 2.4952 2.4867 2.4724 2.4644 2.4627 2.4528 2.4328 2.4237 2.4281 2.4358 2.4343 2.4265 2.4341 2.4476 2.4492 2.4505 2.4560 2.4558 2.4520 2.4516 2.4587 2.4697 2.4759 2.4893 2.5133 2.5109 2.4891 2.4941 2.5037 2.4922 2.4838 2.4850 2.4821 2.4674 2.4426 2.4240 2.4258 2.4489 2.4448 2.4403 2.6186 3.1512 4.0120 4.4294 4.1918 4.1734 4.0413 3.1011 2.3942 2.4482 2.5433 2.5211 2.5395 2.5665 2.5734 2.5834 2.5972 2.6037 2.5961 2.5734 2.5431 2.5297 2.5443 2.5445 2.5225 2.5108 2.5182 2.5342 2.5291 2.5119 2.5190 2.5292 2.5205 2.5127 2.5176 2.5327 2.5370 2.5270 2.5381 2.5576 2.5488 2.5377 2.5483 2.5719 2.5926 2.5964 2.5895 2.5821 2.5814 2.5713 2.5376 2.5154 2.4567 2.2500 2.3360 3.1011 3.8566 3.9448 3.1328 2.3031 2.3063 2.5053 2.5302 2.5443 2.5630 2.5556 2.5563 2.5584 2.5185 2.4696 2.4490 2.4416 2.4421 2.4547 2.4597 2.4458 2.4333 2.4220 2.4003 2.3888 2.3924 2.3759 2.3497 2.3480 2.3614 2.3723 2.3702 2.3786 2.4218 2.4523 2.4504 2.4537 2.4598 2.4479 2.4175 2.3938 2.4178 2.4465 2.4309 2.4232 2.4259 2.3791 2.3228 2.1885
1.8027 2.0326 2.0938 2.1197 2.1625 2.2170 2.2725 2.3211 2.3613 2.3959 2.4325 2.4718 2.5094 2.5475 2.5889 2.6336 2.6805 2.7273 2.7697 2.8044 2.8309 2.8506 2.8629 2.8552 2.8269 2.7971 2.7733 2.7566 2.7494 2.7459 2.7311 2.7048 2.6763 2.6581 2.6464 2.6220 2.5998 2.5933 2.5709 2.5318 2.5055 2.4580 2.3724 2.3289 2.2823 2.1618 2.5137 3.4739 3.8857 3.4228 2.6209 2.1374 2.2325 2.3862 2.4239 2.4676 2.5030 2.5018 2.4827 2.4665 2.4643 2.4569 2.4399 2.4408 2.4560 2.4648 2.4606 2.4517 2.4593 2.4714 2.4687 2.4662 2.4724 2.4796 2.4806 2.4753 2.4795 2.4909 2.4902 2.4959 2.5195 2.5157 2.4856 2.4761 2.4830 2.4898 2.4974 2.5025 2.4973 2.4808 2.4575 2.4397 2.4401 2.4603 2.4516 2.4429 2.6253 3.1616 4.0069 4.3783 4.0983 4.1308 4.0850 3.1528 2.4142 2.4485 2.5524 2.5505 2.5744 2.5941 2.5893 2.5921 2.6013 2.6018 2.5915 2.5745 2.5591 2.5506 2.5488 2.5429 2.5307 2.5213 2.5213 2.5279 2.5213 2.5089 2.5165 2.5198 2.5020 2.4982 2.5159 2.5351 2.5413 2.5366 2.5485 2.5686 2.5704 2.5721 2.5875 2.6043 2.6185 2.6315 2.6359 2.6294 2.6187 2.5929 2.5449 2.5181 2.4668 2.2757 2.3908 3.1889 3.9119 3.9124 3.0640 2.2574 2.3014 2.5177 2.5316 2.5375 2.5592 2.5586 2.5516 2.5414 2.5157 2.4889 2.4772 2.4781 2.4797 2.4681 2.4529 2.4445 2.4393 2.4259 2.3974 2.3933 2.4193 2.4070 2.3693 2.3639 2.3791 2.3911 2.3894 2.3923 2.4224 2.4556 2.4745 2.4846 2.4811 2.4579 2.4257 2.4053 2.4188 2.4335 2.4170 2.4123 2.4144 2.3643 2.3097 2.1786
1.7869 2.0103 2.0870 2.1283 2.1732 2.2227 2.2762 2.3328 2.3704 2.3848 2.4191 2.4720 2.5094 2.5394 2.5786 2.6335 2.6909 2.7302 2.7569 2.7792 2.7990 2.8242 2.8584 2.8731 2.8544 2.8206 2.7869 2.7614 2.7372 2.7109 2.6871 2.6653 2.6446 2.6305 2.6224 2.6124 2.6028 2.5956 2.5790 2.5553 2.5359 2.4821 2.3825 2.3340 2.2875 2.1541 2.5003 3.4733 3.8800 3.4013 2.6095 2.1349 2.2172 2.3657 2.4115 2.4636 2.5065 2.5121 2.4946 2.4746 2.4671 2.4593 2.4484 2.4541 2.4682 2.4710 2.4655 2.4611 2.4669 2.4711 2.4614 2.4597 2.4749 2.4917 2.4983 2.4937 2.4977 2.5088 2.5033 2.4992 2.5120 2.5080 2.4835 2.4683 2.4721 2.4903 2.5049 2.5069 2.4975 2.4853 2.4759 2.4663 2.4698 2.4976 2.4857 2.4572 2.6251 3.1603 4.0099 4.3685 4.0649 4.1139 4.1082 3.1903 2.4403 2.4555 2.5562 2.5619 2.5886 2.6116 2.6109 2.6089 2.6126 2.6176 2.6129 2.6009 2.5962 2.5873 2.5637 2.5483 2.5469 2.5450 2.5414 2.5378 2.5282 2.5194 2.5249 2.5275 2.5159 2.5141 2.5249 2.5325 2.5357 2.5394 2.5518 2.5688 2.5798 2.5871 2.5935 2.5979 2.6077 2.6300 2.6476 2.6501 2.6441 2.6125 2.5449 2.5051 2.4583 2.2809 2.4096 3.2118 3.9197 3.8949 3.0386 2.2415 2.2991 2.5217 2.5355 2.5448 2.5699 2.5644 2.5397 2.5178 2.5159 2.5126 2.4940 2.4926 2.5005 2.4814 2.4587 2.4550 2.4534 2.4365 2.4014 2.3963 2.4299 2.4243 2.3875 2.3777 2.3890 2.4003 2.3963 2.3939 2.4179 2.4490 2.4709 2.4841 2.4772 2.4427 2.4100 2.4006 2.4150 2.4296 2.4239 2.4166 2.4029 2.3535 2.3112 2.1760
1.7494 1.9685 2.0691 2.1331 2.1894 2.2413 2.2931 2.3473 2.3756 2.3752 2.4115 2.4778 2.5163 2.5376 2.5700 2.6313 2.6962 2.7228 2.7305 2.7420 2.7586 2.7921 2.8488 2.8851 2.8748 2.8358 2.7908 2.7556 2.7202 2.6825 2.6567 2.6375 2.6143 2.5932 2.5847 2.5973 2.6116 2.6070 2.5936 2.5826 2.5744 2.5271 2.4283 2.3689 2.3000 2.1419 2.4871 3.4860 3.8916 3.3887 2.5969 2.1304 2.2107 2.3632 2.4155 2.4615 2.4989 2.5105 2.5038 2.4888 2.4740 2.4627 2.4569 2.4580 2.4585 2.4502 2.4445 2.4481 2.4548 2.4534 2.4406 2.4444 2.4698 2.4893 2.4959 2.4960 2.5017 2.5099 2.5032 2.4921 2.4902 2.4881 2.4797 2.4680 2.4693 2.4893 2.5008 2.4943 2.4810 2.4778 2.4885 2.4901 2.4995 2.5431 2.5290 2.4692 2.6149 3.1462 3.9989 4.3685 4.0766 4.1170 4.1023 3.2026 2.4561 2.4473 2.5420 2.5561 2.5833 2.6154 2.6317 2.6265 2.6222 2.6378 2.6446 2.6363 2.6369 2.6267 2.5890 2.5669 2.5719 2.5767 2.5731 2.5633 2.5534 2.5483 2.5504 2.5554 2.5585 2.5573 2.5505 2.5398 2.5378 2.5496 2.5617 2.5722 2.5858 2.5902 2.5816 2.5774 2.5891 2.6176 2.6432 2.6559 2.6636 2.6357 2.5500 2.4920 2.4413 2.2664 2.3875 3.1664 3.8774 3.8880 3.0558 2.2598 2.3045 2.5204 2.5408 2.5621 2.5922 2.5774 2.5372 2.5096 2.5265 2.5357 2.5018 2.4907 2.5051 2.4948 2.4780 2.4761 2.4720 2.4514 2.4144 2.4014 2.4234 2.4245 2.4022 2.3887 2.3894 2.3953 2.3884 2.3863 2.4142 2.4420 2.4532 2.4632 2.4557 2.4142 2.3847 2.3916 2.4170 2.4403 2.4447 2.4254 2.3874 2.3454 2.3221 2.1726
1.7043 1.9235 2.0469 2.1335 2.2098 2.2664 2.3089 2.3538 2.3779 2.3772 2.4108 2.4724 2.5089 2.5290 2.5576 2.6107 2.6684 2.6957 2.7048 2.7164 2.7441 2.7907 2.8465 2.8778 2.8655 2.8205 2.7675 2.7288 2.6989 2.6736 2.6562 2.6329 2.5918 2.5545 2.5424 2.5658 2.6003 2.6182 2.6241 2.6247 2.6193 2.5738 2.4788 2.4093 2.3149 2.1299 2.4554 3.4448 3.8478 3.3512 2.5781 2.1279 2.2129 2.3687 2.4200 2.4515 2.4778 2.4949 2.5036 2.5000 2.4815 2.4653 2.4587 2.4481 2.4314 2.4156 2.4121 2.4230 2.4370 2.4429 2.4378 2.4448 2.4646 2.4696 2.4677 2.4754 2.4829 2.4846 2.4833 2.4774 2.4684 2.4692 2.4742 2.4640 2.4592 2.4751 2.4823 2.4717 2.4582 2.4641 2.4909 2.4995 2.5122 2.5695 2.5484 2.4545 2.5965 3.1359 3.9577 4.3226 4.0727 4.1131 4.0800 3.2071 2.4545 2.3921 2.4948 2.5511 2.5789 2.6087 2.6389 2.6315 2.6179 2.6384 2.6536 2.6503 2.6551 2.6511 2.6211 2.6008 2.6013 2.6018 2.5965 2.5889 2.5890 2.5943 2.5934 2.5919 2.5953 2.5959 2.5889 2.5762 2.5747 2.5898 2.5988 2.6012 2.6091 2.6089 2.5967 2.5959 2.6137 2.6428 2.6656 2.6770 2.6890 2.6656 2.5762 2.5085 2.4463 2.2618 2.3680 3.1243 3.8319 3.8678 3.0700 2.2894 2.3173 2.5179 2.5405 2.5694 2.6068 2.5972 2.5605 2.5336 2.5458 2.5486 2.5101 2.4941 2.5069 2.5039 2.4923 2.4856 2.4748 2.4556 2.4309 2.4148 2.4146 2.4205 2.4200 2.4055 2.3901 2.3809 2.3693 2.3709 2.4035 2.4327 2.4419 2.4505 2.4417 2.3993 2.3767 2.3973 2.4299 2.4511 2.4462 2.4089 2.3576 2.3304 2.3262 2.1620
1.6695 1.8948 2.0338 2.1355 2.2310 2.2896 2.3171 2.3506 2.3766 2.3855 2.4110 2.4535 2.4878 2.5155 2.5456 2.5847 2.6284 2.6661 2.6908 2.7117 2.7591 2.8185 2.8534 2.8609 2.8414 2.7912 2.7326 2.6952 2.6805 2.6788 2.6730 2.6430 2.5824 2.5305 2.5142 2.5340 2.5781 2.6282 2.6623 2.6725 2.6620 2.6105 2.5161 2.4381 2.3258 2.1266 2.4299 3.3869 3.7834 3.3100 2.5643 2.1322 2.2212 2.3727 2.4144 2.4331 2.4524 2.4740 2.4941 2.5002 2.4821 2.4629 2.4530 2.4325 2.4053 2.3885 2.3877 2.4014 2.4208 2.4365 2.4437 2.4526 2.4588 2.4430 2.4299 2.4449 2.4549 2.4515 2.4589 2.4656 2.4583 2.4592 2.4664 2.4563 2.4473 2.4560 2.4586 2.4482 2.4389 2.4528 2.4889 2.5015 2.5169 2.5811 2.5419 2.4226 2.6357 3.2655 4.0495 4.3697 4.1470 4.1960 4.1836 3.3941 2.5947 2.3469 2.4232 2.5616 2.5926 2.6030 2.6377 2.6323 2.6137 2.6304 2.6472 2.6491 2.6569 2.6620 2.6513 2.6381 2.6288 2.6200 2.6128 2.6119 2.6245 2.6408 2.6396 2.6278 2.6199 2.6229 2.6300 2.6284 2.6313 2.6455 2.6512 2.6481 2.6486 2.6469 2.6425 2.6517 2.6755 2.7028 2.7172 2.7168 2.7188 2.6942 2.6146 2.5483 2.4717 2.2705 2.3643 3.1121 3.8068 3.8365 3.0663 2.3124 2.3282 2.5134 2.5353 2.5673 2.6116 2.6161 2.5968 2.5760 2.5669 2.5511 2.5189 2.5027 2.5051 2.5031 2.4935 2.4788 2.4595 2.4437 2.4395 2.4276 2.4060 2.4127 2.4316 2.4203 2.3937 2.3707 2.3541 2.3581 2.3932 2.4271 2.4419 2.4507 2.4398 2.3992 2.3818 2.4069 2.4379 2.4477 2.4240 2.3766 2.3294 2.3123 2.3155 2.1496
1.6622 1.9002 2.0449 2.1479 2.2476 2.3019 2.3170 2.3417 2.3695 2.3862 2.4028 2.4289 2.4671 2.5075 2.5435 2.5818 2.6237 2.6642 2.6958 2.7269 2.7875 2.8496 2.8651 2.8572 2.8385 2.7853 2.7202 2.6830 2.6757 2.6830 2.6797 2.6486 2.5898 2.5404 2.5222 2.5327 2.5743 2.6402 2.6903 2.7053 2.6897 2.6311 2.5323 2.4449 2.3263 2.1410 2.4566 3.4052 3.7903 3.3139 2.5736 2.1464 2.2312 2.3668 2.3924 2.4108 2.4368 2.4612 2.4796 2.4835 2.4676 2.4512 2.4424 2.4256 2.4040 2.3911 2.3908 2.3999 2.4086 2.4163 2.4267 2.4410 2.4475 2.4267 2.4097 2.4276 2.4425 2.4431 2.4558 2.4696 2.4676 2.4607 2.4556 2.4516 2.4505 2.4515 2.4450 2.4338 2.4315 2.4528 2.4925 2.5118 2.5357 2.5985 2.5265 2.4028 2.8210 3.7089 4.5030 4.7270 4.4587 4.5102 4.6035 4.0140 3.0985 2.4112 2.3503 2.5980 2.6370 2.6125 2.6431 2.6483 2.6353 2.6432 2.6547 2.6598 2.6666 2.6720 2.6695 2.6601 2.6482 2.6400 2.6360 2.6372 2.6490 2.6644 2.6671 2.6564 2.6429 2.6466 2.6615 2.6652 2.6689 2.6814 2.6880 2.6877 2.6895 2.6924 2.6966 2.7096 2.7336 2.7629 2.7745 2.7613 2.7428 2.7079 2.6419 2.5841 2.4960 2.2795 2.3690 3.1252 3.8093 3.8142 3.0520 2.3160 2.3247 2.5035 2.5313 2.5688 2.6153 2.6229 2.6167 2.6067 2.5809 2.5489 2.5229 2.5033 2.4914 2.4879 2.4814 2.4624 2.4351 2.4182 2.4280 2.4233 2.3920 2.3950 2.4206 2.4169 2.3982 2.3813 2.3627 2.3619 2.3984 2.4343 2.4477 2.4536 2.4409 2.4002 2.3788 2.3946 2.4161 2.4185 2.3927 2.3603 2.3320 2.3023 2.2887 2.1472
1.6721 1.9223 2.0645 2.1586 2.2505 2.2996 2.3111 2.3328 2.3593 2.3760 2.3883 2.4100 2.4536 2.5031 2.5472 2.5985 2.6498 2.6843 2.7117 2.7492 2.8108 2.8663 2.8751 2.8691 2.8587 2.8050 2.7337 2.6952 2.6867 2.6898 2.6819 2.6539 2.6104 2.5763 2.5630 2.5638 2.5911 2.6493 2.6983 2.7143 2.6964 2.6330 2.5288 2.4344 2.3187 2.1644 2.5139 3.4716 3.8402 3.3379 2.5857 2.1547 2.2310 2.3464 2.3551 2.3815 2.4218 2.4482 2.4591 2.4565 2.4450 2.4349 2.4311 2.4275 2.4206 2.4114 2.4076 2.4086 2.4013 2.3921 2.3947 2.4124 2.4301 2.4197 2.4074 2.4249 2.4433 2.4509 2.4633 2.4766 2.4793 2.4631 2.4437 2.4515 2.4660 2.4611 2.4435 2.4284 2.4330 2.4592 2.4966 2.5223 2.5552 2.6080 2.5028 2.3983 3.0668 4.2467 5.0378 5.1390 4.8252 4.9250 5.1832 4.8124 3.7408 2.5400 2.2990 2.6488 2.6965 2.6335 2.6527 2.6692 2.6671 2.6678 2.6726 2.6786 2.6830 2.6841 2.6809 2.6746 2.6687 2.6682 2.6676 2.6631 2.6636 2.6711 2.6783 2.6758 2.6646 2.6681 2.6823 2.6846 2.6845 2.6925 2.7015 2.7101 2.7209 2.7314 2.7403 2.7509 2.7713 2.8037 2.8153 2.7914 2.7546 2.7095 2.6536 2.6012 2.5025 2.2771 2.3711 3.1446 3.8335 3.8250 3.0530 2.3110 2.3129 2.4942 2.5332 2.5766 2.6201 2.6211 2.6210 2.6229 2.5913 2.5488 2.5216 2.4964 2.4751 2.4719 2.4685 2.4477 2.4161 2.3972 2.4108 2.4090 2.3755 2.3766 2.4041 2.4078 2.4025 2.4001 2.3853 2.3809 2.4153 2.4466 2.4510 2.4492 2.4354 2.4000 2.3728 2.3692 2.3765 2.3775 2.3652 2.3631 2.3584 2.3057 2.2627 2.1548
1.6752 1.9268 2.0623 2.1460 2.2303 2.2823 2.3034 2.3291 2.3504 2.3585 2.3759 2.4087 2.4486 2.4933 2.5459 2.6125 2.6730 2.7006 2.7218 2.7608 2.8128 2.8579 2.8774 2.8871 2.8837 2.8309 2.7585 2.7198 2.7103 2.7111 2.7016 2.6742 2.6357 2.6159 2.6171 2.6114 2.6146 2.6470 2.6834 2.6998 2.6813 2.6162 2.5127 2.4188 2.3100 2.1788 2.5457 3.4959 3.8438 3.3227 2.5647 2.1342 2.2071 2.3106 2.3084 2.3394 2.3878 2.4163 2.4292 2.4319 2.4279 2.4233 2.4231 2.4291 2.4311 2.4189 2.4076 2.4041 2.3981 2.3867 2.3759 2.3855 2.4090 2.4114 2.4086 2.4252 2.4399 2.4446 2.4522 2.4623 2.4658 2.4502 2.4337 2.4540 2.4791 2.4725 2.4470 2.4268 2.4343 2.4603 2.4889 2.5128 2.5449 2.5806 2.4642 2.3969 3.1964 4.4648 5.1320 5.1302 4.9011 5.1662 5.5770 5.2684 4.0653 2.6113 2.2898 2.6908 2.7409 2.6522 2.6553 2.6701 2.6727 2.6750 2.6797 2.6859 2.6916 2.6957 2.6984 2.7010 2.7044 2.7074 2.7012 2.6842 2.6767 2.6827 2.6889 2.6872 2.6800 2.6851 2.6984 2.7010 2.6955 2.6916 2.6989 2.7162 2.7354 2.7502 2.7595 2.7688 2.7874 2.8167 2.8212 2.7884 2.7506 2.7109 2.6576 2.5961 2.4821 2.2560 2.3604 3.1467 3.8661 3.8894 3.1002 2.3198 2.3088 2.4962 2.5446 2.5877 2.6247 2.6221 2.6265 2.6370 2.6073 2.5572 2.5181 2.4896 2.4744 2.4761 2.4719 2.4468 2.4175 2.4040 2.4146 2.4039 2.3643 2.3734 2.4139 2.4182 2.4061 2.4010 2.3976 2.4042 2.4296 2.4478 2.4444 2.4307 2.4160 2.4030 2.3822 2.3575 2.3497 2.3515 2.3521 2.3706 2.3816 2.3224 2.2617 2.1651
1.6750 1.9187 2.0433 2.1167 2.1951 2.2530 2.2881 2.3228 2.3421 2.3432 2.3702 2.4172 2.4451 2.4764 2.5350 2.6117 2.6759 2.6993 2.7207 2.7648 2.8063 2.8408 2.8760 2.9013 2.8980 2.8472 2.7814 2.7474 2.7383 2.7366 2.7271 2.6995 2.6586 2.6457 2.6600 2.6517 2.6348 2.6397 2.6599 2.6742 2.6553 2.5902 2.4890 2.3988 2.2980 2.1813 2.5488 3.4777 3.8173 3.3024 2.5391 2.0999 2.1705 2.2708 2.2645 2.2956 2.3453 2.3749 2.3953 2.4091 2.4128 2.4116 2.4122 2.4199 2.4220 2.4045 2.3875 2.3844 2.3892 2.3858 2.3672 2.3674 2.3915 2.4045 2.4110 2.4247 2.4287 2.4228 2.4274 2.4371 2.4388 2.4300 2.4265 2.4523 2.4774 2.4708 2.4453 2.4254 2.4339 2.4553 2.4719 2.4872 2.5123 2.5365 2.4281 2.3853 3.1614 4.3283 4.8469 4.8144 4.7303 5.1525 5.6036 5.1897 3.9476 2.5944 2.3282 2.7193 2.7604 2.6637 2.6546 2.6586 2.6580 2.6666 2.6770 2.6854 2.6957 2.7070 2.7167 2.7254 2.7325 2.7358 2.7253 2.7017 2.6935 2.7015 2.7014 2.6958 2.6948 2.7029 2.7148 2.7188 2.7090 2.6927 2.6956 2.7167 2.7373 2.7519 2.7612 2.7703 2.7855 2.8060 2.7998 2.7628 2.7378 2.7163 2.6671 2.5937 2.4645 2.2428 2.3565 3.1417 3.8939 3.9694 3.1687 2.3442 2.3172 2.5078 2.5611 2.5990 2.6298 2.6296 2.6360 2.6474 2.6230 2.5717 2.5200 2.4904 2.4857 2.4911 2.4841 2.4570 2.4329 2.4258 2.4317 2.4094 2.3624 2.3797 2.4339 2.4371 2.4106 2.3928 2.4013 2.4231 2.4349 2.4403 2.4387 2.4177 2.4008 2.4099 2.3974 2.3562 2.3394 2.3439 2.3493 2.3706 2.3855 2.3378 2.2775 2.1709
1.6875 1.9217 2.0297 2.0911 2.1617 2.2172 2.2563 2.3010 2.3314 2.3401 2.3723 2.4180 2.4334 2.4549 2.5147 2.5914 2.6520 2.6753 2.7090 2.7728 2.8153 2.8407 2.8786 2.9028 2.8897 2.8421 2.7917 2.7708 2.7604 2.7463 2.7321 2.7087 2.6728 2.6589 2.6681 2.6605 2.6438 2.6403 2.6489 2.6550 2.6342 2.5681 2.4625 2.3705 2.2767 2.1767 2.5474 3.4634 3.8274 3.3499 2.5634 2.0841 2.1442 2.2445 2.2379 2.2692 2.3183 2.3464 2.3664 2.3820 2.3888 2.3893 2.3883 2.3908 2.3886 2.3724 2.3599 2.3601 2.3632 2.3603 2.3513 2.3588 2.3854 2.4065 2.4182 2.4233 2.4135 2.3996 2.4097 2.4268 2.4275 2.4210 2.4216 2.4387 2.4516 2.4431 2.4282 2.4225 2.4342 2.4494 2.4562 2.4618 2.4840 2.5178 2.4219 2.3535 2.9913 4.0093 4.5388 4.5919 4.5513 4.9205 5.2095 4.6042 3.4712 2.5147 2.4087 2.7382 2.7568 2.6681 2.6601 2.6570 2.6497 2.6601 2.6768 2.6917 2.7070 2.7190 2.7233 2.7201 2.7169 2.7239 2.7281 2.7196 2.7168 2.7193 2.7118 2.7077 2.7184 2.7297 2.7353 2.7365 2.7260 2.7079 2.7089 2.7255 2.7364 2.7473 2.7618 2.7682 2.7721 2.7822 2.7718 2.7392 2.7275 2.7254 2.6957 2.6284 2.4939 2.2755 2.3887 3.1550 3.9051 4.0009 3.2067 2.3731 2.3354 2.5213 2.5742 2.6075 2.6367 2.6424 2.6448 2.6454 2.6254 2.5842 2.5347 2.5036 2.4950 2.4930 2.4855 2.4677 2.4456 2.4328 2.4369 2.4171 2.3710 2.3800 2.4264 2.4372 2.4186 2.4003 2.4105 2.4309 2.4301 2.4355 2.4516 2.4384 2.4169 2.4187 2.3963 2.3470 2.3345 2.3458 2.3462 2.3545 2.3628 2.3320 2.2854 2.1639
1.6999 1.9269 2.0221 2.0744 2.1372 2.1846 2.2191 2.2693 2.3151 2.3407 2.3736 2.4069 2.4152 2.4360 2.4958 2.5651 2.6160 2.6397 2.6865 2.7688 2.8182 2.8404 2.8755 2.8916 2.8684 2.8268 2.7950 2.7888 2.7755 2.7445 2.7229 2.7054 2.6782 2.6576 2.6498 2.6440 2.6412 2.6448 2.6468 2.6402 2.6175 2.5537 2.4439 2.3456 2.2515 2.1638 2.5451 3.4669 3.8645 3.4206 2.6071 2.0876 2.1405 2.2426 2.2341 2.2614 2.3059 2.3298 2.3461 2.3583 2.3621 2.3604 2.3569 2.3533 2.3483 2.3414 2.3417 2.3474 2.3424 2.3342 2.3392 2.3582 2.3847 2.4075 2.4194 2.4166 2.3985 2.3829 2.3989 2.4225 2.4239 2.4180 2.4157 2.4166 2.4139 2.4060 2.4081 2.4218 2.4357 2.4448 2.4472 2.4445 2.4645 2.5182 2.4393 2.3247 2.7721 3.6361 4.2940 4.4929 4.3988 4.5893 4.6439 3.8564 2.9097 2.4396 2.5066 2.7422 2.7361 2.6647 2.6614 2.6584 2.6506 2.6610 2.6810 2.7016 2.7191 2.7290 2.7261 2.7063 2.6858 2.6947 2.7196 2.7370 2.7410 2.7331 2.7205 2.7216 2.7424 2.7557 2.7550 2.7517 2.7427 2.7296 2.7295 2.7369 2.7355 2.7410 2.7582 2.7615 2.7551 2.7557 2.7450 2.7221 2.7209 2.7338 2.7289 2.6807 2.5509 2.3295 2.4307 3.1735 3.8959 3.9762 3.1985 2.3885 2.3518 2.5309 2.5790 2.6075 2.6380 2.6517 2.6477 2.6318 2.6119 2.5839 2.5474 2.5184 2.4997 2.4832 2.4761 2.4752 2.4518 2.4219 2.4227 2.4158 2.3831 2.3760 2.3997 2.4242 2.4287 2.4159 2.4180 2.4265 2.4211 2.4353 2.4701 2.4709 2.4457 2.4237 2.3811 2.3304 2.3308 2.3518 2.3437 2.3329 2.3286 2.3087 2.2713 2.1257
1.6886 1.9131 2.0112 2.0636 2.1229 2.1658 2.1956 2.2418 2.2916 2.3290 2.3620 2.3870 2.3979 2.4276 2.4916 2.5522 2.5900 2.6104 2.6541 2.7283 2.7768 2.8066 2.8510 2.8724 2.8519 2.8210 2.8032 2.8032 2.7862 2.7463 2.7210 2.7049 2.6781 2.6491 2.6285 2.6227 2.6301 2.6417 2.6384 2.6193 2.5979 2.5457 2.4449 2.3422 2.2342 2.1400 2.5344 3.4827 3.8830 3.4212 2.6036 2.0953 2.1629 2.2690 2.2515 2.2638 2.2948 2.3131 2.3335 2.3497 2.3456 2.3356 2.3311 2.3279 2.3273 2.3342 2.3479 2.3606 2.3585 2.3504 2.3522 2.3629 2.3777 2.3914 2.3997 2.3990 2.3870 2.3752 2.3847 2.4009 2.4049 2.4056 2.4047 2.3952 2.3856 2.3875 2.4054 2.4285 2.4381 2.4423 2.4467 2.4376 2.4483 2.5102 2.4579 2.3330 2.6097 3.3101 4.0678 4.3740 4.2140 4.3091 4.2718 3.3985 2.5914 2.4446 2.5887 2.7233 2.7068 2.6532 2.6418 2.6445 2.6525 2.6680 2.6866 2.7040 2.7185 2.7319 2.7402 2.7226 2.6921 2.6921 2.7194 2.7500 2.7573 2.7423 2.7296 2.7328 2.7511 2.7642 2.7658 2.7621 2.7532 2.7417 2.7371 2.7372 2.7340 2.7338 2.7398 2.7432 2.7414 2.7352 2.7210 2.7064 2.7144 2.7352 2.7406 2.7069 2.5873 2.3531 2.4341 3.1687 3.8681 3.9178 3.1505 2.3729 2.3526 2.5324 2.5728 2.5938 2.6248 2.6469 2.6411 2.6126 2.5860 2.5613 2.5357 2.5184 2.5027 2.4747 2.4647 2.4788 2.4541 2.4047 2.3927 2.3964 2.3888 2.3774 2.3832 2.4190 2.4372 2.4184 2.4082 2.4121 2.4160 2.4365 2.4687 2.4727 2.4502 2.4185 2.3664 2.3166 2.3283 2.3588 2.3467 2.3228 2.3065 2.2842 2.2310 2.0409
1.6670 1.8935 2.0010 2.0561 2.1147 2.1578 2.1865 2.2247 2.2687 2.3082 2.3399 2.3629 2.3815 2.4217 2.4890 2.5432 2.5725 2.5918 2.6245 2.6750 2.7159 2.7563 2.8144 2.8486 2.8398 2.8210 2.8110 2.8102 2.7907 2.7515 2.7283 2.7114 2.6780 2.6413 2.6156 2.6074 2.6156 2.6290 2.6199 2.5921 2.5763 2.5415 2.4584 2.3608 2.2392 2.1182 2.5109 3.4889 3.8701 3.3606 2.5572 2.0939 2.1886 2.2986 2.2685 2.2629 2.2800 2.2943 2.3209 2.3433 2.3341 2.3194 2.3185 2.3218 2.3296 2.3465 2.3645 2.3772 2.3840 2.3835 2.3762 2.3704 2.3689 2.3668 2.3678 2.3749 2.3760 2.3694 2.3659 2.3694 2.3789 2.3898 2.3932 2.3811 2.3726 2.3854 2.4114 2.4342 2.4389 2.4421 2.4513 2.4390 2.4390 2.4969 2.4681 2.3605 2.5332 3.1104 3.9075 4.2561 4.0464 4.1369 4.1252 3.2363 2.4965 2.4944 2.6366 2.6895 2.6792 2.6429 2.6166 2.6271 2.6574 2.6784 2.6905 2.6983 2.7060 2.7237 2.7496 2.7469 2.7190 2.7106 2.7290 2.7575 2.7621 2.7446 2.7360 2.7380 2.7448 2.7573 2.7688 2.7682 2.7566 2.7409 2.7307 2.7290 2.7320 2.7278 2.7164 2.7187 2.7266 2.7186 2.7019 2.6926 2.7061 2.7256 2.7229 2.6948 2.5898 2.3430 2.4066 3.1488 3.8371 3.8554 3.0931 2.3443 2.3413 2.5238 2.5586 2.5752 2.6080 2.6369 2.6324 2.5963 2.5588 2.5300 2.5124 2.5092 2.5018 2.4669 2.4528 2.4769 2.4561 2.3973 2.3705 2.3754 2.3880 2.3836 2.3841 2.4219 2.4393 2.4096 2.3875 2.3919 2.4135 2.4371 2.4503 2.4474 2.4316 2.4057 2.3594 2.3161 2.3325 2.3626 2.3439 2.3142 2.2964 2.2728 2.1971 1.9583
1.6622 1.8929 1.9997 2.0492 2.1059 2.1514 2.1831 2.2190 2.2563 2.2885 2.3155 2.3389 2.3629 2.4047 2.4663 2.5174 2.5510 2.5792 2.6109 2.6478 2.6823 2.7245 2.7838 2.8221 2.8222 2.8118 2.8060 2.8039 2.7853 2.7525 2.7371 2.7225 2.6826 2.6412 2.6151 2.6026 2.6032 2.6094 2.5934 2.5633 2.5570 2.5370 2.4680 2.3915 2.2770 2.1150 2.4733 3.4612 3.8321 3.2960 2.5064 2.0754 2.1881 2.2986 2.2591 2.2466 2.2619 2.2766 2.2994 2.3187 2.3160 2.3123 2.3215 2.3332 2.3458 2.3605 2.3656 2.3623 2.3701 2.3818 2.3820 2.3765 2.3676 2.3506 2.3410 2.3516 2.3598 2.3547 2.3455 2.3470 2.3660 2.3835 2.3873 2.3777 2.3722 2.3842 2.4061 2.4260 2.4347 2.4432 2.4541 2.4430 2.4420 2.4936 2.4669 2.3695 2.5304 3.0878 3.8885 4.2268 3.9842 4.0770 4.0804 3.1740 2.4528 2.5098 2.6417 2.6547 2.6612 2.6441 2.6114 2.6277 2.6697 2.6878 2.6900 2.6888 2.6893 2.7029 2.7297 2.7361 2.7224 2.7238 2.7413 2.7588 2.7553 2.7382 2.7350 2.7356 2.7318 2.7458 2.7689 2.7708 2.7531 2.7301 2.7188 2.7221 2.7304 2.7252 2.7051 2.6984 2.7027 2.6992 2.6890 2.6829 2.6946 2.7026 2.6794 2.6501 2.5643 2.3194 2.3811 3.1397 3.8245 3.8191 3.0629 2.3332 2.3294 2.5061 2.5416 2.5642 2.6037 2.6360 2.6310 2.5899 2.5434 2.5123 2.5041 2.5052 2.4935 2.4540 2.4389 2.4680 2.4606 2.4138 2.3833 2.3776 2.3856 2.3898 2.3981 2.4242 2.4308 2.4016 2.3719 2.3714 2.4084 2.4357 2.4305 2.4194 2.4088 2.3920 2.3619 2.3354 2.3484 2.3588 2.3206 2.2888 2.2881 2.2842 2.2104 1.9458
1.6694 1.8982 1.9958 2.0377 2.0930 2.1417 2.1773 2.2128 2.2434 2.2648 2.2865 2.3117 2.3397 2.3793 2.4318 2.4798 2.5179 2.5513 2.5868 2.6258 2.6606 2.6992 2.7502 2.7840 2.7875 2.7839 2.7831 2.7823 2.7667 2.7417 2.7356 2.7262 2.6849 2.6440 2.6215 2.6062 2.5959 2.5874 2.5638 2.5363 2.5363 2.5204 2.4566 2.4082 2.3186 2.1219 2.4336 3.4147 3.7984 3.2745 2.4884 2.0588 2.1755 2.2835 2.2389 2.2288 2.2485 2.2618 2.2754 2.2894 2.2988 2.3090 2.3234 2.3379 2.3507 2.3580 2.3456 2.3221 2.3245 2.3455 2.3601 2.3653 2.3577 2.3326 2.3152 2.3270 2.3382 2.3340 2.3271 2.3340 2.3595 2.3759 2.3752 2.3724 2.3728 2.3781 2.3892 2.4049 2.4219 2.4372 2.4449 2.4361 2.4417 2.4908 2.4561 2.3611 2.5595 3.1598 3.9581 4.2719 4.0077 4.0782 4.0578 3.1318 2.4124 2.4861 2.6122 2.6145 2.6377 2.6389 2.6110 2.6309 2.6739 2.6856 2.6818 2.6780 2.6756 2.6827 2.7013 2.7097 2.7101 2.7271 2.7474 2.7515 2.7415 2.7305 2.7334 2.7334 2.7232 2.7363 2.7626 2.7615 2.7376 2.7117 2.7050 2.7160 2.7275 2.7254 2.7070 2.6867 2.6748 2.6743 2.6733 2.6692 2.6758 2.6699 2.6277 2.5984 2.5331 2.2998 2.3755 3.1643 3.8491 3.8130 3.0538 2.3358 2.3263 2.4912 2.5221 2.5516 2.5971 2.6246 2.6171 2.5802 2.5380 2.5126 2.5101 2.5051 2.4812 2.4408 2.4265 2.4532 2.4602 2.4364 2.4112 2.3934 2.3868 2.3973 2.4156 2.4242 2.4182 2.3974 2.3669 2.3604 2.4043 2.4328 2.4164 2.4001 2.3911 2.3772 2.3603 2.3499 2.3556 2.3446 2.2935 2.2656 2.2826 2.2990 2.2414 1.9807
1.6727 1.8846 1.9737 2.0174 2.0751 2.1261 2.1618 2.1921 2.2147 2.2293 2.2486 2.2769 2.3115 2.3546 2.4036 2.4446 2.4708 2.4868 2.5175 2.5695 2.6140 2.6520 2.6966 2.7241 2.7271 2.7319 2.7418 2.7453 2.7328 2.7132 2.7130 2.7094 2.6746 2.6414 2.6262 2.6134 2.5948 2.5685 2.5379 2.5144 2.5089 2.4806 2.4119 2.3839 2.3228 2.1214 2.4092 3.3814 3.8011 3.3241 2.5281 2.0695 2.1788 2.2843 2.2371 2.2306 2.2487 2.2512 2.2606 2.2794 2.2948 2.3021 2.3038 2.3090 2.3187 2.3249 2.3096 2.2804 2.2786 2.2978 2.3126 2.3206 2.3175 2.2950 2.2801 2.2969 2.3139 2.3152 2.3132 2.3220 2.3434 2.3498 2.3425 2.3494 2.3620 2.3665 2.3692 2.3784 2.3985 2.4148 2.4151 2.4060 2.4187 2.4720 2.4400 2.3528 2.5709 3.1969 4.0132 4.3310 4.0493 4.0727 4.0107 3.0900 2.3841 2.4514 2.5650 2.5606 2.5895 2.6043 2.5890 2.6110 2.6505 2.6622 2.6638 2.6679 2.6707 2.6796 2.6986 2.7075 2.7088 2.7256 2.7402 2.7344 2.7278 2.7312 2.7405 2.7405 2.7284 2.7324 2.7443 2.7312 2.7056 2.6890 2.6911 2.7067 2.7214 2.7261 2.7145 2.6841 2.6537 2.6459 2.6454 2.6424 2.6460 2.6344 2.5889 2.5680 2.5200 2.2972 2.3973 3.2359 3.9201 3.8271 3.0416 2.3331 2.3359 2.4920 2.4999 2.5234 2.5654 2.5759 2.5658 2.5494 2.5349 2.5254 2.5182 2.5015 2.4717 2.4360 2.4209 2.4356 2.4458 2.4379 2.4194 2.4016 2.3955 2.4087 2.4258 2.4239 2.4117 2.3963 2.3725 2.3677 2.4065 2.4292 2.4104 2.3943 2.3826 2.3598 2.3381 2.3282 2.3291 2.3202 2.2891 2.2735 2.2844 2.2901 2.2384 2.0061
1.6768 1.8669 1.9499 2.0001 2.0589 2.1064 2.1372 2.1641 2.1849 2.1990 2.2188 2.2492 2.2876 2.3320 2.3771 2.4120 2.4255 2.4177 2.4358 2.4966 2.5506 2.5907 2.6324 2.6559 2.6575 2.6667 2.6846 2.6952 2.6879 2.6724 2.6772 2.6816 2.6582 2.6363 2.6293 2.6199 2.5973 2.5607 2.5256 2.5013 2.4827 2.4360 2.3574 2.3323 2.2879 2.1132 2.4146 3.3818 3.8200 3.3729 2.5693 2.0881 2.1881 2.2928 2.2472 2.2399 2.2517 2.2450 2.2543 2.2783 2.2917 2.2885 2.2750 2.2676 2.2719 2.2814 2.2742 2.2519 2.2488 2.2592 2.2627 2.2657 2.2671 2.2544 2.2489 2.2710 2.2930 2.2997 2.2996 2.3055 2.3202 2.3194 2.3099 2.3248 2.3469 2.3531 2.3512 2.3549 2.3737 2.3873 2.3811 2.3723 2.3915 2.4493 2.4277 2.3526 2.5544 3.1613 4.0016 4.3439 4.0530 4.0508 3.9763 3.0746 2.3769 2.4241 2.5228 2.5148 2.5434 2.5679 2.5669 2.5859 2.6162 2.6321 2.6462 2.6632 2.6731 2.6857 2.7077 2.7158 2.7116 2.7210 2.7292 2.7216 2.7231 2.7383 2.7499 2.7488 2.7366 2.7285 2.7194 2.6933 2.6719 2.6724 2.6819 2.6945 2.7098 2.7203 2.7153 2.6842 2.6472 2.6329 2.6259 2.6166 2.6167 2.6052 2.5632 2.5490 2.5101 2.2987 2.4274 3.3118 3.9886 3.8322 3.0115 2.3087 2.3318 2.4926 2.4860 2.4978 2.5267 2.5184 2.5071 2.5129 2.5275 2.5335 2.5201 2.4963 2.4692 2.4429 2.4265 2.4239 2.4270 2.4259 2.4144 2.4045 2.4064 2.4171 2.4270 2.4255 2.4146 2.3988 2.3822 2.3815 2.4075 2.4214 2.4082 2.3981 2.3836 2.3471 2.3092 2.2888 2.2905 2.2997 2.2999 2.2957 2.2880 2.2679 2.2133 2.0141
1.6923 1.8711 1.9490 2.0005 2.0516 2.0854 2.1076 2.1420 2.1754 2.1949 2.2158 2.2442 2.2769 2.3088 2.3396 2.3764 2.3996 2.3873 2.3925 2.4426 2.4933 2.5339 2.5736 2.5970 2.6000 2.6028 2.6154 2.6347 2.6376 2.6274 2.6407 2.6572 2.6453 2.6335 2.6324 2.6211 2.5976 2.5680 2.5336 2.4988 2.4674 2.4111 2.3243 2.2798 2.2288 2.1040 2.4595 3.4280 3.8250 3.3401 2.5514 2.0908 2.1809 2.2851 2.2490 2.2349 2.2412 2.2414 2.2499 2.2641 2.2701 2.2671 2.2583 2.2483 2.2460 2.2557 2.2560 2.2430 2.2409 2.2436 2.2367 2.2337 2.2377 2.2359 2.2395 2.2608 2.2802 2.2855 2.2802 2.2817 2.2987 2.3065 2.3058 2.3216 2.3399 2.3426 2.3385 2.3408 2.3581 2.3702 2.3644 2.3621 2.3873 2.4415 2.4264 2.3618 2.5186 3.0641 3.9083 4.2693 3.9834 4.0273 4.0123 3.1194 2.3960 2.4146 2.5057 2.5037 2.5354 2.5683 2.5766 2.5843 2.5981 2.6162 2.6416 2.6673 2.6780 2.6849 2.6995 2.7041 2.7010 2.7131 2.7270 2.7281 2.7328 2.7439 2.7497 2.7450 2.7311 2.7159 2.6968 2.6678 2.6556 2.6713 2.6805 2.6808 2.6909 2.7009 2.6979 2.6788 2.6588 2.6540 2.6399 2.6113 2.6021 2.5894 2.5418 2.5188 2.4779 2.2857 2.4411 3.3357 3.9985 3.8154 2.9821 2.2742 2.2904 2.4680 2.4913 2.5006 2.5104 2.4956 2.4863 2.4955 2.5110 2.5183 2.5094 2.4922 2.4740 2.4592 2.4431 2.4256 2.4186 2.4193 2.4159 2.4114 2.4105 2.4137 2.4211 2.4299 2.4258 2.4057 2.3878 2.3844 2.3965 2.4051 2.4030 2.4035 2.3911 2.3470 2.2959 2.2661 2.2747 2.2981 2.3055 2.2999 2.2845 2.2549 2.2005 2.0161
1.7082 1.8876 1.9605 2.0054 2.0433 2.0627 2.0781 2.1213 2.1671 2.1910 2.2112 2.2353 2.2583 2.2748 2.2912 2.3320 2.3725 2.3708 2.3691 2.3987 2.4380 2.4748 2.5061 2.5289 2.5390 2.5341 2.5360 2.5634 2.5779 2.5736 2.5945 2.6214 2.6207 2.6191 2.6225 2.6049 2.5799 2.5648 2.5359 2.4909 2.4505 2.3911 2.2991 2.2249 2.1576 2.1010 2.5319 3.5034 3.8645 3.3596 2.6041 2.1428 2.1604 2.2423 2.2345 2.2181 2.2171 2.2285 2.2355 2.2351 2.2344 2.2381 2.2439 2.2409 2.2355 2.2385 2.2390 2.2337 2.2344 2.2340 2.2229 2.2166 2.2209 2.2255 2.2336 2.2497 2.2628 2.2646 2.2558 2.2558 2.2774 2.2978 2.3095 2.3225 2.3316 2.3308 2.3272 2.3292 2.3417 2.3523 2.3536 2.3600 2.3872 2.4340 2.4214 2.3654 2.4882 2.9823 3.8175 4.1826 3.9057 4.0176 4.0791 3.1848 2.4221 2.4118 2.4996 2.5069 2.5406 2.5763 2.5888 2.5881 2.5911 2.6111 2.6426 2.6707 2.6772 2.6752 2.6808 2.6817 2.6812 2.6989 2.7227 2.7354 2.7385 2.7369 2.7349 2.7268 2.7099 2.6937 2.6769 2.6536 2.6490 2.6696 2.6733 2.6614 2.6628 2.6695 2.6707 2.6692 2.6722 2.6807 2.6611 2.6136 2.5929 2.5753 2.5179 2.4809 2.4363 2.2725 2.4459 3.3147 4.0058 3.9234 3.1597 2.4126 2.2881 2.4129 2.4957 2.5170 2.5069 2.4987 2.4961 2.4952 2.4902 2.4844 2.4810 2.4757 2.4681 2.4607 2.4481 2.4293 2.4172 2.4148 2.4160 2.4125 2.4032 2.3999 2.4088 2.4269 2.4317 2.4137 2.3903 2.3760 2.3772 2.3835 2.3890 2.3967 2.3888 2.3479 2.2955 2.2630 2.2760 2.3000 2.2933 2.2795 2.2702 2.2509 2.2038 2.0161
1.7087 1.8963 1.9647 1.9965 2.0233 2.0393 2.0555 2.0945 2.1340 2.1541 2.1704 2.1897 2.2082 2.2229 2.2396 2.2767 2.3162 2.3252 2.3266 2.3435 2.3734 2.4010 2.4126 2.4292 2.4527 2.4516 2.4498 2.4818 2.5046 2.5053 2.5258 2.5543 2.5644 2.5754 2.5847 2.5615 2.5311 2.5224 2.5021 2.4602 2.4156 2.3526 2.2580 2.1609 2.0874 2.1093 2.6091 3.5782 3.9907 3.5905 2.8749 2.3146 2.1389 2.1563 2.2036 2.2008 2.1865 2.1957 2.2024 2.2003 2.1995 2.2050 2.2158 2.2236 2.2222 2.2112 2.2020 2.2014 2.2061 2.2074 2.1994 2.1946 2.1975 2.2009 2.2066 2.2175 2.2273 2.2317 2.2317 2.2368 2.2536 2.2734 2.2901 2.3020 2.3094 2.3127 2.3130 2.3120 2.3130 2.3195 2.3315 2.3415 2.3628 2.4067 2.3960 2.3479 2.4885 2.9976 3.8275 4.1819 3.9056 4.0335 4.1114 3.2140 2.4324 2.4013 2.4841 2.4934 2.5201 2.5490 2.5628 2.5702 2.5824 2.6066 2.6380 2.6629 2.6652 2.6617 2.6698 2.6701 2.6641 2.6769 2.7011 2.7188 2.7196 2.7100 2.7064 2.6984 2.6788 2.6652 2.6572 2.6426 2.6372 2.6472 2.6460 2.6331 2.6269 2.6336 2.6493 2.6610 2.6690 2.6760 2.6539 2.6041 2.5753 2.5486 2.4884 2.4489 2.4100 2.2817 2.4609 3.2820 4.0878 4.2962 3.7291 2.8943 2.4111 2.3352 2.4743 2.5212 2.4953 2.5013 2.5101 2.4990 2.4719 2.4461 2.4349 2.4337 2.4332 2.4249 2.4188 2.4200 2.4141 2.4037 2.4015 2.3966 2.3845 2.3820 2.3920 2.4065 2.4185 2.4179 2.3923 2.3626 2.3582 2.3633 2.3651 2.3687 2.3631 2.3355 2.2976 2.2710 2.2775 2.2852 2.2611 2.2434 2.2480 2.2500 2.2164 2.0154
1.7012 1.8985 1.9661 1.9895 2.0139 2.0342 2.0522 2.0786 2.1039 2.1188 2.1294 2.1417 2.1596 2.1824 2.2073 2.2297 2.2470 2.2587 2.2683 2.2826 2.3090 2.3298 2.3260 2.3373 2.3713 2.3768 2.3744 2.4058 2.4331 2.4389 2.4508 2.4692 2.4851 2.5088 2.5284 2.5094 2.4780 2.4670 2.4517 2.4190 2.3756 2.3128 2.2226 2.1161 2.0438 2.1230 2.6582 3.6080 4.0955 3.8405 3.1713 2.4991 2.1218 2.0717 2.1758 2.1912 2.1634 2.1650 2.1754 2.1823 2.1861 2.1887 2.1942 2.2067 2.2095 2.1867 2.1699 2.1741 2.1796 2.1791 2.1753 2.1751 2.1787 2.1790 2.1800 2.1876 2.1978 2.2087 2.2219 2.2341 2.2431 2.2546 2.2690 2.2816 2.2906 2.2970 2.3040 2.3077 2.3025 2.3049 2.3214 2.3268 2.3381 2.3838 2.3743 2.3286 2.5097 3.0651 3.8877 4.2266 3.9542 4.0658 4.1183 3.2186 2.4393 2.4014 2.4783 2.4817 2.4984 2.5209 2.5385 2.5611 2.5867 2.6101 2.6368 2.6596 2.6602 2.6568 2.6676 2.6683 2.6573 2.6600 2.6770 2.6958 2.6969 2.6854 2.6835 2.6761 2.6526 2.6386 2.6371 2.6324 2.6261 2.6222 2.6188 2.6121 2.6025 2.6134 2.6474 2.6648 2.6651 2.6657 2.6449 2.5996 2.5638 2.5277 2.4709 2.4343 2.4012 2.3066 2.4940 3.2749 4.1850 4.6650 4.3092 3.4135 2.5725 2.2746 2.4458 2.5145 2.4773 2.4936 2.5109 2.4942 2.4574 2.4202 2.3982 2.3940 2.3954 2.3857 2.3873 2.4090 2.4108 2.3955 2.3933 2.3889 2.3737 2.3716 2.3802 2.3838 2.3971 2.4133 2.3872 2.3463 2.3437 2.3530 2.3524 2.3504 2.3440 2.3269 2.3056 2.2904 2.2890 2.2798 2.2470 2.2312 2.2466 2.2650 2.2412 2.0193
1.6978 1.9000 1.9715 2.0005 2.0346 2.0585 2.0705 2.0867 2.1072 2.1248 2.1299 2.1312 2.1479 2.1784 2.2065 2.2044 2.1872 2.1909 2.2065 2.2245 2.2534 2.2783 2.2817 2.2970 2.3292 2.3311 2.3234 2.3478 2.3773 2.3895 2.3884 2.3863 2.3973 2.4292 2.4650 2.4668 2.4472 2.4309 2.4114 2.3832 2.3459 2.2937 2.2190 2.1192 2.0467 2.1307 2.6510 3.5624 4.0523 3.8472 3.2256 2.5461 2.1076 2.0389 2.1681 2.1895 2.1562 2.1596 2.1788 2.1962 2.2047 2.2039 2.2000 2.2045 2.2034 2.1811 2.1707 2.1819 2.1809 2.1695 2.1651 2.1700 2.1786 2.1812 2.1817 2.1881 2.1997 2.2152 2.2333 2.2490 2.2585 2.2652 2.2737 2.2868 2.2938 2.2921 2.3067 2.3313 2.3372 2.3387 2.3468 2.3398 2.3429 2.3919 2.3816 2.3292 2.5284 3.1045 3.9099 4.2416 3.9916 4.0984 4.1264 3.2234 2.4559 2.4291 2.5031 2.4961 2.5087 2.5360 2.5638 2.5935 2.6161 2.6265 2.6468 2.6739 2.6765 2.6663 2.6644 2.6632 2.6585 2.6552 2.6646 2.6872 2.6931 2.6825 2.6796 2.6693 2.6402 2.6182 2.6137 2.6191 2.6212 2.6150 2.6125 2.6113 2.6048 2.6229 2.6676 2.6829 2.6761 2.6823 2.6672 2.6172 2.5715 2.5297 2.4771 2.4384 2.3999 2.3260 2.5401 3.3192 4.2066 4.6859 4.4067 3.5578 2.6359 2.2674 2.4349 2.5025 2.4575 2.4699 2.4845 2.4687 2.4428 2.4167 2.3962 2.3865 2.3844 2.3826 2.3906 2.4079 2.4065 2.3973 2.4106 2.4114 2.3837 2.3724 2.3777 2.3747 2.3811 2.3932 2.3647 2.3256 2.3321 2.3548 2.3666 2.3701 2.3610 2.3370 2.3186 2.3155 2.3181 2.3094 2.2831 2.2717 2.2854 2.2998 2.2714 2.0280
1.6918 1.8848 1.9516 1.9828 2.0232 2.0455 2.0483 2.0581 2.0800 2.1035 2.1053 2.0968 2.1104 2.1410 2.1629 2.1405 2.1010 2.1007 2.1198 2.1387 2.1700 2.2047 2.2262 2.2513 2.2788 2.2749 2.2598 2.2721 2.3007 2.3218 2.3138 2.2926 2.2892 2.3190 2.3670 2.3906 2.3867 2.3698 2.3486 2.3253 2.2963 2.2586 2.2067 2.1291 2.0596 2.1111 2.6055 3.5151 3.9537 3.6717 3.0442 2.4272 2.0703 2.0323 2.1466 2.1599 2.1308 2.1424 2.1683 2.1887 2.1970 2.1949 2.1882 2.1855 2.1803 2.1645 2.1578 2.1635 2.1584 2.1490 2.1518 2.1604 2.1686 2.1762 2.1813 2.1837 2.1895 2.2011 2.2165 2.2358 2.2554 2.2600 2.2572 2.2715 2.2825 2.2770 2.2928 2.3263 2.3400 2.3433 2.3473 2.3356 2.3354 2.3815 2.3677 2.3125 2.5143 3.0937 3.8974 4.2425 4.0182 4.1176 4.1116 3.1853 2.4264 2.4293 2.5099 2.4918 2.5028 2.5359 2.5690 2.5969 2.6115 2.6129 2.6270 2.6530 2.6582 2.6435 2.6253 2.6182 2.6182 2.6091 2.6134 2.6442 2.6568 2.6444 2.6363 2.6246 2.5997 2.5762 2.5670 2.5769 2.5858 2.5821 2.5822 2.5868 2.5899 2.6149 2.6575 2.6616 2.6486 2.6676 2.6607 2.6021 2.5483 2.5032 2.4488 2.4105 2.3732 2.2989 2.5410 3.3699 4.1640 4.4257 4.0531 3.2886 2.5455 2.2695 2.4103 2.4577 2.4091 2.4095 2.4183 2.4129 2.4100 2.4042 2.3882 2.3703 2.3617 2.3698 2.3796 2.3772 2.3659 2.3654 2.3923 2.3949 2.3543 2.3362 2.3450 2.3459 2.3455 2.3428 2.3135 2.2853 2.3000 2.3292 2.3484 2.3591 2.3488 2.3105 2.2849 2.2901 2.3040 2.3039 2.2822 2.2718 2.2786 2.2710 2.2263 2.0038
1.6812 1.8509 1.8934 1.9047 1.9331 1.9484 1.9458 1.9502 1.9691 1.9936 1.9963 1.9861 1.9951 2.0142 2.0211 1.9968 1.9689 1.9808 2.0011 2.0098 2.0366 2.0764 2.1073 2.1392 2.1691 2.1685 2.1507 2.1486 2.1723 2.2047 2.2047 2.1777 2.1554 2.1708 2.2165 2.2440 2.2470 2.2393 2.2317 2.2225 2.2004 2.1729 2.1454 2.1015 2.0435 2.0534 2.5535 3.5443 3.9288 3.4681 2.7386 2.1808 1.9929 2.0160 2.0820 2.0813 2.0642 2.0801 2.1013 2.1128 2.1151 2.1158 2.1196 2.1239 2.1230 2.1112 2.0898 2.0693 2.0697 2.0913 2.1196 2.1291 2.1222 2.1324 2.1458 2.1385 2.1269 2.1246 2.1348 2.1620 2.1973 2.1991 2.1797 2.1961 2.2255 2.2356 2.2418 2.2473 2.2440 2.2495 2.2697 2.2735 2.2756 2.3071 2.2872 2.2451 2.4525 3.0399 3.8801 4.2634 4.0479 4.1135 4.0476 3.0711 2.3116 2.3563 2.4536 2.4273 2.4352 2.4626 2.4838 2.5043 2.5221 2.5332 2.5421 2.5509 2.5567 2.5503 2.5287 2.5115 2.5002 2.4807 2.4844 2.5259 2.5418 2.5212 2.5053 2.4993 2.4960 2.4908 2.4869 2.4903 2.4910 2.4851 2.4872 2.4996 2.5164 2.5441 2.5709 2.5558 2.5348 2.5633 2.5645 2.5039 2.4504 2.4033 2.3393 2.3153 2.3044 2.2050 2.4515 3.3730 4.0994 4.0849 3.4811 2.7447 2.3151 2.2364 2.3435 2.3634 2.3184 2.3092 2.3183 2.3308 2.3486 2.3538 2.3339 2.3062 2.2911 2.3006 2.3060 2.2875 2.2694 2.2688 2.2850 2.2791 2.2425 2.2345 2.2557 2.2696 2.2717 2.2621 2.2377 2.2204 2.2338 2.2493 2.2523 2.2595 2.2510 2.2063 2.1739 2.1796 2.2020 2.2043 2.1699 2.1542 2.1583 2.1206 2.0715 1.9790
1.7206 1.9052 1.9294 1.9213 1.9431 1.9583 1.9518 1.9404 1.9417 1.9590 1.9687 1.9691 1.9746 1.9780 1.9712 1.9583 1.9530 1.9668 1.9749 1.9695 1.9825 2.0105 2.0319 2.0524 2.0733 2.0809 2.0728 2.0603 2.0769 2.1172 2.1262 2.1009 2.0705 2.0741 2.1091 2.1286 2.1299 2.1297 2.1392 2.1482 2.1325 2.1130 2.1097 2.0949 2.0441 2.0178 2.5183 3.5695 3.9092 3.3021 2.4787 1.9722 1.9479 2.0327 2.0614 2.0672 2.0645 2.0611 2.0639 2.0724 2.0821 2.0920 2.0999 2.1014 2.0988 2.0957 2.0839 2.0652 2.0573 2.0750 2.1148 2.1235 2.1008 2.1114 2.1332 2.1237 2.1082 2.1051 2.1142 2.1440 2.1872 2.1905 2.1651 2.1791 2.2124 2.2285 2.2314 2.2260 2.2163 2.2202 2.2421 2.2525 2.2570 2.2756 2.2493 2.2158 2.4175 2.9985 3.8645 4.2755 4.0580 4.0878 3.9863 3.0142 2.2775 2.3365 2.4292 2.3971 2.4157 2.4395 2.4363 2.4453 2.4634 2.4713 2.4720 2.4741 2.4849 2.4865 2.4636 2.4365 2.4156 2.3987 2.4091 2.4498 2.4572 2.4281 2.4147 2.4151 2.4175 2.4293 2.4416 2.4358 2.4241 2.4205 2.4246 2.4365 2.4571 2.4808 2.4910 2.4612 2.4344 2.4658 2.4727 2.4182 2.3754 2.3397 2.2850 2.2872 2.3007 2.1647 2.3840 3.3522 4.0336 3.8300 3.0373 2.3182 2.1740 2.2613 2.3154 2.3155 2.2926 2.2807 2.2807 2.2917 2.3126 2.3225 2.3076 2.2840 2.2693 2.2728 2.2714 2.2516 2.2375 2.2294 2.2130 2.2071 2.2203 2.2270 2.2258 2.2302 2.2389 2.2411 2.2208 2.1992 2.2068 2.2240 2.2336 2.2366 2.2216 2.1814 2.1491 2.1462 2.1663 2.1728 2.1430 2.1329 2.1311 2.0711 2.1375 2.4062
1.8601 2.1528 2.1996 2.2033 2.2509 2.2837 2.2706 2.2270 2.1937 2.1973 2.2204 2.2419 2.2462 2.2391 2.2318 2.2333 2.2322 2.2109 2.1871 2.1750 2.1677 2.1610 2.1526 2.1355 2.1191 2.1328 2.1503 2.1375 2.1468 2.1860 2.1892 2.1631 2.1472 2.1568 2.1824 2.1942 2.1900 2.1843 2.1993 2.2222 2.2129 2.2031 2.2212 2.2176 2.1585 2.1076 2.5481 3.5108 3.8088 3.2213 2.4412 2.0013 2.0537 2.1705 2.2094 2.2608 2.2702 2.2144 2.1894 2.2174 2.2623 2.2869 2.2742 2.2395 2.2141 2.2305 2.2921 2.3473 2.2968 2.2181 2.2240 2.2324 2.2099 2.2199 2.2461 2.2536 2.2699 2.2994 2.3156 2.3332 2.3656 2.3795 2.3729 2.3748 2.3702 2.3537 2.3768 2.4322 2.4627 2.4591 2.4350 2.4149 2.4170 2.4389 2.4099 2.3595 2.5226 3.0493 3.8619 4.2453 4.0273 4.0528 3.9962 3.1701 2.5202 2.5368 2.5772 2.5400 2.5953 2.6334 2.6052 2.6003 2.5993 2.5597 2.5468 2.5792 2.6040 2.5973 2.5617 2.5303 2.5225 2.5366 2.5617 2.5787 2.5607 2.5307 2.5404 2.5406 2.5019 2.5055 2.5412 2.5339 2.5199 2.5331 2.5382 2.5321 2.5360 2.5494 2.5557 2.5268 2.5012 2.5298 2.5388 2.4962 2.4711 2.4680 2.4653 2.4988 2.5041 2.3390 2.4979 3.3708 3.9892 3.7849 3.0273 2.3954 2.3765 2.4790 2.4512 2.4514 2.4743 2.4645 2.4324 2.4028 2.3990 2.4135 2.4295 2.4355 2.4320 2.4278 2.4226 2.4180 2.4212 2.4055 2.3481 2.3690 2.4883 2.4981 2.4053 2.3527 2.3636 2.3976 2.3747 2.3239 2.3254 2.3908 2.4749 2.4871 2.4483 2.4214 2.3992 2.3799 2.3834 2.4051 2.4306 2.4520 2.4311 2.3626 2.7309 3.6385
2.0442 2.5294 2.6624 2.7161 2.8062 2.8593 2.8398 2.7759 2.7259 2.7285 2.7612 2.7897 2.7870 2.7783 2.7869 2.8017 2.7910 2.7313 2.6860 2.6846 2.6683 2.6316 2.5982 2.5510 2.5050 2.5258 2.5686 2.5616 2.5663 2.5986 2.5887 2.5586 2.5596 2.5804 2.6014 2.6096 2.6033 2.5937 2.6096 2.6378 2.6309 2.6250 2.6524 2.6559 2.5969 2.5243 2.8217 3.5301 3.7551 3.3226 2.7464 2.4388 2.5128 2.6129 2.6530 2.7415 2.7651 2.6767 2.6398 2.6881 2.7560 2.7870 2.7562 2.6858 2.6318 2.6586 2.7922 2.9293 2.8426 2.6666 2.6326 2.6439 2.6324 2.6389 2.6610 2.6855 2.7349 2.7966 2.8215 2.8257 2.8407 2.8648 2.8820 2.8693 2.8207 2.7704 2.8208 2.9473 3.0226 3.0133 2.9460 2.8974 2.9000 2.9332 2.9116 2.8440 2.9323 3.3157 3.9426 4.2122 3.9970 4.0522 4.1085 3.5487 3.0714 3.0570 3.0423 2.9991 3.0864 3.1453 3.1095 3.0971 3.0730 2.9838 2.9634 3.0331 3.0631 3.0352 2.9878 2.9622 2.9777 3.0252 3.0603 3.0480 3.0072 2.9841 3.0189 3.0169 2.9342 2.9217 2.9749 2.9740 2.9661 2.9921 2.9876 2.9557 2.9462 2.9580 2.9677 2.9449 2.9236 2.9519 2.9651 2.9323 2.9110 2.9301 2.9882 3.0505 3.0368 2.8677 2.9377 3.5598 4.0324 3.9227 3.3939 2.9551 2.9697 3.0111 2.9224 2.9350 2.9902 2.9666 2.9069 2.8510 2.8134 2.8180 2.8650 2.8978 2.9010 2.8979 2.8932 2.8918 2.9071 2.8968 2.8227 2.8695 3.0615 3.0619 2.8895 2.7861 2.7929 2.8475 2.8239 2.7452 2.7207 2.8210 2.9872 3.0200 2.9636 2.9499 2.9381 2.9050 2.8914 2.9260 3.0059 3.0584 3.0088 2.8963 3.4992 4.9263
2.1830 2.8878 3.1617 3.2910 3.4135 3.4706 3.4495 3.4031 3.3848 3.4139 3.4435 3.4460 3.4244 3.4236 3.4613 3.4853 3.4639 3.4022 3.3748 3.4035 3.4027 3.3680 3.3396 3.3040 3.2733 3.3056 3.3557 3.3542 3.3585 3.3840 3.3667 3.3312 3.3294 3.3497 3.3716 3.3807 3.3811 3.3855 3.4071 3.4300 3.4185 3.4041 3.4214 3.4438 3.4171 3.3185 3.4089 3.7629 3.8673 3.6318 3.3654 3.2715 3.3658 3.4000 3.3750 3.4431 3.4863 3.4344 3.4211 3.4654 3.5058 3.5236 3.5062 3.4396 3.3727 3.3833 3.5141 3.6643 3.5902 3.4194 3.3856 3.4038 3.4025 3.4022 3.4109 3.4321 3.4783 3.5345 3.5601 3.5633 3.5699 3.5941 3.6169 3.5965 3.5408 3.4993 3.5629 3.6966 3.7701 3.7633 3.7116 3.6798 3.6930 3.7320 3.7297 3.6721 3.6642 3.8170 4.1381 4.2201 4.0103 4.1148 4.3025 4.0416 3.7983 3.8320 3.8118 3.7622 3.8431 3.9115 3.8978 3.8917 3.8611 3.7694 3.7578 3.8354 3.8451 3.7937 3.7503 3.7411 3.7708 3.8244 3.8535 3.8274 3.7861 3.7753 3.8158 3.8160 3.7371 3.7237 3.7761 3.7854 3.7847 3.8010 3.7716 3.7216 3.7250 3.7544 3.7661 3.7417 3.7227 3.7584 3.7809 3.7486 3.7038 3.7076 3.7931 3.8731 3.8579 3.7189 3.6913 3.9681 4.1928 4.1462 3.9180 3.7531 3.8067 3.8192 3.7380 3.7636 3.8034 3.7370 3.6837 3.6673 3.6099 3.5800 3.6293 3.6559 3.6460 3.6596 3.6585 3.6235 3.6288 3.6457 3.6032 3.6432 3.7887 3.7729 3.6190 3.5283 3.5260 3.5618 3.5480 3.4711 3.3899 3.4506 3.6329 3.6883 3.6443 3.6363 3.6255 3.5902 3.5730 3.6031 3.6790 3.7335 3.6575 3.4327 3.9475 5.3705
2.1728 2.9390 3.2776 3.4369 3.5580 3.6050 3.5867 3.5685 3.5897 3.6469 3.6729 3.6505 3.6144 3.6234 3.6856 3.7107 3.6812 3.6414 3.6450 3.6931 3.7064 3.6884 3.6857 3.6857 3.6887 3.7280 3.7701 3.7692 3.7737 3.7958 3.7820 3.7462 3.7291 3.7392 3.7633 3.7755 3.7856 3.8096 3.8341 3.8435 3.8289 3.8069 3.8044 3.8446 3.8591 3.7485 3.7315 3.9169 3.9531 3.7969 3.6873 3.7178 3.8346 3.8197 3.7220 3.7435 3.7983 3.8038 3.8185 3.8428 3.8436 3.8457 3.8519 3.8145 3.7601 3.7544 3.8339 3.9351 3.8941 3.7929 3.7832 3.8033 3.8034 3.7990 3.8014 3.8162 3.8438 3.8727 3.8836 3.8842 3.8909 3.9116 3.9286 3.9096 3.8771 3.8745 3.9401 4.0341 4.0686 4.0616 4.0545 4.0610 4.0846 4.1174 4.1218 4.0793 4.0258 4.0601 4.2347 4.2356 4.0383 4.1620 4.3811 4.2089 4.0615 4.1588 4.1764 4.1285 4.1735 4.2320 4.2491 4.2578 4.2360 4.1724 4.1747 4.2369 4.2212 4.1575 4.1260 4.1298 4.1591 4.2004 4.2180 4.1929 4.1660 4.1669 4.1975 4.2029 4.1617 4.1572 4.1914 4.2033 4.2049 4.2041 4.1634 4.1183 4.1372 4.1767 4.1863 4.1604 4.1419 4.1746 4.1923 4.1547 4.1022 4.0966 4.1736 4.2459 4.2362 4.1324 4.0784 4.1947 4.2857 4.2432 4.1406 4.0943 4.1575 4.1768 4.1352 4.1667 4.1786 4.0861 4.0567 4.0912 4.0362 3.9837 4.0202 4.0216 3.9884 4.0171 4.0181 3.9427 3.9322 3.9793 3.9799 3.9896 4.0322 4.0046 3.9254 3.8838 3.8756 3.8780 3.8751 3.8229 3.7107 3.7097 3.8447 3.9031 3.8861 3.8854 3.8705 3.8333 3.8199 3.8374 3.8734 3.9155 3.8461 3.5531 3.8127 4.8432
1.9626 2.5008 2.7242 2.8147 2.8896 2.9206 2.9088 2.8975 2.9218 2.9813 3.0148 3.0027 2.9717 2.9844 3.0490 3.0653 3.0316 3.0146 3.0307 3.0615 3.0621 3.0524 3.0771 3.1073 3.1271 3.1606 3.1873 3.1797 3.1815 3.2045 3.2050 3.1791 3.1492 3.1468 3.1705 3.1843 3.1999 3.2328 3.2492 3.2417 3.2343 3.2185 3.1991 3.2406 3.2758 3.1830 3.2903 3.7174 3.8274 3.5234 3.2118 3.1267 3.2568 3.2672 3.1581 3.1517 3.1994 3.2249 3.2379 3.2420 3.2357 3.2383 3.2505 3.2425 3.2257 3.2304 3.2575 3.2812 3.2566 3.2224 3.2323 3.2427 3.2336 3.2336 3.2491 3.2731 3.2946 3.3005 3.2814 3.2644 3.2752 3.2972 3.3094 3.2999 3.2997 3.3380 3.4011 3.4470 3.4325 3.4135 3.4374 3.4686 3.4908 3.5049 3.4847 3.4372 3.4454 3.6380 4.0515 4.2210 4.0442 4.1225 4.1956 3.7332 3.3864 3.4864 3.5594 3.5273 3.5286 3.5577 3.5897 3.6126 3.6065 3.5720 3.5800 3.6212 3.5978 3.5420 3.5189 3.5200 3.5353 3.5619 3.5744 3.5585 3.5469 3.5538 3.5688 3.5790 3.5793 3.5824 3.5885 3.5877 3.5833 3.5772 3.5623 3.5507 3.5617 3.5796 3.5839 3.5656 3.5468 3.5521 3.5377 3.4951 3.4871 3.5189 3.5614 3.5946 3.5819 3.4897 3.5395 3.8984 4.1558 4.0660 3.7363 3.4649 3.4655 3.5061 3.4889 3.5159 3.5271 3.4660 3.4543 3.4903 3.4588 3.4281 3.4566 3.4364 3.3858 3.4111 3.4090 3.3224 3.3085 3.3666 3.3808 3.3577 3.3282 3.3020 3.2873 3.2871 3.2826 3.2690 3.2674 3.2476 3.1807 3.1611 3.2140 3.2400 3.2416 3.2565 3.2390 3.1899 3.1781 3.1876 3.1866 3.2207 3.2074 2.9924 3.0514 3.5678
1.7297 1.9857 2.0586 2.0637 2.0852 2.1031 2.1021 2.0890 2.0980 2.1442 2.1853 2.1942 2.1733 2.1802 2.2293 2.2338 2.2024 2.2021 2.2179 2.2219 2.2050 2.1964 2.2305 2.2688 2.2882 2.3096 2.3206 2.3041 2.3004 2.3226 2.3357 2.3247 2.2971 2.2909 2.3108 2.3226 2.3371 2.3669 2.3722 2.3557 2.3618 2.3579 2.3271 2.3584 2.3937 2.3232 2.6322 3.4397 3.6830 3.1702 2.5363 2.2388 2.3583 2.4183 2.3388 2.3336 2.3723 2.3895 2.3847 2.3754 2.3804 2.3894 2.3948 2.4041 2.4217 2.4425 2.4384 2.4072 2.3867 2.3890 2.4053 2.4095 2.4008 2.4091 2.4357 2.4667 2.4870 2.4820 2.4450 2.4170 2.4322 2.4575 2.4693 2.4680 2.4859 2.5406 2.5923 2.6037 2.5621 2.5387 2.5772 2.6147 2.6285 2.6290 2.5851 2.5309 2.6369 3.0682 3.8169 4.2052 4.0397 4.0746 3.9927 3.1656 2.5370 2.5943 2.7033 2.6887 2.6629 2.6650 2.6943 2.7210 2.7251 2.7085 2.7189 2.7482 2.7281 2.6849 2.6669 2.6621 2.6633 2.6750 2.6818 2.6739 2.6716 2.6778 2.6794 2.6897 2.7138 2.7201 2.7061 2.6927 2.6832 2.6802 2.6941 2.7105 2.7060 2.6994 2.7013 2.6909 2.6710 2.6532 2.6135 2.5708 2.6072 2.6723 2.6752 2.6694 2.6537 2.5611 2.7522 3.4856 4.0095 3.8579 3.1906 2.5957 2.5316 2.6051 2.5983 2.6161 2.6379 2.6222 2.6193 2.6347 2.6296 2.6306 2.6506 2.6227 2.5739 2.5892 2.5854 2.5151 2.5002 2.5421 2.5512 2.5162 2.4649 2.4467 2.4618 2.4780 2.4788 2.4664 2.4639 2.4726 2.4801 2.4755 2.4579 2.4402 2.4407 2.4606 2.4406 2.3838 2.3722 2.3774 2.3548 2.3747 2.4036 2.3111 2.2591 2.3387
1.6472 1.8110 1.8513 1.8398 1.8368 1.8497 1.8630 1.8562 1.8588 1.8928 1.9291 1.9408 1.9194 1.9125 1.9380 1.9354 1.9139 1.9224 1.9380 1.9358 1.9210 1.9127 1.9278 1.9468 1.9575 1.9686 1.9685 1.9460 1.9358 1.9506 1.9639 1.9660 1.9613 1.9659 1.9799 1.9856 1.9929 2.0108 2.0116 2.0024 2.0209 2.0240 1.9879 2.0082 2.0305 1.9585 2.3688 3.3861 3.7224 3.1215 2.3176 1.8830 1.9617 2.0368 1.9899 2.0092 2.0530 2.0580 2.0410 2.0289 2.0397 2.0491 2.0469 2.0574 2.0807 2.0991 2.0934 2.0666 2.0505 2.0509 2.0601 2.0747 2.0909 2.1048 2.1195 2.1379 2.1502 2.1471 2.1261 2.1133 2.1301 2.1557 2.1710 2.1698 2.1772 2.2096 2.2384 2.2408 2.2140 2.2099 2.2533 2.2827 2.2885 2.2953 2.2599 2.2176 2.3755 2.9057 3.7713 4.2183 4.0430 4.0992 4.0162 3.0660 2.3089 2.3154 2.4162 2.4084 2.3879 2.3844 2.3989 2.4142 2.4145 2.4009 2.4171 2.4514 2.4332 2.3914 2.3770 2.3761 2.3750 2.3714 2.3646 2.3570 2.3549 2.3558 2.3516 2.3560 2.3740 2.3784 2.3661 2.3546 2.3490 2.3513 2.3636 2.3731 2.3641 2.3589 2.3653 2.3537 2.3320 2.3221 2.2945 2.2583 2.2868 2.3303 2.3076 2.2923 2.2833 2.1947 2.4621 3.3936 4.0545 3.8647 3.0203 2.2737 2.2136 2.3296 2.3314 2.3436 2.3650 2.3601 2.3588 2.3703 2.3777 2.3833 2.3868 2.3673 2.3436 2.3550 2.3559 2.3170 2.2924 2.2953 2.3003 2.2868 2.2563 2.2443 2.2513 2.2561 2.2553 2.2522 2.2539 2.2783 2.3304 2.3485 2.3098 2.2647 2.2419 2.2405 2.2150 2.1666 2.1551 2.1564 2.1313 2.1206 2.1227 2.0805 1.9899 1.8412
1.6508 1.8384 1.9119 1.9170 1.9037 1.9105 1.9319 1.9338 1.9382 1.9652 1.9922 1.9982 1.9759 1.9599 1.9666 1.9611 1.9506 1.9653 1.9833 1.9854 1.9803 1.9738 1.9685 1.9677 1.9711 1.9729 1.9622 1.9352 1.9206 1.9287 1.9389 1.9500 1.9674 1.9827 1.9902 1.9910 1.9920 1.9976 1.9990 2.0032 2.0277 2.0327 2.0016 2.0205 2.0269 1.9275 2.3467 3.4302 3.8220 3.2261 2.3770 1.8815 1.9185 1.9861 1.9549 1.9884 2.0374 2.0416 2.0280 2.0215 2.0324 2.0415 2.0411 2.0503 2.0648 2.0704 2.0731 2.0749 2.0673 2.0569 2.0583 2.0848 2.1233 2.1352 2.1307 2.1337 2.1384 2.1411 2.1451 2.1528 2.1656 2.1857 2.2036 2.2036 2.1967 2.1979 2.2070 2.2157 2.2158 2.2317 2.2706 2.2874 2.2889 2.3089 2.2930 2.2651 2.4310 2.9581 3.8056 4.2303 4.0498 4.1450 4.1178 3.1910 2.4224 2.4000 2.4828 2.4777 2.4743 2.4753 2.4741 2.4747 2.4687 2.4558 2.4768 2.5147 2.4936 2.4473 2.4334 2.4371 2.4376 2.4227 2.4044 2.3958 2.3916 2.3886 2.3875 2.3869 2.3857 2.3848 2.3823 2.3767 2.3788 2.3915 2.3971 2.3899 2.3772 2.3765 2.3857 2.3702 2.3478 2.3538 2.3472 2.3174 2.3181 2.3238 2.2904 2.2806 2.2787 2.1937 2.4793 3.4568 4.1558 3.9657 3.0773 2.3020 2.2764 2.4299 2.4433 2.4622 2.4825 2.4645 2.4576 2.4761 2.4903 2.4894 2.4759 2.4649 2.4629 2.4666 2.4681 2.4580 2.4291 2.4031 2.4107 2.4195 2.4073 2.3987 2.3962 2.3887 2.3832 2.3843 2.3871 2.4111 2.4707 2.5042 2.4791 2.4272 2.3799 2.3522 2.3155 2.2692 2.2520 2.2510 2.2356 2.1999 2.1560 2.1193 2.0277 1.7998
1.6485 1.8565 1.9492 1.9564 1.9294 1.9231 1.9405 1.9461 1.9538 1.9782 2.0008 2.0070 1.9941 1.9828 1.9835 1.9769 1.9732 1.9945 2.0156 2.0182 2.0154 2.0124 2.0091 2.0105 2.0145 2.0070 1.9841 1.9536 1.9393 1.9480 1.9612 1.9762 1.9950 2.0069 2.0094 2.0109 2.0121 2.0120 2.0151 2.0270 2.0490 2.0548 2.0398 2.0709 2.0656 1.9230 2.3096 3.4058 3.8358 3.2710 2.4177 1.9008 1.9222 1.9831 1.9438 1.9564 1.9968 2.0182 2.0250 2.0287 2.0392 2.0537 2.0691 2.0856 2.0947 2.0903 2.0929 2.1078 2.1133 2.1103 2.1133 2.1377 2.1706 2.1721 2.1590 2.1615 2.1670 2.1710 2.1831 2.1949 2.1987 2.2075 2.2229 2.2325 2.2306 2.2220 2.2278 2.2449 2.2536 2.2682 2.2948 2.3026 2.3041 2.3296 2.3188 2.2889 2.4402 2.9469 3.7830 4.2157 4.0557 4.1543 4.1239 3.2134 2.4638 2.4508 2.5397 2.5421 2.5465 2.5478 2.5385 2.5327 2.5289 2.5256 2.5454 2.5699 2.5415 2.4933 2.4757 2.4752 2.4716 2.4534 2.4351 2.4308 2.4282 2.4268 2.4355 2.4372 2.4227 2.4155 2.4160 2.4088 2.4152 2.4445 2.4640 2.4577 2.4314 2.4158 2.4188 2.4044 2.3844 2.3891 2.3819 2.3517 2.3437 2.3394 2.3058 2.2982 2.2947 2.2061 2.4811 3.4431 4.1560 4.0021 3.1190 2.3378 2.3299 2.5034 2.5312 2.5707 2.6007 2.5689 2.5523 2.5762 2.6003 2.6011 2.5778 2.5624 2.5566 2.5401 2.5298 2.5330 2.5166 2.4968 2.5125 2.5169 2.4870 2.4804 2.4962 2.4974 2.4897 2.4825 2.4758 2.4850 2.5231 2.5563 2.5544 2.5111 2.4566 2.4203 2.3684 2.3009 2.2697 2.2688 2.2640 2.2277 2.1743 2.1458 2.0580 1.8091
1.6478 1.8589 1.9512 1.9549 1.9252 1.9168 1.9338 1.9418 1.9494 1.9691 1.9910 2.0037 2.0004 1.9924 1.9882 1.9823 1.9828 2.0012 2.0178 2.0194 2.0178 2.0178 2.0196 2.0269 2.0340 2.0229 1.9966 1.9711 1.9622 1.9728 1.9899 2.0040 2.0105 2.0112 2.0112 2.0165 2.0216 2.0207 2.0220 2.0329 2.0546 2.0672 2.0676 2.1049 2.0871 1.9157 2.2749 3.3633 3.8115 3.2722 2.4212 1.8971 1.9182 1.9797 1.9306 1.9172 1.9459 1.9848 2.0113 2.0249 2.0385 2.0611 2.0913 2.1132 2.1189 2.1115 2.1128 2.1303 2.1471 2.1569 2.1629 2.1773 2.1935 2.1860 2.1729 2.1792 2.1882 2.1934 2.2047 2.2144 2.2144 2.2156 2.2249 2.2404 2.2494 2.2478 2.2586 2.2792 2.2877 2.2954 2.3101 2.3110 2.3122 2.3378 2.3202 2.2748 2.4104 2.9114 3.7593 4.2157 4.0739 4.1583 4.0987 3.1799 2.4424 2.4502 2.5556 2.5680 2.5787 2.5794 2.5638 2.5539 2.5544 2.5623 2.5789 2.5862 2.5520 2.5062 2.4865 2.4786 2.4678 2.4505 2.4387 2.4401 2.4386 2.4376 2.4535 2.4599 2.4404 2.4297 2.4292 2.4180 2.4246 2.4639 2.4963 2.4961 2.4610 2.4307 2.4252 2.4161 2.4032 2.3992 2.3800 2.3458 2.3392 2.3388 2.3094 2.3038 2.2987 2.2029 2.4572 3.3879 4.1035 3.9873 3.1229 2.3447 2.3459 2.5282 2.5624 2.6122 2.6516 2.6227 2.6081 2.6356 2.6628 2.6622 2.6323 2.6105 2.5961 2.5621 2.5403 2.5491 2.5457 2.5369 2.5555 2.5517 2.5095 2.5066 2.5386 2.5511 2.5448 2.5310 2.5144 2.5059 2.5160 2.5387 2.5502 2.5139 2.4604 2.4300 2.3741 2.2916 2.2532 2.2499 2.2400 2.2086 2.1702 2.1508 2.0608 1.8071
1.6651 1.8706 1.9553 1.9668 1.9583 1.9709 2.0011 2.0142 2.0170 2.0261 2.0478 2.0682 2.0647 2.0462 2.0292 2.0251 2.0294 2.0300 2.0303 2.0342 2.0395 2.0399 2.0315 2.0296 2.0367 2.0317 2.0179 2.0096 2.0091 2.0168 2.0327 2.0427 2.0351 2.0259 2.0262 2.0347 2.0434 2.0445 2.0383 2.0397 2.0703 2.0988 2.1025 2.1251 2.0906 1.9266 2.2933 3.3698 3.8132 3.2782 2.4210 1.8886 1.9104 1.9809 1.9403 1.9256 1.9509 1.9915 2.0215 2.0401 2.0609 2.0892 2.1194 2.1358 2.1374 2.1344 2.1409 2.1605 2.1812 2.1939 2.1964 2.2022 2.2105 2.2036 2.1931 2.1966 2.2061 2.2163 2.2293 2.2422 2.2511 2.2550 2.2580 2.2666 2.2779 2.2887 2.3032 2.3194 2.3315 2.3433 2.3539 2.3478 2.3443 2.3687 2.3401 2.2737 2.4072 2.9272 3.7962 4.2581 4.1052 4.1839 4.1192 3.1817 2.4343 2.4506 2.5646 2.5852 2.6084 2.6126 2.5882 2.5708 2.5706 2.5825 2.5971 2.5974 2.5641 2.5244 2.5076 2.4956 2.4784 2.4631 2.4576 2.4616 2.4565 2.4490 2.4626 2.4701 2.4525 2.4435 2.4440 2.4329 2.4366 2.4687 2.4922 2.4885 2.4616 2.4362 2.4272 2.4247 2.4223 2.4149 2.3885 2.3513 2.3422 2.3404 2.3136 2.3148 2.3151 2.2131 2.4496 3.3598 4.0691 3.9630 3.1108 2.3455 2.3614 2.5495 2.5754 2.6089 2.6464 2.6426 2.6502 2.6812 2.6974 2.6825 2.6456 2.6273 2.6195 2.5841 2.5620 2.5772 2.5729 2.5533 2.5618 2.5679 2.5537 2.5574 2.5765 2.5840 2.5825 2.5761 2.5594 2.5413 2.5361 2.5454 2.5485 2.5057 2.4521 2.4334 2.3947 2.3282 2.2996 2.2875 2.2493 2.2111 2.1905 2.1727 2.0717 1.8057
1.6763 1.8726 1.9607 1.9948 2.0144 2.0454 2.0823 2.0987 2.1002 2.1031 2.1212 2.1399 2.1305 2.1023 2.0771 2.0737 2.0780 2.0632 2.0520 2.0606 2.0730 2.0720 2.0507 2.0362 2.0407 2.0449 2.0467 2.0522 2.0559 2.0590 2.0716 2.0779 2.0619 2.0486 2.0512 2.0605 2.0714 2.0777 2.0650 2.0539 2.0897 2.1272 2.1236 2.1269 2.0825 1.9414 2.3279 3.3914 3.8189 3.2782 2.4195 1.8874 1.9133 1.9968 1.9745 1.9731 2.0006 2.0330 2.0550 2.0709 2.0933 2.1192 2.1410 2.1513 2.1539 2.1579 2.1678 2.1837 2.2013 2.2116 2.2104 2.2135 2.2222 2.2189 2.2112 2.2134 2.2239 2.2380 2.2514 2.2679 2.2882 2.2980 2.2976 2.3019 2.3163 2.3369 2.3514 2.3606 2.3758 2.3951 2.4077 2.3974 2.3872 2.4068 2.3667 2.2841 2.4217 2.9603 3.8364 4.2799 4.0967 4.1803 4.1354 3.1885 2.4328 2.4589 2.5773 2.5983 2.6295 2.6396 2.6140 2.5936 2.5900 2.5973 2.6070 2.6055 2.5780 2.5450 2.5283 2.5124 2.4931 2.4823 2.4821 2.4856 2.4755 2.4608 2.4670 2.4723 2.4599 2.4573 2.4628 2.4544 2.4531 2.4705 2.4775 2.4673 2.4518 2.4377 2.4296 2.4300 2.4324 2.4253 2.3999 2.3660 2.3548 2.3481 2.3209 2.3267 2.3313 2.2238 2.4476 3.3459 4.0477 3.9400 3.0920 2.3365 2.3648 2.5579 2.5762 2.5925 2.6248 2.6401 2.6650 2.6970 2.7027 2.6786 2.6429 2.6325 2.6339 2.6040 2.5844 2.6005 2.5946 2.5673 2.5618 2.5748 2.5913 2.6005 2.6007 2.5974 2.5998 2.6056 2.5953 2.5771 2.5701 2.5655 2.5464 2.4976 2.4518 2.4429 2.4237 2.3825 2.3633 2.3382 2.2751 2.2332 2.2285 2.2079 2.0957 1.8124
1.6622 1.8512 1.9631 2.0305 2.0680 2.0940 2.1156 2.1299 2.1389 2.1465 2.1554 2.1581 2.1434 2.1198 2.1008 2.0952 2.0932 2.0795 2.0741 2.0876 2.1008 2.0979 2.0745 2.0565 2.0582 2.0680 2.0776 2.0828 2.0825 2.0825 2.0931 2.0987 2.0838 2.0737 2.0789 2.0861 2.0971 2.1105 2.0981 2.0779 2.1054 2.1335 2.1169 2.1127 2.0719 1.9447 2.3373 3.3881 3.8011 3.2577 2.4132 1.8985 1.9351 2.0314 2.0252 2.0374 2.0682 2.0920 2.1031 2.1087 2.1202 2.1343 2.1474 2.1597 2.1710 2.1800 2.1846 2.1879 2.1982 2.2077 2.2077 2.2145 2.2278 2.2250 2.2185 2.2279 2.2433 2.2558 2.2646 2.2795 2.3037 2.3157 2.3169 2.3316 2.3570 2.3807 2.3930 2.3986 2.4122 2.4336 2.4508 2.4410 2.4251 2.4344 2.3832 2.2939 2.4329 2.9708 3.8276 4.2351 4.0199 4.1138 4.1005 3.1644 2.4210 2.4702 2.5938 2.6055 2.6325 2.6490 2.6363 2.6234 2.6173 2.6137 2.6129 2.6082 2.5876 2.5593 2.5356 2.5144 2.4981 2.4941 2.4979 2.4989 2.4864 2.4694 2.4689 2.4706 2.4639 2.4703 2.4831 2.4772 2.4703 2.4759 2.4751 2.4634 2.4491 2.4387 2.4338 2.4302 2.4258 2.4190 2.4024 2.3803 2.3728 2.3630 2.3326 2.3348 2.3346 2.2209 2.4370 3.3272 4.0266 3.9220 3.0746 2.3174 2.3452 2.5411 2.5647 2.5856 2.6174 2.6258 2.6434 2.6721 2.6796 2.6651 2.6440 2.6390 2.6387 2.6129 2.5921 2.5985 2.6007 2.5891 2.5762 2.5761 2.5907 2.6009 2.5995 2.5915 2.5935 2.6054 2.6008 2.5884 2.5876 2.5720 2.5308 2.4893 2.4639 2.4563 2.4426 2.4159 2.3926 2.3546 2.2908 2.2596 2.2660 2.2426 2.1272 1.8287
1.6447 1.8348 1.9716 2.0637 2.1085 2.1228 2.1270 2.1384 2.1539 2.1643 2.1621 2.1493 2.1343 2.1219 2.1128 2.1024 2.0919 2.0864 2.0915 2.1050 2.1131 2.1075 2.0886 2.0745 2.0762 2.0885 2.1026 2.1100 2.1084 2.1048 2.1130 2.1196 2.1095 2.1048 2.1121 2.1148 2.1213 2.1369 2.1294 2.1096 2.1262 2.1393 2.1142 2.1101 2.0718 1.9382 2.3202 3.3627 3.7680 3.2252 2.4009 1.9098 1.9599 2.0668 2.0717 2.0929 2.1277 2.1490 2.1532 2.1486 2.1473 2.1496 2.1556 2.1688 2.1851 2.1959 2.1954 2.1894 2.1958 2.2055 2.2049 2.2144 2.2328 2.2306 2.2249 2.2409 2.2604 2.2710 2.2759 2.2867 2.3081 2.3212 2.3287 2.3531 2.3855 2.4103 2.4252 2.4348 2.4478 2.4689 2.4897 2.4818 2.4615 2.4588 2.3921 2.2908 2.4297 2.9678 3.8059 4.1857 3.9520 4.0517 4.0571 3.1319 2.4028 2.4711 2.5975 2.6008 2.6250 2.6494 2.6513 2.6481 2.6419 2.6294 2.6189 2.6098 2.5912 2.5661 2.5419 2.5218 2.5089 2.5057 2.5075 2.5064 2.4949 2.4793 2.4745 2.4746 2.4748 2.4871 2.5008 2.4933 2.4815 2.4812 2.4819 2.4742 2.4555 2.4428 2.4412 2.4304 2.4145 2.4088 2.4037 2.3954 2.3954 2.3863 2.3527 2.3466 2.3346 2.2125 2.4259 3.3174 4.0161 3.9105 3.0700 2.3136 2.3248 2.5115 2.5426 2.5750 2.6107 2.6104 2.6160 2.6377 2.6481 2.6463 2.6408 2.6366 2.6304 2.6152 2.6001 2.5947 2.5984 2.6010 2.5905 2.5784 2.5770 2.5858 2.5924 2.5850 2.5836 2.5925 2.5820 2.5658 2.5692 2.5544 2.5112 2.4833 2.4699 2.4521 2.4385 2.4288 2.4064 2.3618 2.3036 2.2782 2.2841 2.2590 2.1468 1.8420
1.6422 1.8442 1.9902 2.0859 2.1322 2.1457 2.1477 2.1576 2.1689 2.1705 2.1598 2.1442 2.1357 2.1323 2.1267 2.1105 2.0935 2.0932 2.1014 2.1073 2.1063 2.0974 2.0837 2.0768 2.0825 2.0952 2.1141 2.1369 2.1434 2.1345 2.1381 2.1460 2.1414 2.1416 2.1492 2.1470 2.1449 2.1539 2.1530 2.1458 2.1587 2.1631 2.1390 2.1354 2.0869 1.9293 2.2920 3.3320 3.7344 3.1904 2.3816 1.9108 1.9732 2.0883 2.0992 2.1243 2.1634 2.1896 2.1937 2.1844 2.1779 2.1763 2.1785 2.1851 2.1947 2.2039 2.2049 2.2017 2.2115 2.2207 2.2132 2.2189 2.2404 2.2418 2.2372 2.2515 2.2704 2.2827 2.2891 2.2975 2.3135 2.3304 2.3470 2.3686 2.3951 2.4232 2.4490 2.4702 2.4879 2.5098 2.5315 2.5231 2.4986 2.4859 2.3978 2.2717 2.4126 2.9686 3.8090 4.1850 3.9512 4.0485 4.0485 3.1185 2.3874 2.4553 2.5796 2.5831 2.6153 2.6487 2.6562 2.6576 2.6538 2.6402 2.6267 2.6136 2.5898 2.5666 2.5563 2.5474 2.5344 2.5216 2.5144 2.5129 2.5052 2.4924 2.4869 2.4900 2.4987 2.5090 2.5112 2.4962 2.4812 2.4809 2.4891 2.4889 2.4664 2.4500 2.4507 2.4352 2.4115 2.4075 2.4107 2.4120 2.4195 2.4146 2.3809 2.3671 2.3416 2.2091 2.4240 3.3287 4.0248 3.9056 3.0811 2.3380 2.3222 2.4853 2.5155 2.5501 2.5907 2.6002 2.6070 2.6203 2.6244 2.6245 2.6259 2.6182 2.6083 2.6134 2.6167 2.6050 2.5934 2.5891 2.5892 2.5834 2.5732 2.5816 2.5959 2.5893 2.5829 2.5817 2.5514 2.5154 2.5144 2.5157 2.4989 2.4812 2.4567 2.4193 2.4089 2.4275 2.4228 2.3811 2.3193 2.2826 2.2754 2.2500 2.1442 1.8457
1.6406 1.8550 2.0019 2.0941 2.1463 2.1704 2.1773 2.1766 2.1723 2.1646 2.1511 2.1385 2.1377 2.1405 2.1353 2.1166 2.0985 2.1005 2.1058 2.1003 2.0898 2.0789 2.0707 2.0711 2.0802 2.0903 2.1076 2.1366 2.1487 2.1381 2.1355 2.1444 2.1554 2.1657 2.1715 2.1680 2.1629 2.1651 2.1726 2.1833 2.1953 2.1914 2.1672 2.1580 2.0970 1.9318 2.2928 3.3296 3.7143 3.1523 2.3547 1.9054 1.9791 2.1013 2.1183 2.1480 2.1888 2.2139 2.2162 2.2052 2.1973 2.1971 2.2023 2.2058 2.2079 2.2116 2.2130 2.2144 2.2268 2.2339 2.2207 2.2219 2.2430 2.2475 2.2441 2.2538 2.2686 2.2816 2.2925 2.3038 2.3189 2.3426 2.3691 2.3858 2.4043 2.4361 2.4712 2.5012 2.5235 2.5473 2.5692 2.5566 2.5247 2.5038 2.4013 2.2595 2.4090 2.9865 3.8315 4.2023 3.9664 4.0693 4.0734 3.1336 2.3868 2.4427 2.5625 2.5680 2.6044 2.6414 2.6514 2.6550 2.6536 2.6423 2.6303 2.6163 2.5878 2.5648 2.5652 2.5643 2.5496 2.5286 2.5146 2.5135 2.5094 2.5004 2.4990 2.5085 2.5229 2.5246 2.5088 2.4846 2.4682 2.4703 2.4861 2.4927 2.4688 2.4511 2.4562 2.4439 2.4201 2.4146 2.4185 2.4232 2.4332 2.4312 2.4029 2.3892 2.3560 2.2158 2.4334 3.3524 4.0438 3.9040 3.0848 2.3543 2.3283 2.4765 2.4978 2.5250 2.5667 2.5888 2.6022 2.6099 2.6048 2.6014 2.6067 2.5961 2.5821 2.5998 2.6160 2.6011 2.5772 2.5654 2.5739 2.5766 2.5662 2.5794 2.5997 2.5868 2.5721 2.5662 2.5262 2.4775 2.4714 2.4878 2.4973 2.4821 2.4393 2.3861 2.3779 2.4141 2.4223 2.3849 2.3224 2.2794 2.2655 2.2422 2.1423 1.8577
1.6280 1.8471 1.9963 2.0906 2.1568 2.1978 2.2087 2.1865 2.1610 2.1528 2.1422 2.1304 2.1334 2.1391 2.1338 2.1171 2.1033 2.1078 2.1085 2.0919 2.0742 2.0638 2.0622 2.0680 2.0768 2.0817 2.0871 2.0990 2.1059 2.1017 2.0933 2.1019 2.1390 2.1662 2.1693 2.1709 2.1736 2.1759 2.1923 2.2179 2.2272 2.2112 2.1781 2.1557 2.0891 1.9502 2.3375 3.3660 3.7110 3.1125 2.3241 1.8994 1.9831 2.1133 2.1417 2.1806 2.2185 2.2286 2.2220 2.2091 2.1980 2.1998 2.2146 2.2252 2.2268 2.2234 2.2194 2.2195 2.2271 2.2296 2.2175 2.2184 2.2359 2.2404 2.2384 2.2464 2.2563 2.2657 2.2814 2.3011 2.3226 2.3543 2.3888 2.4077 2.4262 2.4599 2.4962 2.5261 2.5489 2.5743 2.5961 2.5754 2.5313 2.5042 2.4028 2.2678 2.4275 3.0110 3.8486 4.1982 3.9452 4.0713 4.1096 3.1639 2.3967 2.4429 2.5623 2.5663 2.5931 2.6256 2.6404 2.6466 2.6450 2.6348 2.6253 2.6143 2.5879 2.5639 2.5596 2.5546 2.5389 2.5200 2.5082 2.5073 2.5041 2.4990 2.5049 2.5211 2.5358 2.5263 2.4951 2.4646 2.4482 2.4515 2.4696 2.4790 2.4566 2.4419 2.4541 2.4537 2.4380 2.4274 2.4246 2.4276 2.4332 2.4299 2.4115 2.4074 2.3758 2.2322 2.4481 3.3697 4.0566 3.9017 3.0675 2.3378 2.3325 2.4893 2.4984 2.5132 2.5494 2.5719 2.5878 2.5958 2.5858 2.5805 2.5915 2.5816 2.5613 2.5732 2.5845 2.5669 2.5494 2.5468 2.5549 2.5551 2.5483 2.5709 2.5940 2.5666 2.5420 2.5451 2.5203 2.4814 2.4747 2.4918 2.5057 2.4852 2.4335 2.3795 2.3684 2.3952 2.3951 2.3581 2.3078 2.2802 2.2772 2.2578 2.1600 1.8875
1.6114 1.8329 1.9898 2.0888 2.1621 2.2143 2.2329 2.2036 2.1711 2.1669 2.1572 2.1409 2.1419 2.1443 2.1323 2.1137 2.1045 2.1156 2.1151 2.0883 2.0651 2.0585 2.0659 2.0773 2.0845 2.0852 2.0792 2.0706 2.0726 2.0812 2.0732 2.0772 2.1224 2.1580 2.1652 2.1751 2.1866 2.1928 2.2129 2.2421 2.2486 2.2248 2.1821 2.1491 2.0807 1.9614 2.3646 3.3824 3.7016 3.0846 2.3051 1.8961 1.9857 2.1281 2.1750 2.2249 2.2576 2.2504 2.2358 2.2213 2.2008 2.1986 2.2202 2.2341 2.2341 2.2303 2.2272 2.2260 2.2246 2.2191 2.2098 2.2124 2.2263 2.2307 2.2317 2.2413 2.2495 2.2565 2.2755 2.3013 2.3271 2.3609 2.3979 2.4225 2.4464 2.4819 2.5194 2.5508 2.5734 2.5963 2.6128 2.5815 2.5264 2.4970 2.4025 2.2731 2.4144 2.9712 3.8039 4.1482 3.8839 4.0318 4.0994 3.1446 2.3680 2.4288 2.5636 2.5702 2.5862 2.6140 2.6349 2.6408 2.6347 2.6243 2.6155 2.6055 2.5848 2.5638 2.5532 2.5422 2.5270 2.5141 2.5081 2.5084 2.5047 2.4998 2.5071 2.5233 2.5350 2.5227 2.4905 2.4604 2.4433 2.4433 2.4572 2.4651 2.4473 2.4370 2.4512 2.4585 2.4517 2.4425 2.4385 2.4409 2.4425 2.4370 2.4252 2.4285 2.3978 2.2463 2.4449 3.3459 4.0329 3.8936 3.0537 2.3180 2.3332 2.5039 2.5072 2.5144 2.5426 2.5557 2.5693 2.5817 2.5742 2.5698 2.5821 2.5727 2.5497 2.5543 2.5582 2.5406 2.5373 2.5515 2.5589 2.5527 2.5447 2.5653 2.5830 2.5488 2.5254 2.5420 2.5368 2.5110 2.5007 2.5080 2.5150 2.4916 2.4453 2.4035 2.3878 2.3909 2.3751 2.3409 2.3093 2.3021 2.3109 2.2921 2.1902 1.9116
1.6011 1.8271 1.9959 2.0980 2.1636 2.2148 2.2465 2.2393 2.2240 2.2228 2.2062 2.1801 2.1739 2.1658 2.1382 2.1098 2.1024 2.1246 2.1289 2.0951 2.0683 2.0669 2.0842 2.1018 2.1087 2.1088 2.1002 2.0849 2.0893 2.1114 2.1117 2.1071 2.1282 2.1554 2.1752 2.1924 2.2064 2.2178 2.2356 2.2555 2.2593 2.2349 2.1877 2.1543 2.0848 1.9498 2.3328 3.3420 3.6722 3.0757 2.3058 1.8973 1.9892 2.1472 2.2158 2.2759 2.3062 2.2914 2.2751 2.2576 2.2211 2.2062 2.2250 2.2292 2.2214 2.2278 2.2383 2.2402 2.2300 2.2150 2.2065 2.2103 2.2222 2.2287 2.2347 2.2478 2.2585 2.2675 2.2869 2.3113 2.3336 2.3613 2.3943 2.4242 2.4552 2.4932 2.5379 2.5795 2.6042 2.6200 2.6240 2.5807 2.5197 2.4921 2.3963 2.2505 2.3559 2.8816 3.7200 4.0832 3.8286 3.9787 4.0422 3.0794 2.3053 2.3853 2.5473 2.5727 2.5879 2.6150 2.6411 2.6427 2.6288 2.6179 2.6065 2.5917 2.5761 2.5637 2.5558 2.5454 2.5321 2.5229 2.5212 2.5241 2.5202 2.5113 2.5099 2.5165 2.5242 2.5215 2.5059 2.4838 2.4654 2.4582 2.4625 2.4659 2.4546 2.4475 2.4543 2.4563 2.4538 2.4576 2.4649 2.4712 2.4738 2.4683 2.4553 2.4564 2.4193 2.2509 2.4158 3.2763 3.9691 3.8789 3.0600 2.3188 2.3305 2.5038 2.5124 2.5212 2.5436 2.5456 2.5548 2.5729 2.5743 2.5728 2.5792 2.5671 2.5483 2.5586 2.5661 2.5510 2.5571 2.5832 2.5939 2.5838 2.5661 2.5678 2.5718 2.5477 2.5411 2.5671 2.5688 2.5443 2.5244 2.5192 2.5197 2.5013 2.4709 2.4476 2.4300 2.4118 2.3869 2.3611 2.3456 2.3481 2.3555 2.3307 2.2192 1.9124
1.6075 1.8374 2.0096 2.1127 2.1733 2.2209 2.2613 2.2826 2.2901 2.2869 2.2594 2.2235 2.2089 2.1888 2.1460 2.1113 2.1071 2.1346 2.1451 2.1169 2.0912 2.0891 2.1090 2.1290 2.1366 2.1386 2.1330 2.1198 2.1245 2.1474 2.1540 2.1463 2.1443 2.1592 2.1856 2.2042 2.2198 2.2423 2.2638 2.2760 2.2719 2.2405 2.1878 2.1590 2.0913 1.9290 2.2820 3.2889 3.6423 3.0738 2.3113 1.9030 2.0019 2.1682 2.2447 2.3151 2.3564 2.3489 2.3302 2.3011 2.2493 2.2222 2.2326 2.2243 2.2099 2.2282 2.2511 2.2541 2.2403 2.2231 2.2165 2.2199 2.2287 2.2373 2.2479 2.2625 2.2740 2.2830 2.2991 2.3194 2.3392 2.3631 2.3929 2.4268 2.4633 2.5043 2.5569 2.6094 2.6381 2.6492 2.6418 2.5862 2.5189 2.4918 2.3691 2.1867 2.3601 2.9907 3.8240 4.1640 3.9276 4.0556 4.0907 3.1596 2.3609 2.3430 2.4980 2.5768 2.5993 2.6191 2.6494 2.6492 2.6305 2.6201 2.6055 2.5836 2.5686 2.5623 2.5594 2.5523 2.5410 2.5329 2.5331 2.5396 2.5385 2.5281 2.5186 2.5150 2.5177 2.5220 2.5212 2.5097 2.4952 2.4855 2.4821 2.4803 2.4743 2.4687 2.4652 2.4573 2.4552 2.4730 2.4924 2.5007 2.5040 2.4998 2.4865 2.4842 2.4392 2.2553 2.3978 3.2361 3.9308 3.8667 3.0690 2.3296 2.3259 2.4909 2.5041 2.5142 2.5360 2.5404 2.5519 2.5720 2.5782 2.5792 2.5821 2.5668 2.5526 2.5793 2.5998 2.5838 2.5864 2.6100 2.6164 2.6009 2.5767 2.5668 2.5640 2.5510 2.5573 2.5866 2.5879 2.5625 2.5408 2.5309 2.5261 2.5092 2.4876 2.4751 2.4610 2.4389 2.4144 2.3942 2.3839 2.3839 2.3815 2.3473 2.2275 1.8993
1.6305 1.8599 2.0202 2.1226 2.1934 2.2433 2.2829 2.3204 2.3417 2.3324 2.2952 2.2528 2.2311 2.2024 2.1530 2.1230 2.1252 2.1454 2.1583 2.1499 2.1306 2.1195 2.1316 2.1485 2.1569 2.1619 2.1613 2.1531 2.1502 2.1566 2.1609 2.1603 2.1595 2.1692 2.1873 2.1997 2.2188 2.2572 2.2941 2.3098 2.2931 2.2438 2.1817 2.1566 2.0930 1.9141 2.2511 3.2627 3.6279 3.0679 2.3086 1.9093 2.0234 2.1860 2.2507 2.3319 2.3985 2.4102 2.3843 2.3344 2.2747 2.2426 2.2430 2.2282 2.2146 2.2388 2.2624 2.2609 2.2503 2.2417 2.2396 2.2407 2.2439 2.2526 2.2654 2.2782 2.2853 2.2890 2.2997 2.3185 2.3430 2.3716 2.4038 2.4397 2.4784 2.5219 2.5786 2.6366 2.6702 2.6826 2.6707 2.6032 2.5252 2.4925 2.3168 2.0976 2.5118 3.4477 4.2462 4.4798 4.2636 4.3615 4.3697 3.5272 2.6437 2.3367 2.4172 2.5873 2.6214 2.6217 2.6535 2.6563 2.6384 2.6299 2.6141 2.5869 2.5675 2.5597 2.5583 2.5539 2.5439 2.5343 2.5334 2.5432 2.5479 2.5423 2.5328 2.5253 2.5225 2.5216 2.5203 2.5175 2.5144 2.5116 2.5072 2.5020 2.4980 2.4926 2.4825 2.4677 2.4643 2.4876 2.5104 2.5160 2.5177 2.5155 2.5063 2.5047 2.4551 2.2662 2.4139 3.2683 3.9526 3.8571 3.0627 2.3377 2.3214 2.4726 2.4829 2.4893 2.5160 2.5399 2.5620 2.5780 2.5796 2.5816 2.5898 2.5748 2.5623 2.6067 2.6413 2.6190 2.6051 2.6104 2.6009 2.5783 2.5577 2.5571 2.5623 2.5507 2.5542 2.5800 2.5797 2.5586 2.5489 2.5458 2.5370 2.5126 2.4843 2.4686 2.4624 2.4559 2.4381 2.4160 2.4006 2.3903 2.3744 2.3307 2.2106 1.8882
1.6465 1.8671 2.0102 2.1115 2.1991 2.2585 2.2977 2.3420 2.3719 2.3649 2.3249 2.2762 2.2467 2.2136 2.1673 2.1466 2.1515 2.1563 2.1641 2.1722 2.1590 2.1407 2.1468 2.1603 2.1676 2.1755 2.1818 2.1804 2.1721 2.1625 2.1611 2.1675 2.1768 2.1856 2.1917 2.1959 2.2143 2.2577 2.3056 2.3317 2.3134 2.2565 2.1897 2.1628 2.0970 1.9131 2.2486 3.2648 3.6267 3.0572 2.2966 1.9059 2.0310 2.1913 2.2481 2.3372 2.4216 2.4462 2.4144 2.3518 2.2924 2.2595 2.2508 2.2348 2.2259 2.2496 2.2675 2.2611 2.2553 2.2552 2.2545 2.2522 2.2513 2.2575 2.2699 2.2829 2.2865 2.2849 2.2957 2.3194 2.3498 2.3840 2.4196 2.4556 2.4937 2.5385 2.5970 2.6571 2.6945 2.7096 2.6953 2.6180 2.5266 2.4795 2.2639 2.0627 2.8005 4.0941 4.8238 4.9115 4.7336 4.8532 4.8861 4.1460 3.1111 2.3955 2.3448 2.6089 2.6572 2.6339 2.6606 2.6613 2.6408 2.6334 2.6199 2.5936 2.5709 2.5598 2.5594 2.5581 2.5492 2.5346 2.5281 2.5373 2.5455 2.5450 2.5393 2.5321 2.5251 2.5152 2.5070 2.5087 2.5171 2.5247 2.5233 2.5167 2.5138 2.5090 2.4974 2.4823 2.4779 2.4962 2.5156 2.5231 2.5294 2.5303 2.5191 2.5135 2.4621 2.2776 2.4410 3.3146 3.9742 3.8256 3.0344 2.3386 2.3200 2.4620 2.4718 2.4801 2.5136 2.5494 2.5738 2.5819 2.5787 2.5837 2.6014 2.5959 2.5879 2.6303 2.6623 2.6384 2.6119 2.5990 2.5821 2.5610 2.5461 2.5541 2.5675 2.5589 2.5568 2.5717 2.5676 2.5518 2.5505 2.5520 2.5416 2.5144 2.4828 2.4641 2.4612 2.4622 2.4445 2.4216 2.4114 2.3951 2.3614 2.3100 2.1995 1.9004
1.6410 1.8457 1.9763 2.0769 2.1765 2.2493 2.2959 2.3417 2.3780 2.3859 2.3524 2.2980 2.2594 2.2259 2.1907 2.1781 2.1786 2.1663 2.1618 2.1713 2.1605 2.1434 2.1533 2.1674 2.1714 2.1809 2.1942 2.2001 2.1947 2.1825 2.1766 2.1819 2.1952 2.2040 2.2040 2.2035 2.2144 2.2453 2.2904 2.3282 2.3268 2.2835 2.2204 2.1841 2.1056 1.9224 2.2651 3.2820 3.6327 3.0480 2.2831 1.8923 2.0158 2.1812 2.2466 2.3373 2.4185 2.4406 2.4104 2.3535 2.3009 2.2680 2.2536 2.2400 2.2360 2.2548 2.2662 2.2583 2.2548 2.2558 2.2515 2.2465 2.2448 2.2470 2.2575 2.2750 2.2796 2.2762 2.2953 2.3292 2.3613 2.3955 2.4325 2.4679 2.5047 2.5493 2.6081 2.6687 2.7070 2.7214 2.7035 2.6202 2.5165 2.4492 2.2306 2.1166 3.1484 4.7112 5.3555 5.3143 5.1934 5.3969 5.5006 4.8149 3.5943 2.4962 2.3095 2.6397 2.7007 2.6584 2.6744 2.6640 2.6337 2.6242 2.6162 2.5977 2.5771 2.5652 2.5666 2.5683 2.5598 2.5387 2.5239 2.5289 2.5349 2.5340 2.5322 2.5281 2.5188 2.5040 2.4918 2.4939 2.5076 2.5228 2.5249 2.5182 2.5166 2.5137 2.5045 2.4953 2.4915 2.4963 2.5083 2.5257 2.5459 2.5507 2.5268 2.5088 2.4568 2.2814 2.4558 3.3293 3.9583 3.7703 2.9918 2.3318 2.3240 2.4682 2.4861 2.5061 2.5438 2.5692 2.5794 2.5790 2.5769 2.5877 2.6132 2.6260 2.6280 2.6425 2.6502 2.6342 2.6092 2.5903 2.5852 2.5792 2.5670 2.5689 2.5797 2.5804 2.5786 2.5780 2.5681 2.5543 2.5482 2.5445 2.5355 2.5165 2.4955 2.4826 2.4745 2.4611 2.4313 2.4130 2.4264 2.4152 2.3640 2.3083 2.2144 1.9411
1.6254 1.8195 1.9484 2.0465 2.1426 2.2221 2.2798 2.3240 2.3594 2.3789 2.3567 2.3050 2.2616 2.2301 2.2084 2.2025 2.1977 2.1743 2.1587 2.1613 2.1498 2.1382 2.1574 2.1761 2.1777 2.1857 2.2005 2.2097 2.2103 2.2038 2.1948 2.1923 2.2014 2.2094 2.2108 2.2116 2.2171 2.2338 2.2726 2.3201 2.3392 2.3128 2.2508 2.2014 2.1060 1.9162 2.2605 3.2814 3.6382 3.0583 2.2912 1.8910 2.0039 2.1692 2.2385 2.3208 2.3907 2.4107 2.3912 2.3495 2.3036 2.2717 2.2584 2.2496 2.2486 2.2622 2.2686 2.2606 2.2567 2.2565 2.2522 2.2472 2.2448 2.2461 2.2572 2.2773 2.2818 2.2778 2.3038 2.3432 2.3709 2.4007 2.4384 2.4768 2.5159 2.5601 2.6161 2.6729 2.7071 2.7175 2.6963 2.6124 2.5046 2.4248 2.2190 2.1803 3.3627 5.0431 5.6447 5.5505 5.4670 5.7082 5.7973 5.0355 3.7025 2.5069 2.3049 2.6639 2.7265 2.6750 2.6870 2.6698 2.6308 2.6161 2.6114 2.6017 2.5861 2.5744 2.5739 2.5733 2.5628 2.5399 2.5253 2.5314 2.5307 2.5218 2.5259 2.5291 2.5173 2.5030 2.4947 2.4952 2.5070 2.5241 2.5268 2.5191 2.5178 2.5153 2.5071 2.5036 2.5012 2.4921 2.4943 2.5175 2.5483 2.5561 2.5213 2.4928 2.4399 2.2694 2.4492 3.3239 3.9447 3.7455 2.9696 2.3243 2.3337 2.4909 2.5170 2.5445 2.5795 2.5869 2.5815 2.5763 2.5761 2.5893 2.6172 2.6421 2.6515 2.6425 2.6294 2.6204 2.6026 2.5879 2.5990 2.6104 2.6038 2.5974 2.5975 2.5991 2.5954 2.5841 2.5703 2.5570 2.5457 2.5378 2.5306 2.5174 2.5040 2.4973 2.4857 2.4592 2.4185 2.4023 2.4324 2.4311 2.3782 2.3255 2.2414 1.9786
1.6119 1.8065 1.9431 2.0362 2.1134 2.1878 2.2533 2.2933 2.3197 2.3390 2.3271 2.2880 2.2487 2.2225 2.2125 2.2105 2.2029 2.1798 2.1612 2.1552 2.1410 2.1349 2.1629 2.1882 2.1907 2.1947 2.2040 2.2108 2.2148 2.2140 2.2038 2.1929 2.1922 2.1974 2.2044 2.2127 2.2207 2.2326 2.2683 2.3205 2.3515 2.3323 2.2639 2.2027 2.0938 1.8878 2.2233 3.2535 3.6389 3.0880 2.3232 1.9097 2.0097 2.1638 2.2205 2.2867 2.3484 2.3757 2.3734 2.3469 2.3044 2.2749 2.2693 2.2656 2.2642 2.2740 2.2785 2.2714 2.2658 2.2660 2.2687 2.2669 2.2623 2.2671 2.2821 2.2987 2.2996 2.2955 2.3213 2.3567 2.3757 2.3992 2.4373 2.4828 2.5286 2.5730 2.6231 2.6709 2.6969 2.7017 2.6789 2.5991 2.4974 2.4207 2.2261 2.1919 3.3128 4.9263 5.5606 5.5169 5.4251 5.6059 5.5573 4.6016 3.2994 2.3845 2.3268 2.6718 2.7210 2.6726 2.6921 2.6796 2.6390 2.6181 2.6113 2.6064 2.5957 2.5839 2.5768 2.5681 2.5539 2.5367 2.5335 2.5474 2.5388 2.5173 2.5294 2.5427 2.5274 2.5172 2.5194 2.5185 2.5230 2.5358 2.5360 2.5264 2.5238 2.5189 2.5082 2.5072 2.5065 2.4900 2.4821 2.4991 2.5282 2.5356 2.4987 2.4687 2.4153 2.2427 2.4256 3.3157 3.9595 3.7740 2.9812 2.3200 2.3470 2.5235 2.5527 2.5755 2.6012 2.5975 2.5868 2.5820 2.5804 2.5898 2.6136 2.6370 2.6467 2.6373 2.6226 2.6130 2.6002 2.5944 2.6127 2.6338 2.6381 2.6294 2.6157 2.6041 2.5935 2.5816 2.5685 2.5564 2.5482 2.5431 2.5358 2.5177 2.4991 2.4929 2.4861 2.4640 2.4226 2.4004 2.4238 2.4279 2.3910 2.3479 2.2610 1.9882
1.6068 1.8043 1.9433 2.0307 2.0951 2.1596 2.2193 2.2513 2.2707 2.2883 2.2802 2.2502 2.2244 2.2131 2.2131 2.2078 2.1951 2.1832 2.1716 2.1573 2.1384 2.1352 2.1671 2.1965 2.2022 2.2047 2.2098 2.2134 2.2132 2.2089 2.2022 2.1947 2.1884 2.1870 2.1940 2.2110 2.2275 2.2387 2.2692 2.3178 2.3510 2.3342 2.2628 2.1980 2.0855 1.8732 2.2056 3.2414 3.6378 3.0973 2.3354 1.9200 2.0157 2.1595 2.2024 2.2581 2.3174 2.3515 2.3606 2.3443 2.3068 2.2821 2.2825 2.2796 2.2737 2.2783 2.2841 2.2836 2.2792 2.2788 2.2865 2.2879 2.2830 2.2902 2.3055 2.3156 2.3142 2.3134 2.3382 2.3685 2.3820 2.4004 2.4360 2.4844 2.5351 2.5807 2.6251 2.6632 2.6831 2.6849 2.6609 2.5849 2.4919 2.4269 2.2418 2.1536 3.0224 4.3916 5.1021 5.1779 5.0413 5.1535 5.0236 3.9627 2.8122 2.2895 2.3844 2.6689 2.6997 2.6638 2.6908 2.6840 2.6466 2.6240 2.6135 2.6064 2.5980 2.5876 2.5762 2.5638 2.5512 2.5408 2.5437 2.5577 2.5438 2.5183 2.5358 2.5543 2.5369 2.5283 2.5355 2.5335 2.5319 2.5385 2.5382 2.5309 2.5261 2.5185 2.5084 2.5103 2.5135 2.4993 2.4852 2.4873 2.5041 2.5052 2.4669 2.4400 2.3919 2.2224 2.4122 3.3199 3.9822 3.8021 2.9906 2.3145 2.3564 2.5497 2.5808 2.5959 2.6151 2.6129 2.6066 2.6036 2.5988 2.6026 2.6214 2.6390 2.6476 2.6484 2.6406 2.6264 2.6146 2.6130 2.6259 2.6455 2.6582 2.6478 2.6220 2.6015 2.5895 2.5826 2.5740 2.5659 2.5632 2.5606 2.5499 2.5237 2.4972 2.4893 2.4914 2.4840 2.4472 2.4137 2.4159 2.4097 2.3783 2.3411 2.2514 1.9687
1.6111 1.8073 1.9359 2.0171 2.0848 2.1409 2.1811 2.2032 2.2233 2.2444 2.2331 2.2020 2.1943 2.2050 2.2132 2.1990 2.1788 2.1823 2.1844 2.1664 2.1447 2.1414 2.1694 2.1976 2.2071 2.2111 2.2159 2.2198 2.2100 2.1921 2.1933 2.2032 2.1999 2.1897 2.1881 2.2107 2.2366 2.2461 2.2666 2.3039 2.3321 2.3174 2.2528 2.1948 2.0896 1.8890 2.2311 3.2644 3.6387 3.0724 2.3097 1.9067 2.0097 2.1522 2.1903 2.2466 2.3082 2.3426 2.3523 2.3403 2.3122 2.2938 2.2928 2.2848 2.2719 2.2697 2.2784 2.2895 2.2897 2.2864 2.2913 2.2937 2.2919 2.2986 2.3089 2.3134 2.3138 2.3202 2.3463 2.3755 2.3910 2.4085 2.4385 2.4814 2.5305 2.5783 2.6193 2.6504 2.6694 2.6728 2.6487 2.5737 2.4860 2.4321 2.2593 2.0966 2.6102 3.6257 4.4193 4.6356 4.4359 4.5318 4.4678 3.4806 2.5392 2.3132 2.4701 2.6608 2.6765 2.6576 2.6837 2.6766 2.6443 2.6265 2.6136 2.5992 2.5901 2.5823 2.5714 2.5639 2.5597 2.5525 2.5493 2.5521 2.5396 2.5243 2.5409 2.5548 2.5378 2.5257 2.5269 2.5250 2.5227 2.5251 2.5286 2.5287 2.5221 2.5129 2.5078 2.5129 2.5200 2.5151 2.5008 2.4874 2.4879 2.4782 2.4352 2.4131 2.3774 2.2200 2.4213 3.3390 3.9966 3.7991 2.9784 2.3061 2.3599 2.5634 2.5967 2.6066 2.6253 2.6352 2.6385 2.6364 2.6286 2.6294 2.6461 2.6608 2.6690 2.6781 2.6764 2.6587 2.6429 2.6358 2.6350 2.6457 2.6597 2.6448 2.6127 2.5975 2.5933 2.5897 2.5865 2.5861 2.5888 2.5848 2.5670 2.5364 2.5072 2.4962 2.5056 2.5144 2.4845 2.4420 2.4215 2.3897 2.3399 2.2975 2.2080 1.9253
1.6165 1.8095 1.9232 1.9944 2.0646 2.1159 2.1434 2.1616 2.1853 2.2100 2.1972 2.1648 2.1659 2.1867 2.1981 2.1838 2.1637 2.1698 2.1795 2.1732 2.1608 2.1581 2.1760 2.1976 2.2081 2.2071 2.2071 2.2163 2.2063 2.1806 2.1870 2.2096 2.2115 2.1978 2.1899 2.2124 2.2401 2.2459 2.2569 2.2830 2.3049 2.2931 2.2398 2.1918 2.0944 1.9053 2.2564 3.2875 3.6448 3.0570 2.2857 1.8860 1.9966 2.1430 2.1813 2.2381 2.2999 2.3332 2.3427 2.3351 2.3177 2.3029 2.2942 2.2799 2.2635 2.2571 2.2663 2.2827 2.2845 2.2770 2.2751 2.2762 2.2793 2.2885 2.2985 2.3027 2.3059 2.3164 2.3412 2.3702 2.3926 2.4150 2.4421 2.4748 2.5171 2.5670 2.6074 2.6338 2.6530 2.6604 2.6406 2.5681 2.4807 2.4285 2.2781 2.0907 2.3354 3.0603 3.9118 4.2316 3.9780 4.0833 4.1106 3.2072 2.4151 2.3724 2.5420 2.6490 2.6564 2.6509 2.6689 2.6590 2.6321 2.6186 2.6058 2.5888 2.5784 2.5701 2.5583 2.5542 2.5559 2.5497 2.5425 2.5427 2.5414 2.5403 2.5484 2.5499 2.5338 2.5182 2.5120 2.5129 2.5152 2.5168 2.5234 2.5289 2.5224 2.5118 2.5060 2.5057 2.5077 2.5063 2.4956 2.4795 2.4729 2.4571 2.4142 2.3997 2.3757 2.2261 2.4321 3.3536 4.0055 3.7943 2.9665 2.2992 2.3665 2.5788 2.6105 2.6121 2.6271 2.6445 2.6543 2.6531 2.6451 2.6470 2.6654 2.6768 2.6798 2.6903 2.6938 2.6780 2.6542 2.6346 2.6283 2.6375 2.6495 2.6321 2.6019 2.5963 2.5951 2.5840 2.5808 2.5905 2.6048 2.6019 2.5757 2.5452 2.5179 2.4984 2.5051 2.5248 2.5094 2.4737 2.4448 2.3940 2.3225 2.2638 2.1594 1.8699
1.6187 1.8099 1.9125 1.9697 2.0308 2.0795 2.1099 2.1328 2.1589 2.1838 2.1757 2.1485 2.1448 2.1568 2.1663 2.1656 2.1561 2.1470 2.1524 2.1718 2.1814 2.1820 2.1881 2.2001 2.2080 2.1953 2.1847 2.2014 2.2031 2.1817 2.1864 2.2069 2.2115 2.2018 2.1948 2.2121 2.2328 2.2342 2.2400 2.2597 2.2785 2.2707 2.2280 2.1883 2.0940 1.9059 2.2554 3.2847 3.6508 3.0721 2.2897 1.8757 1.9852 2.1345 2.1727 2.2249 2.2830 2.3173 2.3305 2.3295 2.3207 2.3061 2.2878 2.2693 2.2548 2.2487 2.2546 2.2661 2.2649 2.2540 2.2456 2.2443 2.2520 2.2679 2.2841 2.2930 2.2980 2.3067 2.3270 2.3551 2.3843 2.4146 2.4427 2.4652 2.4985 2.5501 2.5918 2.6156 2.6336 2.6450 2.6337 2.5666 2.4759 2.4160 2.2971 2.1549 2.3090 2.9007 3.7718 4.1301 3.8453 3.9608 4.0241 3.1155 2.3603 2.4035 2.5743 2.6328 2.6381 2.6388 2.6469 2.6363 2.6151 2.6019 2.5917 2.5803 2.5692 2.5553 2.5384 2.5314 2.5325 2.5267 2.5250 2.5385 2.5546 2.5625 2.5572 2.5433 2.5274 2.5122 2.5043 2.5101 2.5188 2.5226 2.5288 2.5343 2.5294 2.5171 2.5024 2.4875 2.4749 2.4663 2.4603 2.4567 2.4561 2.4420 2.4063 2.4018 2.3847 2.2335 2.4328 3.3507 4.0084 3.8054 2.9712 2.2985 2.3788 2.5997 2.6252 2.6156 2.6215 2.6351 2.6441 2.6441 2.6400 2.6474 2.6694 2.6755 2.6678 2.6736 2.6818 2.6734 2.6411 2.6084 2.6097 2.6283 2.6370 2.6207 2.5988 2.5997 2.5923 2.5647 2.5553 2.5740 2.6039 2.6049 2.5709 2.5446 2.5230 2.4915 2.4841 2.5039 2.5082 2.4961 2.4763 2.4241 2.3431 2.2635 2.1294 1.8257
1.6217 1.8166 1.9169 1.9628 2.0068 2.0477 2.0818 2.1106 2.1377 2.1598 2.1581 2.1405 2.1324 2.1346 2.1423 2.1547 2.1554 2.1309 2.1280 2.1650 2.1909 2.1955 2.1966 2.2028 2.2082 2.1935 2.1808 2.1969 2.2017 2.1836 2.1819 2.1941 2.1994 2.1928 2.1854 2.1987 2.2159 2.2167 2.2206 2.2374 2.2575 2.2549 2.2190 2.1859 2.0960 1.9072 2.2445 3.2570 3.6366 3.0900 2.3135 1.8887 1.9886 2.1307 2.1644 2.2159 2.2744 2.3086 2.3229 2.3251 2.3207 2.3077 2.2868 2.2664 2.2522 2.2471 2.2511 2.2585 2.2578 2.2478 2.2351 2.2331 2.2451 2.2621 2.2776 2.2881 2.2935 2.3008 2.3215 2.3506 2.3798 2.4099 2.4360 2.4512 2.4791 2.5326 2.5765 2.5998 2.6165 2.6298 2.6242 2.5607 2.4685 2.4071 2.3123 2.2124 2.3582 2.9126 3.7837 4.1418 3.8368 3.9579 4.0323 3.0996 2.3398 2.4114 2.5758 2.6078 2.6117 2.6167 2.6233 2.6183 2.6048 2.5925 2.5852 2.5794 2.5662 2.5455 2.5241 2.5149 2.5157 2.5117 2.5157 2.5389 2.5634 2.5721 2.5563 2.5325 2.5169 2.5067 2.5030 2.5099 2.5192 2.5250 2.5304 2.5334 2.5280 2.5147 2.4957 2.4734 2.4515 2.4354 2.4323 2.4404 2.4442 2.4302 2.4006 2.4041 2.3925 2.2427 2.4332 3.3333 3.9962 3.8197 2.9899 2.3078 2.3872 2.6075 2.6288 2.6169 2.6210 2.6301 2.6349 2.6348 2.6376 2.6523 2.6752 2.6765 2.6627 2.6669 2.6787 2.6756 2.6427 2.6069 2.6118 2.6313 2.6339 2.6170 2.6007 2.6058 2.5980 2.5664 2.5545 2.5735 2.6039 2.6001 2.5594 2.5390 2.5281 2.4953 2.4731 2.4780 2.4907 2.4971 2.4850 2.4370 2.3582 2.2705 2.1279 1.8340
1.6376 1.8343 1.9375 1.9776 2.0023 2.0288 2.0603 2.0917 2.1188 2.1364 2.1379 2.1298 2.1266 2.1295 2.1374 2.1528 2.1558 2.1271 2.1188 2.1541 2.1817 2.1906 2.1972 2.2038 2.2077 2.2048 2.2029 2.2087 2.2014 2.1795 2.1701 2.1750 2.1810 2.1730 2.1598 2.1722 2.1933 2.1985 2.2031 2.2184 2.2413 2.2433 2.2109 2.1848 2.1035 1.9157 2.2358 3.2205 3.6064 3.0955 2.3415 1.9184 2.0058 2.1316 2.1563 2.2130 2.2776 2.3100 2.3212 2.3215 2.3161 2.3064 2.2920 2.2722 2.2552 2.2513 2.2572 2.2662 2.2716 2.2677 2.2555 2.2555 2.2704 2.2801 2.2847 2.2912 2.2958 2.3040 2.3304 2.3614 2.3815 2.4010 2.4208 2.4336 2.4614 2.5157 2.5613 2.5861 2.6024 2.6146 2.6088 2.5457 2.4578 2.4081 2.3218 2.2215 2.3673 2.9223 3.7886 4.1352 3.8183 3.9404 4.0231 3.0930 2.3365 2.4108 2.5612 2.5741 2.5743 2.5846 2.5992 2.6048 2.6004 2.5921 2.5867 2.5818 2.5660 2.5425 2.5219 2.5151 2.5184 2.5169 2.5209 2.5398 2.5574 2.5596 2.5411 2.5169 2.5027 2.4996 2.5027 2.5052 2.5087 2.5147 2.5206 2.5216 2.5135 2.5006 2.4862 2.4692 2.4502 2.4331 2.4293 2.4378 2.4379 2.4191 2.3901 2.3971 2.3916 2.2528 2.4406 3.3138 3.9737 3.8265 3.0123 2.3236 2.3862 2.5947 2.6167 2.6154 2.6287 2.6376 2.6387 2.6384 2.6483 2.6686 2.6890 2.6887 2.6778 2.6862 2.6997 2.6968 2.6726 2.6459 2.6429 2.6480 2.6416 2.6214 2.6055 2.6133 2.6155 2.5981 2.5890 2.5965 2.6087 2.5914 2.5478 2.5324 2.5328 2.5125 2.4844 2.4673 2.4716 2.4792 2.4643 2.4183 2.3490 2.2725 2.1619 1.9159
1.6898 1.8606 1.9543 1.9903 2.0003 2.0159 2.0460 2.0793 2.1062 2.1195 2.1176 2.1120 2.1193 2.1307 2.1378 2.1462 2.1446 2.1207 2.1121 2.1369 2.1609 2.1773 2.1948 2.2034 2.2017 2.2058 2.2136 2.2131 2.1978 2.1737 2.1594 2.1608 2.1704 2.1630 2.1440 2.1515 2.1726 2.1823 2.1897 2.2033 2.2224 2.2230 2.1957 2.1820 2.1109 1.9169 2.2269 3.2118 3.6050 3.1022 2.3508 1.9273 2.0129 2.1313 2.1476 2.2035 2.2703 2.3033 2.3159 2.3153 2.3029 2.2907 2.2821 2.2658 2.2515 2.2551 2.2647 2.2723 2.2814 2.2856 2.2802 2.2836 2.2978 2.3020 2.3008 2.3052 2.3079 2.3136 2.3384 2.3637 2.3717 2.3825 2.4014 2.4173 2.4450 2.4938 2.5388 2.5679 2.5843 2.5932 2.5848 2.5244 2.4471 2.4132 2.3282 2.2125 2.3603 2.9271 3.7865 4.1305 3.8262 3.9501 4.0283 3.1052 2.3548 2.4215 2.5492 2.5402 2.5365 2.5505 2.5683 2.5782 2.5796 2.5766 2.5723 2.5660 2.5545 2.5397 2.5271 2.5237 2.5263 2.5237 2.5233 2.5323 2.5388 2.5346 2.5187 2.5003 2.4891 2.4883 2.4922 2.4917 2.4928 2.4999 2.5065 2.5075 2.5011 2.4897 2.4766 2.4638 2.4507 2.4367 2.4295 2.4300 2.4258 2.4066 2.3767 2.3843 2.3842 2.2587 2.4542 3.3178 3.9686 3.8239 3.0181 2.3304 2.3792 2.5760 2.5990 2.6096 2.6316 2.6373 2.6377 2.6426 2.6545 2.6740 2.6950 2.6992 2.6938 2.7026 2.7137 2.7113 2.6958 2.6772 2.6675 2.6598 2.6462 2.6263 2.6135 2.6217 2.6299 2.6227 2.6074 2.5965 2.5954 2.5773 2.5409 2.5254 2.5252 2.5155 2.4954 2.4752 2.4706 2.4693 2.4503 2.4069 2.3465 2.2877 2.2355 2.0558
1.7924 1.8973 1.9587 1.9904 1.9958 2.0090 2.0397 2.0729 2.0986 2.1092 2.0992 2.0885 2.1065 2.1289 2.1332 2.1303 2.1228 2.1090 2.1039 2.1163 2.1367 2.1620 2.1890 2.1980 2.1880 2.1883 2.1980 2.2002 2.1889 2.1690 2.1556 2.1577 2.1718 2.1682 2.1471 2.1441 2.1564 2.1685 2.1805 2.1923 2.2000 2.1922 2.1715 2.1750 2.1146 1.9075 2.2187 3.2394 3.6441 3.1165 2.3377 1.9048 2.0009 2.1260 2.1379 2.1853 2.2479 2.2846 2.3039 2.3045 2.2822 2.2619 2.2553 2.2461 2.2422 2.2575 2.2698 2.2704 2.2772 2.2884 2.2950 2.3020 2.3109 2.3160 2.3203 2.3267 2.3268 2.3251 2.3381 2.3505 2.3489 2.3591 2.3848 2.4068 2.4313 2.4676 2.5086 2.5431 2.5602 2.5653 2.5549 2.5020 2.4396 2.4183 2.3340 2.2096 2.3599 2.9330 3.7860 4.1447 3.8769 3.9944 4.0406 3.1139 2.3675 2.4254 2.5369 2.5151 2.5092 2.5213 2.5323 2.5373 2.5390 2.5410 2.5377 2.5309 2.5312 2.5344 2.5338 2.5324 2.5298 2.5219 2.5152 2.5151 2.5143 2.5082 2.4975 2.4867 2.4796 2.4754 2.4736 2.4744 2.4796 2.4882 2.4948 2.4978 2.4977 2.4884 2.4701 2.4550 2.4450 2.4351 2.4234 2.4125 2.4082 2.3958 2.3668 2.3735 2.3762 2.2588 2.4694 3.3491 3.9914 3.8193 3.0084 2.3276 2.3719 2.5624 2.5856 2.6025 2.6256 2.6223 2.6251 2.6410 2.6494 2.6623 2.6884 2.7022 2.7013 2.7034 2.7080 2.7082 2.6969 2.6806 2.6718 2.6612 2.6435 2.6302 2.6268 2.6318 2.6359 2.6267 2.5933 2.5618 2.5632 2.5627 2.5414 2.5216 2.5095 2.5018 2.4989 2.4974 2.4892 2.4753 2.4562 2.4187 2.3650 2.3194 2.3209 2.1920
1.9419 1.9532 1.9629 1.9916 2.0053 2.0200 2.0424 2.0651 2.0853 2.0965 2.0833 2.0686 2.0923 2.1200 2.1216 2.1153 2.1118 2.1109 2.1074 2.1038 2.1161 2.1429 2.1696 2.1778 2.1689 2.1710 2.1819 2.1848 2.1773 2.1649 2.1586 2.1628 2.1730 2.1689 2.1494 2.1372 2.1396 2.1542 2.1721 2.1845 2.1844 2.1670 2.1449 2.1615 2.1159 1.9037 2.2184 3.2676 3.6795 3.1298 2.3282 1.8860 1.9868 2.1160 2.1271 2.1732 2.2363 2.2748 2.2936 2.2902 2.2629 2.2419 2.2420 2.2437 2.2492 2.2671 2.2767 2.2726 2.2761 2.2911 2.3094 2.3191 2.3202 2.3264 2.3368 2.3434 2.3397 2.3326 2.3385 2.3444 2.3396 2.3511 2.3811 2.4056 2.4248 2.4481 2.4819 2.5175 2.5363 2.5405 2.5295 2.4859 2.4383 2.4238 2.3409 2.2170 2.3665 2.9360 3.7862 4.1684 3.9324 4.0046 3.9764 3.0419 2.3000 2.3479 2.4881 2.5072 2.5022 2.5013 2.5062 2.5067 2.5069 2.5125 2.5116 2.5068 2.5167 2.5317 2.5365 2.5352 2.5297 2.5184 2.5064 2.4991 2.4952 2.4917 2.4861 2.4802 2.4758 2.4713 2.4687 2.4718 2.4777 2.4833 2.4889 2.4938 2.4957 2.4877 2.4701 2.4562 2.4483 2.4405 2.4254 2.4069 2.4035 2.3976 2.3712 2.3771 2.3777 2.2577 2.4758 3.3773 4.0227 3.8324 3.0173 2.3383 2.3727 2.5570 2.5834 2.6028 2.6222 2.6109 2.6150 2.6392 2.6463 2.6551 2.6841 2.7061 2.7107 2.7071 2.7039 2.7034 2.6966 2.6863 2.6812 2.6686 2.6470 2.6422 2.6486 2.6455 2.6444 2.6394 2.5913 2.5407 2.5485 2.5629 2.5490 2.5289 2.5149 2.5103 2.5158 2.5201 2.5019 2.4741 2.4545 2.4275 2.3860 2.3440 2.3434 2.1990
2.0765 2.0067 1.9678 1.9963 2.0258 2.0416 2.0462 2.0510 2.0633 2.0777 2.0693 2.0556 2.0760 2.1000 2.1018 2.1026 2.1114 2.1220 2.1169 2.0978 2.0988 2.1187 2.1351 2.1414 2.1434 2.1565 2.1711 2.1697 2.1611 2.1565 2.1608 2.1665 2.1632 2.1528 2.1385 2.1229 2.1187 2.1342 2.1554 2.1699 2.1705 2.1482 2.1170 2.1380 2.1084 1.9054 2.2255 3.2810 3.6922 3.1358 2.3294 1.8823 1.9765 2.1010 2.1136 2.1694 2.2392 2.2739 2.2823 2.2708 2.2457 2.2341 2.2460 2.2589 2.2676 2.2762 2.2796 2.2777 2.2802 2.2949 2.3203 2.3316 2.3265 2.3316 2.3428 2.3452 2.3372 2.3295 2.3380 2.3478 2.3457 2.3568 2.3836 2.4045 2.4185 2.4337 2.4592 2.4898 2.5097 2.5163 2.5069 2.4718 2.4347 2.4213 2.3410 2.2256 2.3726 2.9336 3.7881 4.1913 3.9655 3.9802 3.9043 3.0270 2.2821 2.2330 2.3941 2.5014 2.5033 2.4825 2.4870 2.4891 2.4892 2.4973 2.5012 2.5010 2.5128 2.5262 2.5276 2.5251 2.5215 2.5112 2.4969 2.4846 2.4807 2.4825 2.4807 2.4754 2.4709 2.4719 2.4772 2.4813 2.4813 2.4796 2.4845 2.4914 2.4886 2.4795 2.4698 2.4621 2.4557 2.4476 2.4316 2.4129 2.4110 2.4084 2.3856 2.3920 2.3870 2.2559 2.4696 3.3832 4.0412 3.8556 3.0429 2.3583 2.3764 2.5535 2.5848 2.6042 2.6195 2.6061 2.6094 2.6347 2.6466 2.6578 2.6839 2.7076 2.7179 2.7144 2.7063 2.7018 2.7012 2.7027 2.7014 2.6842 2.6568 2.6570 2.6686 2.6542 2.6514 2.6619 2.6125 2.5505 2.5605 2.5761 2.5567 2.5427 2.5422 2.5442 2.5436 2.5310 2.4940 2.4532 2.4325 2.4185 2.3933 2.3438 2.2772 2.0508
2.0576 1.9930 1.9569 1.9885 2.0243 2.0372 2.0310 2.0302 2.0418 2.0579 2.0549 2.0426 2.0505 2.0653 2.0726 2.0788 2.0894 2.1030 2.0995 2.0782 2.0755 2.0896 2.0978 2.1002 2.1051 2.1224 2.1394 2.1387 2.1327 2.1340 2.1454 2.1506 2.1354 2.1217 2.1160 2.1029 2.0934 2.1015 2.1152 2.1259 2.1307 2.1133 2.0802 2.0993 2.0749 1.8879 2.2286 3.2982 3.7058 3.1341 2.3182 1.8669 1.9577 2.0800 2.0943 2.1565 2.2260 2.2500 2.2513 2.2404 2.2197 2.2137 2.2304 2.2461 2.2529 2.2546 2.2580 2.2643 2.2680 2.2788 2.3042 2.3172 2.3135 2.3199 2.3300 2.3271 2.3160 2.3090 2.3193 2.3316 2.3325 2.3421 2.3629 2.3781 2.3896 2.4044 2.4251 2.4477 2.4641 2.4724 2.4680 2.4389 2.4048 2.3897 2.3136 2.2107 2.3626 2.9267 3.7962 4.2039 3.9722 4.0241 4.1109 3.5084 2.7293 2.2948 2.2887 2.4514 2.4702 2.4406 2.4463 2.4526 2.4566 2.4687 2.4791 2.4843 2.4918 2.4978 2.4971 2.4946 2.4916 2.4845 2.4715 2.4563 2.4525 2.4588 2.4608 2.4546 2.4461 2.4514 2.4659 2.4700 2.4644 2.4591 2.4678 2.4800 2.4741 2.4600 2.4489 2.4399 2.4321 2.4240 2.4105 2.3968 2.4008 2.4036 2.3846 2.3924 2.3855 2.2483 2.4559 3.3679 4.0272 3.8429 3.0296 2.3428 2.3588 2.5341 2.5632 2.5787 2.5942 2.5870 2.5905 2.6128 2.6329 2.6503 2.6690 2.6862 2.6971 2.6977 2.6928 2.6894 2.6928 2.7015 2.7063 2.6879 2.6520 2.6483 2.6579 2.6352 2.6302 2.6510 2.6128 2.5570 2.5666 2.5754 2.5495 2.5411 2.5501 2.5514 2.5438 2.5213 2.4704 2.4205 2.4037 2.3994 2.3786 2.3134 2.1717 1.8694
1.8745 1.9052 1.9290 1.9691 2.0002 2.0086 2.0049 2.0152 2.0350 2.0498 2.0486 2.0357 2.0263 2.0316 2.0487 2.0536 2.0516 2.0617 2.0643 2.0526 2.0539 2.0670 2.0737 2.0714 2.0677 2.0781 2.0949 2.1026 2.1051 2.1099 2.1216 2.1241 2.1051 2.0942 2.0974 2.0883 2.0734 2.0677 2.0653 2.0663 2.0760 2.0704 2.0445 2.0586 2.0288 1.8602 2.2340 3.3291 3.7300 3.1297 2.2966 1.8443 1.9423 2.0679 2.0799 2.1386 2.1979 2.2073 2.2092 2.2092 2.1918 2.1826 2.1943 2.2054 2.2097 2.2126 2.2228 2.2383 2.2443 2.2502 2.2694 2.2845 2.2904 2.3017 2.3098 2.3025 2.2892 2.2819 2.2888 2.2982 2.3000 2.3081 2.3234 2.3340 2.3459 2.3661 2.3882 2.4052 2.4137 2.4208 2.4239 2.3977 2.3601 2.3429 2.2713 2.1805 2.3469 2.9280 3.8148 4.2091 3.9650 4.1402 4.5566 4.3840 3.5559 2.5430 2.2091 2.3660 2.4085 2.3869 2.3938 2.4038 2.4135 2.4299 2.4463 2.4558 2.4562 2.4542 2.4556 2.4539 2.4482 2.4439 2.4350 2.4196 2.4155 2.4238 2.4287 2.4215 2.4074 2.4129 2.4321 2.4368 2.4304 2.4276 2.4425 2.4617 2.4593 2.4406 2.4177 2.3982 2.3852 2.3773 2.3685 2.3625 2.3758 2.3865 2.3715 2.3824 2.3793 2.2444 2.4477 3.3466 3.9951 3.8059 2.9870 2.3011 2.3289 2.5068 2.5255 2.5353 2.5557 2.5600 2.5661 2.5849 2.6129 2.6369 2.6482 2.6545 2.6608 2.6675 2.6730 2.6764 2.6787 2.6853 2.6978 2.6846 2.6426 2.6278 2.6289 2.6040 2.5949 2.6121 2.5923 2.5600 2.5690 2.5696 2.5420 2.5352 2.5419 2.5337 2.5244 2.5091 2.4573 2.4050 2.3948 2.3918 2.3598 2.2728 2.0757 1.7366
nan 1.8169 1.9047 1.9623 1.9978 2.0092 2.0124 2.0339 2.0606 2.0739 2.0719 2.0569 2.0367 2.0380 2.0635 2.0669 2.0566 2.0694 2.0772 2.0647 2.0637 2.0753 2.0815 2.0773 2.0697 2.0759 2.0930 2.1084 2.1182 2.1243 2.1320 2.1310 2.1146 2.1082 2.1134 2.1010 2.0799 2.0679 2.0576 2.0530 2.0677 2.0696 2.0431 2.0517 2.0235 1.8767 2.2722 3.3677 3.7520 3.1342 2.3018 1.8634 1.9748 2.0987 2.0983 2.1488 2.1997 2.1992 2.2010 2.2075 2.1921 2.1799 2.1876 2.2004 2.2098 2.2154 2.2261 2.2420 2.2499 2.2546 2.2666 2.2831 2.3002 2.3149 2.3187 2.3065 2.2898 2.2804 2.2848 2.2932 2.2966 2.3038 2.3155 2.3236 2.3359 2.3600 2.3888 2.4098 2.4125 2.4160 2.4250 2.4008 2.3592 2.3400 2.2702 2.1866 2.3691 2.9642 3.8464 4.2253 3.9762 4.1918 4.7513 4.8121 3.9893 2.6992 2.1900 2.3293 2.3876 2.3795 2.3908 2.4015 2.4105 2.4256 2.4433 2.4543 2.4492 2.4403 2.4402 2.4365 2.4274 2.4236 2.4186 2.4078 2.4062 2.4143 2.4175 2.4086 2.3936 2.3977 2.4167 2.4251 2.4233 2.4223 2.4351 2.4548 2.4622 2.4517 2.4273 2.4010 2.3808 2.3698 2.3643 2.3659 2.3842 2.3980 2.3882 2.4058 2.4079 2.2721 2.4654 3.3496 4.0031 3.8345 3.0148 2.3160 2.3397 2.5128 2.5234 2.5315 2.5567 2.5679 2.5774 2.5969 2.6282 2.6557 2.6667 2.6686 2.6719 2.6849 2.6989 2.7039 2.7002 2.7003 2.7163 2.7132 2.6783 2.6569 2.6481 2.6267 2.6133 2.6169 2.6122 2.6074 2.6190 2.6141 2.5868 2.5795 2.5824 2.5686 2.5564 2.5450 2.5044 2.4600 2.4446 2.4319 2.3868 2.2726 2.0276 1.6644
nan 1.7551 1.8776 1.9573 2.0094 2.0310 2.0387 2.0609 2.0848 2.0929 2.0886 2.0740 2.0538 2.0555 2.0821 2.0851 2.0772 2.0997 2.1093 2.0844 2.0719 2.0792 2.0861 2.0842 2.0780 2.0849 2.1028 2.1196 2.1297 2.1339 2.1378 2.1358 2.1242 2.1217 2.1248 2.1051 2.0798 2.0725 2.0665 2.0632 2.0811 2.0809 2.0439 2.0509 2.0364 1.9094 2.3108 3.3907 3.7622 3.1459 2.3251 1.9006 2.0187 2.1326 2.1133 2.1526 2.2002 2.1987 2.1973 2.2013 2.1891 2.1797 2.1890 2.2111 2.2314 2.2374 2.2389 2.2444 2.2535 2.2625 2.2699 2.2854 2.3082 2.3231 2.3222 2.3058 2.2860 2.2750 2.2802 2.2910 2.2968 2.3043 2.3147 2.3233 2.3354 2.3585 2.3941 2.4245 2.4259 2.4259 2.4380 2.4166 2.3754 2.3563 2.2856 2.2035 2.3994 3.0021 3.8649 4.2432 4.0040 4.1308 4.5272 4.4700 3.7068 2.6191 2.2073 2.3377 2.3946 2.3955 2.4124 2.4223 2.4257 2.4343 2.4487 2.4590 2.4503 2.4350 2.4284 2.4205 2.4093 2.4035 2.4005 2.3974 2.4009 2.4078 2.4068 2.3964 2.3842 2.3876 2.4046 2.4179 2.4216 2.4189 2.4220 2.4353 2.4542 2.4629 2.4524 2.4289 2.4031 2.3859 2.3802 2.3862 2.4023 2.4129 2.4094 2.4357 2.4409 2.2999 2.4851 3.3702 4.0510 3.9196 3.0966 2.3665 2.3641 2.5230 2.5300 2.5390 2.5657 2.5772 2.5888 2.6110 2.6415 2.6691 2.6842 2.6884 2.6932 2.7119 2.7281 2.7268 2.7150 2.7087 2.7210 2.7281 2.7140 2.6953 2.6791 2.6645 2.6506 2.6403 2.6409 2.6541 2.6721 2.6685 2.6435 2.6353 2.6383 2.6291 2.6123 2.5934 2.5721 2.5455 2.5141 2.4882 2.4408 2.3023 2.0192 1.6396
nan 1.6838 1.8075 1.9000 1.9617 1.9882 1.9945 2.0069 2.0128 2.0021 1.9953 1.9915 1.9770 1.9737 1.9889 1.9875 1.9819 2.0053 2.0161 1.9916 1.9716 1.9740 1.9918 1.9938 1.9750 1.9737 1.9888 1.9994 1.9998 1.9962 2.0030 2.0078 1.9974 1.9990 2.0112 1.9978 1.9768 1.9748 1.9730 1.9704 1.9848 1.9784 1.9375 1.9525 1.9519 1.8288 2.2427 3.3561 3.7572 3.1463 2.3007 1.8433 1.9402 2.0427 2.0130 2.0356 2.0751 2.0795 2.0778 2.0792 2.0770 2.0776 2.0883 2.1121 2.1355 2.1407 2.1325 2.1250 2.1359 2.1533 2.1595 2.1686 2.1861 2.2003 2.2009 2.1852 2.1684 2.1621 2.1686 2.1787 2.1845 2.1925 2.2047 2.2168 2.2307 2.2509 2.2820 2.3095 2.3110 2.3127 2.3273 2.3118 2.2784 2.2647 2.1945 2.1121 2.3189 2.9377 3.8109 4.2192 4.0037 4.0321 4.1576 3.7514 3.0126 2.3564 2.1682 2.2762 2.3132 2.3117 2.3275 2.3413 2.3479 2.3530 2.3654 2.3760 2.3611 2.3373 2.3270 2.3182 2.3062 2.2981 2.2955 2.2974 2.3034 2.3100 2.3115 2.3026 2.2883 2.2923 2.3116 2.3236 2.3246 2.3200 2.3192 2.3295 2.3523 2.3717 2.3740 2.3583 2.3337 2.3137 2.3046 2.3079 2.3187 2.3263 2.3280 2.3587 2.3636 2.2254 2.4302 3.3559 4.0634 3.9247 3.0690 2.3019 2.2768 2.4230 2.4216 2.4243 2.4487 2.4623 2.4718 2.4892 2.5212 2.5493 2.5579 2.5583 2.5657 2.5890 2.6049 2.5967 2.5811 2.5714 2.5734 2.5830 2.5897 2.5790 2.5599 2.5517 2.5460 2.5368 2.5328 2.5431 2.5676 2.5757 2.5598 2.5509 2.5550 2.5594 2.5430 2.5144 2.5128 2.5098 2.4723 2.4483 2.4172 2.2750 1.9863 1.6253
nan 1.6104 1.7229 1.8250 1.8884 1.9133 1.9157 1.9163 1.9039 1.8777 1.8775 1.8951 1.8906 1.8804 1.8803 1.8760 1.8713 1.8801 1.8901 1.8862 1.8642 1.8570 1.8940 1.9026 1.8601 1.8440 1.8566 1.8605 1.8483 1.8340 1.8451 1.8585 1.8468 1.8509 1.8736 1.8672 1.8484 1.8484 1.8531 1.8569 1.8657 1.8547 1.8231 1.8499 1.8493 1.7082 2.1247 3.2842 3.7318 3.1342 2.2571 1.7473 1.8027 1.8961 1.8707 1.8757 1.9010 1.9117 1.9124 1.9137 1.9237 1.9346 1.9431 1.9575 1.9735 1.9795 1.9697 1.9559 1.9677 1.9912 1.9990 1.9988 2.0017 2.0130 2.0197 2.0107 2.0043 2.0081 2.0129 2.0172 2.0234 2.0353 2.0516 2.0670 2.0831 2.1020 2.1210 2.1333 2.1332 2.1394 2.1573 2.1528 2.1383 2.1426 2.0820 1.9978 2.1978 2.8157 3.7055 4.1491 3.9638 3.9548 3.8695 3.0882 2.3359 2.1071 2.1291 2.1958 2.2108 2.2051 2.2129 2.2357 2.2535 2.2515 2.2593 2.2740 2.2548 2.2253 2.2174 2.2087 2.1938 2.1901 2.1932 2.1938 2.1929 2.1960 2.2068 2.2055 2.1873 2.1933 2.2170 2.2181 2.2084 2.2058 2.2092 2.2200 2.2399 2.2549 2.2549 2.2438 2.2277 2.2125 2.2014 2.1974 2.2028 2.2102 2.2151 2.2445 2.2459 2.1184 2.3544 3.3188 4.0234 3.8403 2.9580 2.1844 2.1525 2.2901 2.2775 2.2659 2.2871 2.3131 2.3198 2.3223 2.3593 2.3905 2.3809 2.3704 2.3819 2.4105 2.4248 2.4100 2.3966 2.3905 2.3805 2.3828 2.4007 2.4039 2.3901 2.3780 2.3816 2.3949 2.3875 2.3801 2.4071 2.4308 2.4272 2.4153 2.4183 2.4414 2.4291 2.3865 2.3939 2.4110 2.3793 2.3628 2.3451 2.2088 1.9360 1.6117
nan 1.5967 1.7337 1.8726 1.9515 1.9815 1.9872 1.9919 1.9973 2.0065 2.0389 2.0790 2.0918 2.0912 2.0969 2.1094 2.1139 2.0980 2.0997 2.1204 2.0896 2.0575 2.1068 2.1301 2.0827 2.0675 2.0896 2.1013 2.0919 2.0733 2.0720 2.0770 2.0704 2.0707 2.0681 2.0224 1.9746 1.9774 2.0110 2.0473 2.0640 2.0556 2.0394 2.0632 2.0349 1.8582 2.2062 3.2680 3.6803 3.1314 2.3359 1.8680 1.9020 1.9875 1.9761 1.9763 1.9897 1.9961 1.9941 1.9921 1.9997 2.0071 2.0092 2.0138 2.0239 2.0361 2.0390 2.0345 2.0424 2.0586 2.0681 2.0641 2.0535 2.0545 2.0608 2.0617 2.0686 2.0788 2.0750 2.0725 2.0894 2.1147 2.1363 2.1476 2.1605 2.1835 2.2029 2.2092 2.2034 2.2066 2.2277 2.2412 2.2607 2.3072 2.2755 2.1844 2.3272 2.8557 3.6648 4.0770 3.9144 3.9289 3.7968 2.8908 2.1903 2.2104 2.3216 2.3443 2.3710 2.3857 2.3883 2.4190 2.4373 2.4013 2.3876 2.4115 2.4052 2.3857 2.3839 2.3648 2.3380 2.3565 2.3845 2.3769 2.3524 2.3386 2.3549 2.3698 2.3629 2.3723 2.3886 2.3724 2.3557 2.3632 2.3667 2.3699 2.3923 2.3984 2.3716 2.3505 2.3454 2.3448 2.3410 2.3348 2.3370 2.3438 2.3506 2.3772 2.3733 2.2501 2.4633 3.3486 3.9880 3.8118 3.0176 2.3283 2.3005 2.4257 2.4139 2.3911 2.4136 2.4703 2.4836 2.4674 2.5078 2.5445 2.5207 2.5052 2.5275 2.5655 2.5758 2.5470 2.5380 2.5471 2.5337 2.5230 2.5390 2.5677 2.5728 2.5306 2.5234 2.5753 2.5883 2.5746 2.5957 2.6211 2.6203 2.5969 2.5938 2.6350 2.6189 2.5423 2.5340 2.5539 2.5194 2.4755 2.4136 2.2487 1.9620 1.6235
1.5529 1.6763 1.9047 2.1323 2.2554 2.2998 2.3114 2.3348 2.3917 2.4770 2.5490 2.5918 2.6154 2.6390 2.6746 2.7162 2.7307 2.6919 2.6820 2.7161 2.6705 2.6076 2.6550 2.6956 2.6691 2.6736 2.7090 2.7264 2.7276 2.7193 2.7016 2.6883 2.6896 2.6816 2.6338 2.5281 2.4393 2.4452 2.5162 2.5961 2.6293 2.6277 2.6242 2.6321 2.5666 2.3603 2.5703 3.3613 3.6419 3.1927 2.6214 2.3131 2.3520 2.4232 2.4253 2.4344 2.4441 2.4381 2.4256 2.4147 2.4089 2.4020 2.3934 2.3941 2.4072 2.4288 2.4483 2.4591 2.4624 2.4652 2.4716 2.4681 2.4530 2.4423 2.4429 2.4547 2.4719 2.4807 2.4665 2.4608 2.4921 2.5319 2.5563 2.5597 2.5671 2.5966 2.6274 2.6414 2.6334 2.6297 2.6495 2.6798 2.7356 2.8282 2.8325 2.7340 2.7780 3.1269 3.7380 4.0355 3.8806 3.9553 3.9347 3.2097 2.6648 2.7438 2.8240 2.8104 2.8745 2.9248 2.9234 2.9544 2.9618 2.8806 2.8365 2.8678 2.8853 2.8873 2.8908 2.8551 2.8140 2.8615 2.9220 2.9059 2.8539 2.8178 2.8315 2.8631 2.8793 2.8918 2.8910 2.8589 2.8429 2.8640 2.8616 2.8507 2.8815 2.8824 2.8220 2.7863 2.7918 2.8057 2.8131 2.8131 2.8166 2.8236 2.8322 2.8572 2.8494 2.7205 2.8415 3.5034 4.0056 3.9026 3.3311 2.8297 2.8182 2.9234 2.9217 2.8923 2.9170 3.0091 3.0359 3.0024 3.0350 3.0706 3.0427 3.0313 3.0670 3.1167 3.1248 3.0826 3.0785 3.1062 3.0968 3.0715 3.0734 3.1295 3.1615 3.0799 3.0431 3.1242 3.1770 3.1812 3.1901 3.1984 3.1887 3.1529 3.1435 3.1930 3.1640 3.0452 3.0016 3.0081 2.9709 2.8862 2.7428 2.5028 2.1298 1.6773
1.6122 1.8448 2.2386 2.6186 2.8190 2.8769 2.8769 2.9111 3.0079 3.1369 3.1995 3.1932 3.1913 3.2279 3.2968 3.3449 3.3440 3.3021 3.2906 3.3156 3.2647 3.1958 3.2291 3.2731 3.2739 3.2975 3.3199 3.2924 3.2773 3.2988 3.3066 3.2994 3.2946 3.2825 3.2431 3.1598 3.0883 3.0911 3.1580 3.2399 3.2719 3.2685 3.2660 3.2697 3.2087 3.0213 3.0963 3.5642 3.7001 3.3994 3.1151 3.0022 3.0395 3.0755 3.0771 3.0957 3.1117 3.1021 3.0752 3.0516 3.0475 3.0369 3.0142 3.0168 3.0431 3.0688 3.0812 3.0838 3.0952 3.1050 3.0966 3.0856 3.0802 3.0743 3.0785 3.1010 3.1196 3.1205 3.1081 3.1068 3.1331 3.1639 3.1831 3.1905 3.2026 3.2304 3.2590 3.2789 3.2894 3.2931 3.2991 3.3271 3.3915 3.4814 3.4931 3.3998 3.3583 3.5164 3.8916 4.0400 3.8781 4.0044 4.1316 3.6998 3.3723 3.4796 3.5229 3.4837 3.5553 3.6087 3.5902 3.6084 3.6129 3.5322 3.4814 3.5030 3.5260 3.5376 3.5401 3.5034 3.4656 3.5148 3.5769 3.5649 3.5164 3.4794 3.4859 3.5157 3.5403 3.5530 3.5443 3.5102 3.4976 3.5218 3.5174 3.5025 3.5346 3.5387 3.4831 3.4602 3.4757 3.4825 3.4854 3.4944 3.5076 3.5204 3.5322 3.5581 3.5510 3.4166 3.4189 3.7942 4.1063 4.0722 3.7737 3.5192 3.5443 3.6233 3.6190 3.5788 3.5929 3.6899 3.7207 3.6752 3.6756 3.6857 3.6580 3.6515 3.6893 3.7454 3.7641 3.7329 3.7342 3.7625 3.7518 3.7138 3.6955 3.7538 3.8031 3.7243 3.6661 3.7228 3.7997 3.8425 3.8418 3.8240 3.8047 3.7773 3.7742 3.8097 3.7682 3.6412 3.5695 3.5635 3.5639 3.5128 3.3505 3.0166 2.4606 1.7786
1.6758 2.0086 2.5435 3.0518 3.3174 3.3764 3.3498 3.3805 3.4842 3.5998 3.6110 3.5326 3.4793 3.5074 3.5956 3.6256 3.5925 3.5680 3.5640 3.5596 3.5149 3.4689 3.4845 3.5157 3.5335 3.5638 3.5521 3.4507 3.4004 3.4577 3.5226 3.5425 3.5158 3.5047 3.5273 3.5416 3.5384 3.5322 3.5552 3.5979 3.6122 3.5992 3.5845 3.5972 3.5801 3.4527 3.4732 3.7442 3.8035 3.6216 3.5309 3.5358 3.5530 3.5464 3.5340 3.5561 3.5850 3.5849 3.5449 3.5085 3.5255 3.5286 3.4944 3.5021 3.5444 3.5660 3.5467 3.5160 3.5463 3.5847 3.5555 3.5293 3.5422 3.5583 3.5780 3.6081 3.6199 3.6120 3.6147 3.6236 3.6261 3.6286 3.6388 3.6612 3.6865 3.7041 3.7136 3.7305 3.7722 3.7945 3.7775 3.7879 3.8364 3.8798 3.8668 3.7879 3.7151 3.7718 4.0124 4.0728 3.9009 4.0401 4.2422 3.9987 3.8291 3.9827 4.0285 3.9750 4.0164 4.0391 3.9971 3.9966 4.0101 3.9758 3.9438 3.9418 3.9494 3.9558 3.9542 3.9341 3.9147 3.9354 3.9660 3.9683 3.9518 3.9350 3.9352 3.9470 3.9601 3.9702 3.9676 3.9451 3.9345 3.9493 3.9500 3.9458 3.9693 3.9814 3.9675 3.9804 4.0005 3.9798 3.9630 3.9803 4.0071 4.0280 4.0422 4.0698 4.0669 3.9325 3.8611 4.0506 4.2239 4.2099 4.0829 3.9981 4.0538 4.1107 4.0933 4.0433 4.0385 4.1070 4.1298 4.0826 4.0413 4.0123 3.9864 3.9798 4.0053 4.0615 4.1006 4.0985 4.1027 4.1133 4.0952 4.0519 4.0190 4.0585 4.1116 4.0750 4.0130 4.0050 4.0775 4.1585 4.1560 4.1173 4.0937 4.0954 4.1118 4.1164 4.0664 3.9688 3.8930 3.8850 3.9451 3.9822 3.8745 3.4948 2.7874 1.9044
1.6924 1.9941 2.4506 2.8837 3.1113 3.1481 3.1053 3.1298 3.2134 3.2875 3.2762 3.1906 3.1115 3.1162 3.1990 3.2182 3.1797 3.1762 3.1721 3.1354 3.0961 3.0772 3.0858 3.1009 3.1135 3.1353 3.1101 2.9974 2.9446 3.0121 3.0980 3.1244 3.0748 3.0621 3.1246 3.1904 3.2183 3.2049 3.2000 3.2176 3.2273 3.2107 3.1781 3.1897 3.1982 3.1143 3.2329 3.6490 3.7693 3.5286 3.3212 3.2350 3.2267 3.2099 3.1853 3.2058 3.2455 3.2586 3.2129 3.1693 3.2073 3.2314 3.2000 3.2109 3.2566 3.2692 3.2210 3.1598 3.2016 3.2643 3.2269 3.1910 3.2148 3.2531 3.2896 3.3195 3.3241 3.3158 3.3337 3.3510 3.3371 3.3247 3.3353 3.3669 3.3969 3.4061 3.3996 3.4073 3.4597 3.4862 3.4521 3.4555 3.5012 3.5179 3.4786 3.4035 3.3751 3.5307 3.9206 4.0857 3.9221 4.0240 4.1456 3.7709 3.5120 3.6581 3.7143 3.6555 3.6731 3.6784 3.6335 3.6279 3.6493 3.6486 3.6316 3.6142 3.6102 3.6153 3.6183 3.6133 3.6021 3.5941 3.5952 3.6043 3.6073 3.6038 3.6051 3.6069 3.6062 3.6139 3.6214 3.6100 3.5978 3.6011 3.6108 3.6225 3.6362 3.6490 3.6644 3.6943 3.7054 3.6612 3.6312 3.6542 3.6863 3.7059 3.7155 3.7411 3.7400 3.6116 3.6028 3.9381 4.2025 4.1480 3.8887 3.6814 3.7032 3.7612 3.7461 3.7064 3.6971 3.7354 3.7504 3.7172 3.6669 3.6251 3.6032 3.5891 3.5970 3.6525 3.7043 3.7131 3.7110 3.7070 3.6886 3.6544 3.6284 3.6635 3.7171 3.7041 3.6453 3.6047 3.6560 3.7377 3.7422 3.7045 3.6825 3.7117 3.7479 3.7281 3.6702 3.6034 3.5521 3.5529 3.6179 3.6691 3.6066 3.3284 2.7693 2.0049
1.6684 1.8359 2.0407 2.2377 2.3457 2.3492 2.3113 2.3340 2.3865 2.4169 2.4250 2.4000 2.3365 2.3187 2.3761 2.3980 2.3818 2.3896 2.3786 2.3275 2.2930 2.2906 2.3026 2.3049 2.2951 2.2995 2.2881 2.2307 2.2090 2.2571 2.3165 2.3244 2.2631 2.2463 2.3036 2.3470 2.3531 2.3379 2.3345 2.3525 2.3724 2.3597 2.3126 2.3119 2.3112 2.2282 2.5347 3.3423 3.6231 3.1874 2.6282 2.3007 2.2803 2.2913 2.2601 2.2734 2.3147 2.3358 2.2954 2.2548 2.2999 2.3381 2.3217 2.3317 2.3659 2.3706 2.3140 2.2429 2.2813 2.3489 2.3205 2.2876 2.3100 2.3570 2.4008 2.4236 2.4254 2.4252 2.4507 2.4702 2.4554 2.4486 2.4682 2.4976 2.5208 2.5267 2.5162 2.5153 2.5539 2.5689 2.5326 2.5426 2.6000 2.6254 2.5771 2.4989 2.5640 2.9542 3.6836 4.0760 3.9270 3.9729 3.9255 3.1901 2.6497 2.7338 2.7961 2.7413 2.7561 2.7690 2.7431 2.7459 2.7677 2.7705 2.7573 2.7413 2.7367 2.7455 2.7595 2.7603 2.7438 2.7227 2.7122 2.7172 2.7177 2.7139 2.7217 2.7259 2.7185 2.7264 2.7428 2.7375 2.7225 2.7185 2.7357 2.7596 2.7665 2.7714 2.7875 2.8063 2.7999 2.7500 2.7202 2.7402 2.7628 2.7686 2.7657 2.7847 2.7823 2.6642 2.8191 3.5450 4.0763 3.9452 3.3287 2.7795 2.7227 2.8044 2.8064 2.7919 2.7945 2.8168 2.8305 2.8223 2.7996 2.7777 2.7626 2.7379 2.7296 2.7823 2.8310 2.8258 2.8144 2.8124 2.8048 2.7894 2.7844 2.8299 2.8809 2.8610 2.8109 2.7867 2.8144 2.8621 2.8773 2.8598 2.8440 2.8849 2.9301 2.9024 2.8409 2.7919 2.7777 2.7904 2.8050 2.7884 2.7333 2.6508 2.4648 2.0700
nan 1.7642 1.8170 1.8689 1.9024 1.8958 1.8779 1.9060 1.9392 1.9442 1.9677 1.9926 1.9655 1.9486 1.9808 1.9982 1.9926 1.9937 1.9859 1.9610 1.9421 1.9410 1.9531 1.9461 1.9168 1.9090 1.9112 1.8948 1.8894 1.9113 1.9413 1.9378 1.8845 1.8687 1.9066 1.9194 1.9054 1.8936 1.8929 1.9048 1.9231 1.9119 1.8634 1.8590 1.8398 1.7225 2.1217 3.1834 3.5875 3.0393 2.2401 1.7559 1.7593 1.8071 1.7672 1.7662 1.7956 1.8124 1.7888 1.7644 1.7953 1.8249 1.8206 1.8262 1.8452 1.8512 1.8128 1.7580 1.7810 1.8311 1.8207 1.8031 1.8178 1.8517 1.8839 1.8988 1.9035 1.9117 1.9352 1.9502 1.9399 1.9407 1.9630 1.9858 2.0006 2.0050 1.9993 1.9997 2.0252 2.0351 2.0127 2.0242 2.0746 2.1115 2.0761 2.0135 2.1514 2.6870 3.5979 4.0852 3.9141 3.9535 3.8507 2.8950 2.1625 2.2006 2.2743 2.2345 2.2525 2.2739 2.2647 2.2712 2.2869 2.2873 2.2821 2.2781 2.2729 2.2758 2.2904 2.2919 2.2749 2.2569 2.2482 2.2493 2.2472 2.2441 2.2533 2.2579 2.2506 2.2630 2.2873 2.2882 2.2752 2.2698 2.2870 2.3111 2.3144 2.3122 2.3178 2.3205 2.3062 2.2701 2.2449 2.2446 2.2427 2.2280 2.2084 2.2188 2.2163 2.1102 2.3764 3.3559 4.0567 3.8691 3.0116 2.2425 2.1550 2.2636 2.2713 2.2682 2.2810 2.3010 2.3193 2.3323 2.3411 2.3453 2.3395 2.3112 2.2925 2.3327 2.3646 2.3431 2.3368 2.3570 2.3672 2.3644 2.3660 2.4032 2.4393 2.4163 2.3865 2.3904 2.4068 2.4264 2.4461 2.4463 2.4382 2.4711 2.5061 2.4828 2.4327 2.3969 2.3988 2.4114 2.3935 2.3365 2.2803 2.2938 2.3093 2.1283
1.7061 1.8314 1.8834 1.9301 1.9600 1.9689 1.9776 2.0161 2.0478 2.0498 2.0710 2.1075 2.1184 2.1250 2.1436 2.1478 2.1349 2.1223 2.1294 2.1523 2.1537 2.1436 2.1487 2.1359 2.0993 2.0875 2.0900 2.0744 2.0597 2.0619 2.0769 2.0763 2.0437 2.0333 2.0541 2.0551 2.0411 2.0341 2.0268 2.0207 2.0254 2.0117 1.9703 1.9702 1.9358 1.7737 2.1460 3.2329 3.6766 3.1399 2.3036 1.8068 1.8598 1.9380 1.8900 1.8736 1.8828 1.8835 1.8778 1.8744 1.8802 1.8860 1.8865 1.8882 1.8965 1.9089 1.9012 1.8782 1.8841 1.9058 1.9116 1.9123 1.9183 1.9282 1.9399 1.9511 1.9608 1.9711 1.9852 1.9928 1.9882 1.9917 2.0079 2.0231 2.0319 2.0344 2.0367 2.0462 2.0670 2.0819 2.0816 2.0863 2.1102 2.1480 2.1354 2.1021 2.2712 2.8189 3.6972 4.1159 3.8890 3.9702 3.9455 2.9907 2.2274 2.2549 2.3430 2.3221 2.3416 2.3638 2.3609 2.3638 2.3714 2.3728 2.3799 2.3899 2.3827 2.3726 2.3764 2.3765 2.3680 2.3633 2.3637 2.3663 2.3692 2.3724 2.3766 2.3765 2.3747 2.3936 2.4223 2.4285 2.4214 2.4190 2.4298 2.4443 2.4466 2.4431 2.4404 2.4339 2.4225 2.4070 2.3843 2.3548 2.3245 2.2895 2.2517 2.2522 2.2516 2.1558 2.4402 3.4419 4.1490 3.9427 3.0513 2.2677 2.2052 2.3292 2.3282 2.3224 2.3402 2.3656 2.3902 2.4134 2.4389 2.4599 2.4647 2.4428 2.4224 2.4461 2.4592 2.4324 2.4437 2.4917 2.5167 2.5163 2.5101 2.5222 2.5363 2.5235 2.5175 2.5366 2.5521 2.5630 2.5810 2.5904 2.5897 2.6015 2.6127 2.5996 2.5728 2.5494 2.5431 2.5431 2.5282 2.4842 2.4309 2.4138 2.3918 2.1930
1.7700 1.9237 1.9749 2.0188 2.0492 2.0737 2.1051 2.1528 2.1905 2.2024 2.2194 2.2510 2.2858 2.3170 2.3370 2.3355 2.3206 2.3139 2.3351 2.3742 2.3797 2.3621 2.3585 2.3438 2.3109 2.2959 2.2877 2.2599 2.2336 2.2254 2.2316 2.2318 2.2125 2.2037 2.2113 2.2079 2.1970 2.1891 2.1740 2.1575 2.1588 2.1455 2.1022 2.0955 2.0486 1.8681 2.2156 3.2777 3.7161 3.1934 2.3758 1.9076 1.9980 2.0985 2.0545 2.0338 2.0280 2.0092 2.0038 2.0082 2.0023 1.9967 1.9997 2.0050 2.0118 2.0211 2.0265 2.0266 2.0284 2.0345 2.0433 2.0485 2.0489 2.0507 2.0590 2.0736 2.0831 2.0852 2.0886 2.0929 2.0961 2.1028 2.1127 2.1200 2.1224 2.1221 2.1284 2.1425 2.1588 2.1758 2.1895 2.1905 2.1973 2.2317 2.2262 2.2034 2.3868 2.9350 3.7766 4.1350 3.8633 3.9713 4.0135 3.0957 2.3396 2.3631 2.4561 2.4437 2.4630 2.4850 2.4855 2.4884 2.4933 2.4932 2.5030 2.5188 2.5163 2.5042 2.4988 2.4967 2.4971 2.5047 2.5148 2.5229 2.5334 2.5430 2.5429 2.5403 2.5466 2.5690 2.5940 2.5984 2.5940 2.5953 2.6007 2.6065 2.6096 2.6110 2.6099 2.6015 2.5892 2.5774 2.5510 2.5068 2.4643 2.4171 2.3606 2.3492 2.3497 2.2588 2.5322 3.4968 4.1738 3.9684 3.1086 2.3598 2.3082 2.4283 2.4229 2.4236 2.4517 2.4810 2.5059 2.5282 2.5530 2.5770 2.5912 2.5823 2.5705 2.5905 2.6012 2.5836 2.6057 2.6587 2.6816 2.6812 2.6782 2.6808 2.6841 2.6801 2.6813 2.6930 2.7021 2.7116 2.7305 2.7475 2.7532 2.7474 2.7383 2.7336 2.7269 2.7143 2.6989 2.6863 2.6756 2.6462 2.5965 2.5458 2.4817 2.2598
1.8259 1.9747 1.9868 1.9978 2.0185 2.0521 2.0958 2.1421 2.1826 2.2119 2.2329 2.2572 2.2979 2.3437 2.3765 2.3830 2.3798 2.3962 2.4238 2.4440 2.4402 2.4225 2.4108 2.3967 2.3756 2.3563 2.3323 2.2955 2.2652 2.2523 2.2487 2.2422 2.2261 2.2136 2.2089 2.2016 2.1899 2.1750 2.1542 2.1390 2.1473 2.1354 2.0793 2.0557 2.0003 1.8282 2.1901 3.2559 3.6744 3.1281 2.3191 1.8723 1.9758 2.0899 2.0607 2.0490 2.0406 2.0085 1.9896 1.9872 1.9833 1.9809 1.9858 1.9987 2.0096 2.0090 2.0095 2.0178 2.0266 2.0323 2.0340 2.0321 2.0317 2.0418 2.0616 2.0818 2.0859 2.0759 2.0726 2.0787 2.0887 2.0988 2.1054 2.1058 2.1024 2.1004 2.1058 2.1170 2.1278 2.1415 2.1570 2.1591 2.1641 2.1949 2.1804 2.1478 2.3397 2.9117 3.7738 4.1327 3.8441 3.9472 3.9957 3.0786 2.3197 2.3412 2.4329 2.4195 2.4380 2.4611 2.4653 2.4730 2.4800 2.4768 2.4800 2.4928 2.4992 2.4963 2.4887 2.4847 2.4895 2.5036 2.5205 2.5351 2.5517 2.5656 2.5665 2.5674 2.5811 2.6022 2.6181 2.6173 2.6130 2.6166 2.6213 2.6250 2.6298 2.6362 2.6400 2.6308 2.6099 2.5841 2.5487 2.5055 2.4668 2.4169 2.3462 2.3243 2.3244 2.2326 2.4957 3.4402 4.1087 3.9160 3.0795 2.3409 2.2725 2.3775 2.3752 2.3917 2.4329 2.4619 2.4822 2.4988 2.5129 2.5309 2.5520 2.5579 2.5600 2.5866 2.6079 2.6075 2.6290 2.6650 2.6752 2.6770 2.6881 2.6983 2.7032 2.7038 2.6991 2.6904 2.6843 2.6905 2.7137 2.7363 2.7434 2.7326 2.7194 2.7204 2.7245 2.7195 2.6999 2.6779 2.6636 2.6382 2.5947 2.5445 2.4936 2.2978
1.8347 1.9661 1.9624 1.9691 2.0004 2.0467 2.0897 2.1133 2.1439 2.1960 2.2323 2.2530 2.2880 2.3369 2.3849 2.4107 2.4261 2.4567 2.4818 2.4862 2.4826 2.4724 2.4527 2.4391 2.4330 2.4118 2.3753 2.3374 2.3075 2.2870 2.2687 2.2529 2.2411 2.2240 2.2025 2.1892 2.1762 2.1529 2.1279 2.1152 2.1232 2.1041 2.0358 2.0026 1.9449 1.7786 2.1568 3.2395 3.6430 3.0682 2.2672 1.8377 1.9415 2.0597 2.0447 2.0487 2.0513 2.0219 1.9973 1.9866 1.9789 1.9755 1.9799 1.9929 2.0038 2.0026 2.0038 2.0146 2.0260 2.0320 2.0311 2.0283 2.0307 2.0446 2.0656 2.0827 2.0825 2.0704 2.0691 2.0775 2.0868 2.0958 2.1010 2.0973 2.0921 2.0930 2.0976 2.1041 2.1121 2.1238 2.1361 2.1367 2.1415 2.1703 2.1510 2.1129 2.3053 2.8836 3.7528 4.1194 3.8343 3.9250 3.9549 3.0327 2.2826 2.3190 2.4200 2.4091 2.4277 2.4523 2.4597 2.4689 2.4766 2.4741 2.4740 2.4817 2.4906 2.4939 2.4892 2.4850 2.4886 2.5035 2.5234 2.5419 2.5609 2.5777 2.5868 2.5968 2.6142 2.6310 2.6411 2.6429 2.6430 2.6472 2.6557 2.6647 2.6699 2.6714 2.6666 2.6473 2.6149 2.5760 2.5318 2.4872 2.4521 2.4049 2.3315 2.3071 2.3067 2.2108 2.4618 3.3906 4.0653 3.8978 3.0683 2.3201 2.2422 2.3416 2.3390 2.3606 2.4054 2.4321 2.4514 2.4683 2.4777 2.4917 2.5166 2.5332 2.5449 2.5705 2.5941 2.6048 2.6227 2.6448 2.6539 2.6619 2.6771 2.6867 2.6922 2.7010 2.6994 2.6810 2.6598 2.6562 2.6808 2.6993 2.6966 2.6955 2.7017 2.7100 2.7180 2.7156 2.6871 2.6543 2.6425 2.6325 2.6043 2.5489 2.4752 2.2597
1.8002 1.9216 1.9394 1.9744 2.0298 2.0873 2.1213 2.1158 2.1318 2.2025 2.2561 2.2776 2.3034 2.3482 2.4067 2.4525 2.4838 2.5135 2.5327 2.5395 2.5502 2.5525 2.5284 2.5135 2.5169 2.4956 2.4547 2.4209 2.3924 2.3629 2.3298 2.3065 2.3005 2.2793 2.2404 2.2186 2.2026 2.1722 2.1427 2.1274 2.1250 2.0946 2.0224 1.9900 1.9340 1.7694 2.1573 3.2545 3.6446 3.0450 2.2532 1.8398 1.9402 2.0566 2.0506 2.0706 2.0910 2.0761 2.0584 2.0454 2.0281 2.0187 2.0223 2.0275 2.0323 2.0402 2.0507 2.0610 2.0675 2.0709 2.0743 2.0782 2.0839 2.0928 2.1031 2.1104 2.1097 2.1055 2.1099 2.1176 2.1209 2.1263 2.1318 2.1272 2.1233 2.1293 2.1351 2.1388 2.1467 2.1578 2.1662 2.1620 2.1635 2.1923 2.1772 2.1436 2.3298 2.8904 3.7406 4.1051 3.8327 3.9168 3.9282 3.0039 2.2708 2.3340 2.4549 2.4526 2.4725 2.4982 2.5079 2.5148 2.5205 2.5218 2.5241 2.5293 2.5339 2.5365 2.5366 2.5336 2.5328 2.5440 2.5636 2.5846 2.6044 2.6238 2.6454 2.6665 2.6836 2.6955 2.7053 2.7173 2.7258 2.7301 2.7422 2.7574 2.7598 2.7476 2.7228 2.6872 2.6455 2.6021 2.5527 2.5016 2.4655 2.4228 2.3549 2.3325 2.3297 2.2293 2.4710 3.3876 4.0724 3.9292 3.0936 2.3294 2.2579 2.3639 2.3562 2.3699 2.4083 2.4322 2.4548 2.4789 2.4935 2.5089 2.5335 2.5543 2.5690 2.5853 2.6010 2.6139 2.6278 2.6451 2.6661 2.6840 2.6929 2.6918 2.6930 2.7090 2.7189 2.7066 2.6796 2.6656 2.6852 2.6911 2.6738 2.6907 2.7267 2.7410 2.7454 2.7396 2.7012 2.6620 2.6607 2.6750 2.6660 2.5939 2.4631 2.1923
1.7600 1.8940 1.9449 2.0006 2.0590 2.1099 2.1364 2.1285 2.1448 2.2160 2.2715 2.2942 2.3168 2.3583 2.4177 2.4687 2.5027 2.5260 2.5456 2.5680 2.5965 2.6117 2.5937 2.5759 2.5713 2.5491 2.5126 2.4809 2.4518 2.4200 2.3836 2.3577 2.3504 2.3253 2.2783 2.2467 2.2226 2.1872 2.1506 2.1246 2.1121 2.0800 2.0163 1.9866 1.9309 1.7832 2.1900 3.2860 3.6461 3.0136 2.2269 1.8291 1.9284 2.0434 2.0431 2.0737 2.1065 2.1034 2.0961 2.0892 2.0719 2.0640 2.0712 2.0693 2.0663 2.0809 2.0957 2.0996 2.1007 2.1042 2.1114 2.1186 2.1239 2.1284 2.1322 2.1348 2.1371 2.1396 2.1420 2.1432 2.1441 2.1511 2.1592 2.1557 2.1519 2.1589 2.1670 2.1722 2.1780 2.1861 2.1923 2.1841 2.1816 2.2111 2.2019 2.1736 2.3502 2.8923 3.7320 4.0982 3.8347 3.9215 3.9266 2.9933 2.2633 2.3444 2.4822 2.4890 2.5109 2.5373 2.5485 2.5547 2.5588 2.5607 2.5656 2.5726 2.5742 2.5740 2.5764 2.5748 2.5710 2.5762 2.5939 2.6206 2.6450 2.6682 2.7000 2.7284 2.7429 2.7521 2.7647 2.7849 2.8002 2.8051 2.8144 2.8244 2.8187 2.7941 2.7547 2.7098 2.6659 2.6246 2.5754 2.5213 2.4855 2.4462 2.3806 2.3542 2.3433 2.2409 2.4852 3.4031 4.0900 3.9473 3.1034 2.3343 2.2722 2.3850 2.3734 2.3783 2.4090 2.4304 2.4556 2.4868 2.5112 2.5304 2.5495 2.5676 2.5829 2.5941 2.6050 2.6172 2.6247 2.6369 2.6678 2.6967 2.7055 2.7000 2.6952 2.7046 2.7159 2.7156 2.7004 2.6885 2.6964 2.6887 2.6684 2.6980 2.7475 2.7577 2.7492 2.7343 2.6990 2.6704 2.6793 2.7054 2.7050 2.6268 2.4794 2.2084
1.7339 1.8935 1.9675 2.0253 2.0693 2.1019 2.1232 2.1361 2.1679 2.2274 2.2712 2.2943 2.3237 2.3666 2.4171 2.4591 2.4863 2.5033 2.5276 2.5666 2.6069 2.6322 2.6313 2.6135 2.5898 2.5649 2.5378 2.5064 2.4763 2.4487 2.4184 2.3918 2.3730 2.3420 2.2965 2.2579 2.2248 2.1874 2.1440 2.1053 2.0870 2.0611 2.0106 1.9814 1.9247 1.8047 2.2347 3.3152 3.6352 2.9694 2.1867 1.8027 1.9010 2.0147 2.0194 2.0578 2.0975 2.0997 2.1004 2.1038 2.0958 2.0956 2.1071 2.1018 2.0940 2.1103 2.1233 2.1192 2.1173 2.1229 2.1321 2.1372 2.1375 2.1397 2.1442 2.1495 2.1563 2.1605 2.1545 2.1473 2.1503 2.1616 2.1721 2.1712 2.1669 2.1698 2.1794 2.1896 2.1926 2.1961 2.2020 2.1922 2.1862 2.2142 2.2068 2.1800 2.3501 2.8845 3.7279 4.0975 3.8322 3.9262 3.9382 2.9953 2.2570 2.3431 2.4915 2.5070 2.5316 2.5576 2.5686 2.5764 2.5815 2.5815 2.5865 2.5958 2.5963 2.5935 2.5953 2.5953 2.5920 2.5921 2.6079 2.6428 2.6757 2.7040 2.7406 2.7718 2.7860 2.7964 2.8118 2.8331 2.8502 2.8562 2.8564 2.8498 2.8306 2.7976 2.7540 2.7086 2.6672 2.6300 2.5850 2.5345 2.5014 2.4631 2.3944 2.3598 2.3389 2.2341 2.4848 3.4112 4.0922 3.9331 3.0896 2.3309 2.2728 2.3860 2.3732 2.3743 2.4016 2.4224 2.4477 2.4816 2.5157 2.5403 2.5524 2.5639 2.5786 2.5927 2.6054 2.6150 2.6159 2.6218 2.6529 2.6865 2.7017 2.7020 2.6963 2.6932 2.6958 2.7022 2.7062 2.7073 2.7054 2.6904 2.6770 2.7102 2.7543 2.7527 2.7297 2.7082 2.6901 2.6833 2.6940 2.7126 2.7075 2.6342 2.5103 2.2848
1.7270 1.8993 1.9713 2.0230 2.0662 2.0899 2.1032 2.1316 2.1794 2.2342 2.2677 2.2906 2.3363 2.3860 2.4211 2.4520 2.4771 2.4901 2.5127 2.5541 2.5925 2.6226 2.6454 2.6385 2.6023 2.5741 2.5544 2.5271 2.4996 2.4760 2.4499 2.4179 2.3793 2.3373 2.2960 2.2592 2.2255 2.1899 2.1459 2.1035 2.0834 2.0591 2.0114 1.9805 1.9247 1.8215 2.2601 3.3221 3.6166 2.9390 2.1676 1.7925 1.8814 1.9899 2.0014 2.0522 2.1015 2.1073 2.1111 2.1201 2.1195 2.1214 2.1289 2.1230 2.1179 2.1351 2.1478 2.1431 2.1398 2.1454 2.1569 2.1600 2.1530 2.1505 2.1559 2.1663 2.1762 2.1787 2.1678 2.1581 2.1633 2.1733 2.1807 2.1841 2.1824 2.1795 2.1880 2.2028 2.2068 2.2094 2.2157 2.2057 2.1968 2.2178 2.2038 2.1752 2.3489 2.8892 3.7348 4.0963 3.8173 3.9129 3.9372 3.0007 2.2627 2.3493 2.5061 2.5323 2.5604 2.5842 2.5921 2.6017 2.6105 2.6115 2.6140 2.6189 2.6159 2.6106 2.6115 2.6144 2.6151 2.6145 2.6301 2.6712 2.7126 2.7465 2.7829 2.8151 2.8366 2.8528 2.8676 2.8823 2.8952 2.9013 2.8912 2.8648 2.8287 2.7885 2.7469 2.7035 2.6617 2.6250 2.5848 2.5421 2.5122 2.4718 2.3995 2.3625 2.3391 2.2253 2.4672 3.3926 4.0676 3.9026 3.0772 2.3383 2.2750 2.3798 2.3675 2.3707 2.4010 2.4256 2.4490 2.4793 2.5193 2.5508 2.5610 2.5668 2.5797 2.6010 2.6178 2.6214 2.6199 2.6246 2.6439 2.6669 2.6837 2.6944 2.6999 2.7004 2.6972 2.6952 2.7032 2.7160 2.7203 2.7095 2.6998 2.7303 2.7659 2.7551 2.7286 2.7158 2.7204 2.7283 2.7257 2.7233 2.7061 2.6332 2.5195 2.3041
1.7352 1.9090 1.9652 2.0095 2.0625 2.0896 2.0974 2.1282 2.1809 2.2343 2.2614 2.2836 2.3450 2.4027 2.4260 2.4515 2.4801 2.4914 2.5080 2.5411 2.5673 2.5949 2.6385 2.6497 2.6145 2.5856 2.5685 2.5452 2.5201 2.4973 2.4732 2.4346 2.3751 2.3217 2.2875 2.2617 2.2349 2.2005 2.1577 2.1181 2.0986 2.0712 2.0181 1.9854 1.9313 1.8271 2.2569 3.3054 3.6016 2.9400 2.1807 1.8021 1.8745 1.9754 1.9941 2.0583 2.1190 2.1300 2.1346 2.1432 2.1431 2.1408 2.1407 2.1379 2.1402 2.1566 2.1705 2.1720 2.1685 2.1710 2.1838 2.1865 2.1750 2.1688 2.1740 2.1866 2.1957 2.1947 2.1846 2.1781 2.1837 2.1883 2.1898 2.1972 2.2003 2.1941 2.1994 2.2151 2.2220 2.2269 2.2338 2.2245 2.2139 2.2265 2.2032 2.1728 2.3584 2.9139 3.7601 4.1055 3.8061 3.9015 3.9420 3.0186 2.2827 2.3652 2.5282 2.5661 2.5980 2.6199 2.6253 2.6360 2.6486 2.6520 2.6508 2.6476 2.6403 2.6331 2.6315 2.6355 2.6418 2.6476 2.6685 2.7134 2.7607 2.7994 2.8331 2.8655 2.8966 2.9187 2.9297 2.9335 2.9379 2.9411 2.9222 2.8797 2.8283 2.7822 2.7447 2.7020 2.6564 2.6177 2.5814 2.5458 2.5166 2.4718 2.3973 2.3632 2.3429 2.2208 2.4499 3.3694 4.0392 3.8744 3.0710 2.3520 2.2817 2.3776 2.3672 2.3750 2.4112 2.4419 2.4637 2.4873 2.5267 2.5618 2.5744 2.5776 2.5883 2.6166 2.6380 2.6378 2.6407 2.6492 2.6499 2.6520 2.6646 2.6848 2.7067 2.7224 2.7198 2.7033 2.7013 2.7175 2.7367 2.7361 2.7251 2.7513 2.7830 2.7695 2.7486 2.7504 2.7714 2.7838 2.7657 2.7425 2.7116 2.6349 2.5148 2.2689
1.7486 1.9325 1.9864 2.0246 2.0737 2.1062 2.1226 2.1503 2.1894 2.2270 2.2454 2.2664 2.3278 2.3874 2.4152 2.4450 2.4755 2.4860 2.5014 2.5318 2.5463 2.5632 2.6125 2.6380 2.6152 2.5919 2.5735 2.5445 2.5131 2.4883 2.4706 2.4342 2.3627 2.3066 2.2873 2.2776 2.2570 2.2163 2.1665 2.1250 2.1062 2.0795 2.0263 1.9947 1.9381 1.8194 2.2315 3.2766 3.6031 2.9805 2.2186 1.8159 1.8719 1.9683 1.9901 2.0585 2.1258 2.1453 2.1538 2.1601 2.1539 2.1475 2.1495 2.1548 2.1621 2.1721 2.1836 2.1914 2.1887 2.1864 2.1958 2.1991 2.1919 2.1908 2.1973 2.2049 2.2075 2.2033 2.1955 2.1923 2.1976 2.2001 2.2002 2.2084 2.2145 2.2111 2.2137 2.2234 2.2290 2.2354 2.2434 2.2352 2.2250 2.2365 2.2122 2.1845 2.3816 2.9528 3.8072 4.1430 3.8257 3.9310 3.9931 3.0653 2.3111 2.3802 2.5454 2.5929 2.6283 2.6524 2.6615 2.6733 2.6848 2.6867 2.6826 2.6767 2.6702 2.6619 2.6527 2.6512 2.6615 2.6824 2.7173 2.7663 2.8155 2.8569 2.8898 2.9209 2.9522 2.9731 2.9792 2.9740 2.9692 2.9650 2.9389 2.8888 2.8305 2.7822 2.7464 2.7020 2.6529 2.6159 2.5828 2.5476 2.5135 2.4631 2.3882 2.3543 2.3343 2.2194 2.4605 3.3876 4.0490 3.8666 3.0622 2.3528 2.2876 2.3871 2.3807 2.3904 2.4284 2.4625 2.4858 2.5060 2.5368 2.5654 2.5783 2.5821 2.5923 2.6224 2.6485 2.6562 2.6704 2.6834 2.6692 2.6545 2.6631 2.6869 2.7149 2.7359 2.7372 2.7210 2.7117 2.7207 2.7426 2.7462 2.7351 2.7606 2.7936 2.7843 2.7657 2.7662 2.7850 2.7991 2.7873 2.7606 2.7190 2.6447 2.5324 2.2606
1.7642 1.9632 2.0262 2.0571 2.0868 2.1226 2.1585 2.1824 2.1996 2.2167 2.2314 2.2546 2.3022 2.3548 2.3965 2.4360 2.4663 2.4762 2.4941 2.5273 2.5372 2.5436 2.5846 2.6129 2.6029 2.5870 2.5659 2.5274 2.4874 2.4615 2.4527 2.4253 2.3543 2.3039 2.2990 2.3009 2.2827 2.2348 2.1759 2.1282 2.1069 2.0823 2.0352 2.0086 1.9472 1.8066 2.1974 3.2454 3.6129 3.0333 2.2588 1.8246 1.8704 1.9665 1.9869 2.0494 2.1167 2.1463 2.1634 2.1706 2.1587 2.1507 2.1600 2.1736 2.1821 2.1835 2.1900 2.2016 2.2008 2.1951 2.1991 2.2032 2.2049 2.2135 2.2221 2.2211 2.2167 2.2125 2.2071 2.2047 2.2086 2.2125 2.2151 2.2209 2.2263 2.2280 2.2288 2.2294 2.2294 2.2353 2.2449 2.2364 2.2271 2.2467 2.2276 2.1964 2.3904 2.9635 3.8229 4.1550 3.8294 3.9499 4.0316 3.0925 2.3186 2.3819 2.5556 2.6147 2.6541 2.6830 2.6997 2.7116 2.7176 2.7147 2.7091 2.7047 2.7008 2.6901 2.6706 2.6605 2.6725 2.7079 2.7570 2.8089 2.8593 2.9044 2.9408 2.9705 2.9944 3.0084 3.0095 2.9984 2.9839 2.9677 2.9342 2.8833 2.8278 2.7815 2.7446 2.6967 2.6468 2.6149 2.5853 2.5466 2.5059 2.4514 2.3778 2.3410 2.3174 2.2191 2.4870 3.4289 4.0841 3.8803 3.0586 2.3464 2.2934 2.4056 2.4040 2.4126 2.4473 2.4799 2.5061 2.5274 2.5471 2.5641 2.5762 2.5831 2.5933 2.6181 2.6454 2.6664 2.6919 2.7072 2.6883 2.6686 2.6756 2.6982 2.7227 2.7391 2.7465 2.7454 2.7362 2.7318 2.7428 2.7445 2.7374 2.7622 2.7962 2.7981 2.7830 2.7719 2.7767 2.7907 2.7975 2.7780 2.7284 2.6605 2.5674 2.2863
1.7829 1.9855 2.0495 2.0670 2.0751 2.1121 2.1653 2.1877 2.1943 2.2111 2.2400 2.2744 2.3064 2.3436 2.3903 2.4362 2.4675 2.4773 2.4937 2.5258 2.5408 2.5493 2.5778 2.5942 2.5824 2.5666 2.5451 2.5077 2.4713 2.4507 2.4458 2.4248 2.3656 2.3229 2.3172 2.3149 2.2955 2.2530 2.1980 2.1476 2.1176 2.0882 2.0469 2.0283 1.9645 1.8019 2.1712 3.2200 3.6106 3.0540 2.2726 1.8243 1.8702 1.9686 1.9849 2.0369 2.0998 2.1377 2.1664 2.1826 2.1749 2.1670 2.1747 2.1888 2.1975 2.1951 2.1990 2.2123 2.2145 2.2104 2.2136 2.2184 2.2234 2.2351 2.2436 2.2394 2.2359 2.2374 2.2345 2.2305 2.2313 2.2350 2.2387 2.2404 2.2414 2.2427 2.2416 2.2371 2.2314 2.2357 2.2474 2.2349 2.2235 2.2570 2.2390 2.1802 2.3472 2.9004 3.7393 4.0632 3.7451 3.8711 3.9559 3.0268 2.2708 2.3585 2.5618 2.6441 2.6897 2.7213 2.7426 2.7521 2.7516 2.7453 2.7384 2.7323 2.7240 2.7066 2.6803 2.6666 2.6784 2.7140 2.7622 2.8131 2.8687 2.9240 2.9684 2.9994 3.0178 3.0259 3.0225 3.0058 2.9803 2.9484 2.9049 2.8547 2.8089 2.7686 2.7284 2.6781 2.6303 2.6036 2.5780 2.5402 2.4991 2.4453 2.3742 2.3360 2.3090 2.2173 2.4948 3.4388 4.1002 3.9049 3.0755 2.3526 2.3034 2.4235 2.4257 2.4330 2.4623 2.4882 2.5142 2.5389 2.5546 2.5672 2.5821 2.5930 2.6011 2.6144 2.6342 2.6589 2.6850 2.6991 2.6888 2.6777 2.6856 2.7061 2.7280 2.7430 2.7592 2.7748 2.7696 2.7543 2.7516 2.7526 2.7542 2.7702 2.7958 2.8159 2.8185 2.8076 2.8047 2.8141 2.8235 2.8014 2.7437 2.6757 2.5896 2.3053
1.7983 1.9976 2.0595 2.0673 2.0617 2.0964 2.1564 2.1782 2.1844 2.2111 2.2580 2.3038 2.3233 2.3436 2.3856 2.4309 2.4623 2.4734 2.4865 2.5130 2.5348 2.5525 2.5727 2.5747 2.5534 2.5332 2.5143 2.4870 2.4627 2.4491 2.4424 2.4235 2.3803 2.3441 2.3265 2.3082 2.2860 2.2602 2.2207 2.1728 2.1355 2.1000 2.0613 2.0469 1.9801 1.8024 2.1574 3.2044 3.6026 3.0534 2.2702 1.8197 1.8700 1.9703 1.9823 2.0260 2.0855 2.1291 2.1675 2.1947 2.1976 2.1915 2.1913 2.1994 2.2075 2.2077 2.2133 2.2271 2.2332 2.2348 2.2411 2.2473 2.2522 2.2611 2.2675 2.2655 2.2666 2.2721 2.2707 2.2652 2.2624 2.2623 2.2627 2.2602 2.2566 2.2541 2.2516 2.2465 2.2380 2.2407 2.2526 2.2340 2.2195 2.2652 2.2305 2.1285 2.3277 2.9359 3.7355 4.0324 3.7526 3.8686 3.9124 2.9892 2.2389 2.3161 2.5519 2.6822 2.7367 2.7659 2.7918 2.7984 2.7909 2.7818 2.7716 2.7579 2.7385 2.7121 2.6835 2.6714 2.6825 2.7091 2.7462 2.7928 2.8538 2.9202 2.9722 3.0054 3.0223 3.0279 3.0218 2.9998 2.9632 2.9160 2.8633 2.8152 2.7804 2.7464 2.7030 2.6539 2.6117 2.5867 2.5622 2.5279 2.4919 2.4431 2.3753 2.3392 2.3124 2.2165 2.4865 3.4255 4.0971 3.9208 3.0927 2.3621 2.3139 2.4368 2.4393 2.4465 2.4721 2.4901 2.5133 2.5409 2.5577 2.5728 2.5942 2.6086 2.6122 2.6125 2.6220 2.6449 2.6664 2.6785 2.6817 2.6829 2.6899 2.7077 2.7296 2.7462 2.7692 2.7958 2.7961 2.7771 2.7658 2.7706 2.7843 2.7881 2.7991 2.8365 2.8621 2.8609 2.8592 2.8637 2.8647 2.8362 2.7736 2.6947 2.5922 2.2987
1.8005 2.0055 2.0801 2.0981 2.0932 2.1208 2.1721 2.1915 2.1949 2.2133 2.2546 2.2966 2.3075 2.3192 2.3560 2.3937 2.4194 2.4342 2.4496 2.4707 2.4886 2.5066 2.5293 2.5338 2.5136 2.4938 2.4781 2.4596 2.4419 2.4283 2.4174 2.3992 2.3668 2.3352 2.3085 2.2762 2.2516 2.2434 2.2198 2.1780 2.1470 2.1169 2.0779 2.0549 1.9774 1.7977 2.1537 3.2011 3.6097 3.0724 2.2819 1.8197 1.8678 1.9669 1.9766 2.0210 2.0841 2.1321 2.1721 2.2007 2.2096 2.2074 2.2046 2.2068 2.2131 2.2204 2.2314 2.2453 2.2558 2.2636 2.2726 2.2825 2.2922 2.2998 2.3042 2.3049 2.3030 2.3000 2.2969 2.2934 2.2888 2.2818 2.2738 2.2679 2.2645 2.2624 2.2600 2.2555 2.2492 2.2516 2.2585 2.2351 2.2212 2.2680 2.1878 2.0525 2.4656 3.3412 4.1032 4.3380 4.1417 4.2349 4.1703 3.1993 2.3502 2.2733 2.5072 2.7232 2.7888 2.8093 2.8472 2.8549 2.8383 2.8235 2.8053 2.7792 2.7477 2.7143 2.6858 2.6759 2.6872 2.7110 2.7430 2.7844 2.8432 2.9102 2.9624 2.9948 3.0110 3.0173 3.0116 2.9861 2.9413 2.8846 2.8300 2.7874 2.7586 2.7263 2.6821 2.6402 2.6064 2.5776 2.5462 2.5110 2.4802 2.4379 2.3737 2.3434 2.3227 2.2214 2.4857 3.4311 4.0994 3.9068 3.0731 2.3514 2.3175 2.4451 2.4428 2.4505 2.4781 2.4929 2.5136 2.5411 2.5566 2.5736 2.6017 2.6181 2.6163 2.6091 2.6172 2.6466 2.6716 2.6848 2.6930 2.6944 2.6930 2.7059 2.7274 2.7417 2.7628 2.7910 2.7968 2.7828 2.7728 2.7858 2.8124 2.8122 2.8132 2.8550 2.8887 2.8914 2.8929 2.9004 2.9044 2.8841 2.8256 2.7257 2.5823 2.2630
1.7918 2.0080 2.1024 2.1420 2.1462 2.1635 2.1981 2.2164 2.2164 2.2132 2.2317 2.2609 2.2707 2.2846 2.3183 2.3451 2.3607 2.3775 2.3976 2.4159 2.4231 2.4329 2.4616 2.4783 2.4673 2.4507 2.4355 2.4195 2.4030 2.3877 2.3751 2.3593 2.3344 2.3071 2.2778 2.2401 2.2154 2.2168 2.2024 2.1693 2.1560 2.1422 2.1036 2.0637 1.9692 1.7980 2.1684 3.2175 3.6334 3.1039 2.3013 1.8232 1.8667 1.9642 1.9740 2.0247 2.0941 2.1435 2.1812 2.2072 2.2160 2.2154 2.2130 2.2116 2.2170 2.2331 2.2509 2.2649 2.2779 2.2902 2.3022 2.3194 2.3393 2.3500 2.3525 2.3510 2.3395 2.3224 2.3146 2.3124 2.3065 2.2933 2.2777 2.2701 2.2691 2.2693 2.2679 2.2651 2.2636 2.2661 2.2661 2.2424 2.2317 2.2667 2.1390 2.0187 2.7744 4.0359 4.7444 4.8661 4.7527 4.8458 4.6962 3.6783 2.6419 2.2611 2.4379 2.7601 2.8398 2.8485 2.9036 2.9168 2.8908 2.8659 2.8356 2.7962 2.7560 2.7196 2.6916 2.6818 2.6932 2.7200 2.7534 2.7900 2.8406 2.8994 2.9460 2.9755 2.9907 2.9981 2.9933 2.9656 2.9174 2.8597 2.8095 2.7724 2.7432 2.7095 2.6689 2.6370 2.6101 2.5747 2.5339 2.4964 2.4697 2.4329 2.3710 2.3466 2.3339 2.2296 2.4928 3.4499 4.1038 3.8730 3.0320 2.3311 2.3182 2.4499 2.4393 2.4486 2.4830 2.4992 2.5188 2.5443 2.5565 2.5718 2.6019 2.6186 2.6157 2.6111 2.6263 2.6652 2.6975 2.7126 2.7167 2.7073 2.6931 2.7034 2.7283 2.7397 2.7534 2.7757 2.7829 2.7766 2.7751 2.7963 2.8301 2.8343 2.8340 2.8682 2.8969 2.9021 2.9104 2.9246 2.9333 2.9216 2.8687 2.7509 2.5664 2.2118
1.7812 1.9999 2.1015 2.1537 2.1632 2.1709 2.1929 2.2171 2.2220 2.2054 2.2082 2.2329 2.2538 2.2779 2.3086 2.3264 2.3328 2.3440 2.3631 2.3821 2.3842 2.3856 2.4106 2.4292 2.4225 2.4050 2.3843 2.3637 2.3495 2.3424 2.3353 2.3256 2.3124 2.2921 2.2637 2.2311 2.2099 2.2065 2.1910 2.1680 2.1744 2.1794 2.1469 2.0930 1.9819 1.8220 2.2108 3.2600 3.6631 3.1175 2.3041 1.8236 1.8716 1.9721 1.9833 2.0375 2.1071 2.1528 2.1935 2.2254 2.2320 2.2247 2.2168 2.2138 2.2226 2.2461 2.2688 2.2825 2.2940 2.3077 2.3266 2.3548 2.3863 2.4036 2.4037 2.3911 2.3706 2.3495 2.3357 2.3269 2.3171 2.3034 2.2893 2.2826 2.2800 2.2771 2.2766 2.2781 2.2791 2.2803 2.2783 2.2607 2.2518 2.2655 2.1306 2.1057 3.1814 4.7343 5.3445 5.2958 5.1935 5.3535 5.2788 4.3130 3.0798 2.3098 2.3709 2.7861 2.8834 2.8829 2.9530 2.9743 2.9418 2.9028 2.8586 2.8105 2.7682 2.7324 2.7035 2.6910 2.6998 2.7266 2.7602 2.7935 2.8362 2.8857 2.9274 2.9552 2.9692 2.9746 2.9671 2.9369 2.8913 2.8416 2.7970 2.7594 2.7256 2.6925 2.6605 2.6352 2.6084 2.5687 2.5262 2.4924 2.4701 2.4354 2.3731 2.3499 2.3399 2.2347 2.4959 3.4516 4.0931 3.8454 3.0103 2.3282 2.3253 2.4537 2.4350 2.4472 2.4894 2.5084 2.5279 2.5528 2.5641 2.5752 2.5978 2.6135 2.6194 2.6290 2.6530 2.6903 2.7200 2.7330 2.7306 2.7100 2.6863 2.7028 2.7422 2.7582 2.7669 2.7802 2.7807 2.7753 2.7827 2.8057 2.8334 2.8449 2.8520 2.8742 2.8984 2.9180 2.9412 2.9560 2.9466 2.9165 2.8568 2.7415 2.5500 2.1664
1.7755 1.9851 2.0832 2.1385 2.1493 2.1482 2.1603 2.1917 2.2063 2.1883 2.1883 2.2189 2.2568 2.2912 2.3152 2.3244 2.3248 2.3291 2.3443 2.3643 2.3673 2.3646 2.3790 2.3917 2.3873 2.3701 2.3442 2.3159 2.3024 2.3046 2.3017 2.2955 2.2935 2.2824 2.2596 2.2381 2.2215 2.2065 2.1849 2.1708 2.1925 2.2127 2.1893 2.1314 2.0101 1.8511 2.2460 3.2941 3.6823 3.1174 2.2978 1.8229 1.8798 1.9841 1.9942 2.0475 2.1139 2.1557 2.2034 2.2446 2.2464 2.2288 2.2154 2.2140 2.2278 2.2546 2.2796 2.2944 2.3038 2.3180 2.3460 2.3849 2.4242 2.4474 2.4458 2.4220 2.3976 2.3796 2.3578 2.3367 2.3235 2.3145 2.3076 2.3023 2.2952 2.2866 2.2872 2.2938 2.2932 2.2911 2.2912 2.2822 2.2746 2.2709 2.1490 2.2147 3.4587 5.1302 5.6613 5.4689 5.3139 5.5729 5.6777 4.8181 3.4508 2.3762 2.3298 2.8015 2.9141 2.9093 2.9876 3.0150 2.9796 2.9298 2.8755 2.8230 2.7806 2.7463 2.7173 2.7022 2.7062 2.7280 2.7588 2.7913 2.8278 2.8676 2.9057 2.9338 2.9467 2.9483 2.9358 2.9033 2.8625 2.8237 2.7839 2.7434 2.7059 2.6758 2.6532 2.6300 2.5993 2.5586 2.5206 2.4938 2.4747 2.4388 2.3741 2.3488 2.3382 2.2343 2.4928 3.4379 4.0730 3.8303 3.0082 2.3372 2.3347 2.4566 2.4325 2.4480 2.4967 2.5176 2.5361 2.5605 2.5743 2.5836 2.5977 2.6141 2.6323 2.6544 2.6816 2.7110 2.7322 2.7406 2.7356 2.7115 2.6857 2.7118 2.7666 2.7896 2.7962 2.8016 2.7931 2.7837 2.7945 2.8119 2.8262 2.8440 2.8622 2.8761 2.8968 2.9293 2.9652 2.9774 2.9445 2.8853 2.8109 2.7105 2.5362 2.1336
1.7797 1.9715 2.0676 2.1259 2.1392 2.1291 2.1268 2.1567 2.1769 2.1628 2.1691 2.2102 2.2603 2.2952 2.3046 2.3020 2.2999 2.3069 2.3229 2.3402 2.3446 2.3434 2.3519 2.3634 2.3684 2.3618 2.3405 2.3081 2.2878 2.2833 2.2706 2.2569 2.2562 2.2539 2.2429 2.2301 2.2155 2.1962 2.1728 2.1629 2.1912 2.2184 2.2020 2.1530 2.0330 1.8527 2.2253 3.2726 3.6754 3.1249 2.3050 1.8266 1.8859 1.9869 1.9889 2.0390 2.1067 2.1519 2.2039 2.2449 2.2376 2.2156 2.2083 2.2130 2.2283 2.2528 2.2783 2.2978 2.3099 2.3270 2.3620 2.4054 2.4444 2.4673 2.4670 2.4456 2.4239 2.4046 2.3715 2.3402 2.3288 2.3262 2.3232 2.3174 2.3075 2.2976 2.3006 2.3093 2.3036 2.2966 2.2988 2.2939 2.2902 2.2883 2.1544 2.1785 3.3408 4.9556 5.5247 5.3323 5.1089 5.4259 5.6670 4.8578 3.4807 2.3874 2.3341 2.8099 2.9272 2.9240 3.0009 3.0273 2.9924 2.9435 2.8888 2.8334 2.7863 2.7504 2.7256 2.7120 2.7111 2.7247 2.7516 2.7863 2.8169 2.8441 2.8777 2.9068 2.9197 2.9188 2.9030 2.8698 2.8315 2.7971 2.7609 2.7229 2.6883 2.6620 2.6427 2.6195 2.5872 2.5476 2.5130 2.4896 2.4700 2.4309 2.3637 2.3378 2.3289 2.2285 2.4872 3.4268 4.0608 3.8240 3.0065 2.3376 2.3364 2.4578 2.4326 2.4503 2.5022 2.5235 2.5382 2.5591 2.5774 2.5937 2.6119 2.6339 2.6556 2.6707 2.6902 2.7184 2.7368 2.7428 2.7440 2.7294 2.7100 2.7382 2.7925 2.8144 2.8184 2.8202 2.8100 2.7989 2.8040 2.8114 2.8169 2.8369 2.8628 2.8784 2.8917 2.9121 2.9418 2.9562 2.9289 2.8657 2.7825 2.6896 2.5261 2.1114
1.7893 1.9604 2.0570 2.1178 2.1322 2.1169 2.1056 2.1303 2.1501 2.1406 2.1585 2.2120 2.2643 2.2888 2.2808 2.2669 2.2647 2.2790 2.2984 2.3126 2.3200 2.3257 2.3362 2.3490 2.3594 2.3620 2.3498 2.3208 2.2948 2.2774 2.2526 2.2306 2.2263 2.2256 2.2184 2.2068 2.1935 2.1792 2.1599 2.1497 2.1734 2.1976 2.1873 2.1569 2.0478 1.8397 2.1785 3.2251 3.6620 3.1490 2.3279 1.8354 1.8926 1.9865 1.9763 2.0221 2.0934 2.1440 2.1952 2.2291 2.2153 2.1963 2.2015 2.2132 2.2274 2.2483 2.2731 2.2968 2.3146 2.3366 2.3737 2.4147 2.4485 2.4687 2.4723 2.4606 2.4439 2.4202 2.3769 2.3399 2.3332 2.3357 2.3340 2.3284 2.3185 2.3084 2.3113 2.3187 2.3094 2.3007 2.3042 2.2966 2.2943 2.3079 2.1560 2.0601 2.9455 4.3464 5.0361 4.9727 4.6892 4.9938 5.2700 4.4449 3.1870 2.3524 2.3863 2.8123 2.9239 2.9297 2.9981 3.0176 2.9835 2.9404 2.8912 2.8369 2.7856 2.7472 2.7267 2.7148 2.7089 2.7157 2.7398 2.7767 2.8029 2.8197 2.8476 2.8749 2.8863 2.8833 2.8670 2.8372 2.8014 2.7661 2.7323 2.7006 2.6722 2.6484 2.6277 2.6042 2.5743 2.5385 2.5061 2.4814 2.4578 2.4148 2.3464 2.3215 2.3159 2.2222 2.4867 3.4271 4.0633 3.8296 3.0070 2.3318 2.3324 2.4582 2.4356 2.4533 2.5048 2.5262 2.5385 2.5573 2.5805 2.6078 2.6379 2.6655 2.6815 2.6803 2.6897 2.7222 2.7413 2.7458 2.7576 2.7592 2.7496 2.7711 2.8107 2.8264 2.8283 2.8278 2.8187 2.8083 2.8083 2.8115 2.8161 2.8325 2.8575 2.8790 2.8827 2.8753 2.8849 2.9014 2.8977 2.8528 2.7737 2.6839 2.5189 2.0910
1.7952 1.9502 2.0459 2.1043 2.1129 2.1020 2.1017 2.1277 2.1437 2.1356 2.1665 2.2322 2.2760 2.2837 2.2650 2.2473 2.2451 2.2594 2.2793 2.2963 2.3110 2.3272 2.3460 2.3547 2.3494 2.3418 2.3318 2.3149 2.2975 2.2816 2.2616 2.2472 2.2452 2.2320 2.2035 2.1827 2.1737 2.1691 2.1572 2.1443 2.1512 2.1635 2.1630 2.1536 2.0591 1.8437 2.1670 3.2117 3.6741 3.1896 2.3576 1.8463 1.9041 1.9953 1.9754 2.0168 2.0871 2.1354 2.1809 2.2108 2.2015 2.1909 2.2025 2.2166 2.2311 2.2531 2.2767 2.2979 2.3197 2.3461 2.3792 2.4132 2.4429 2.4653 2.4739 2.4650 2.4489 2.4240 2.3785 2.3404 2.3351 2.3395 2.3402 2.3397 2.3322 2.3171 2.3125 2.3160 2.3109 2.3092 2.3144 2.2973 2.2871 2.3142 2.1829 2.0189 2.5639 3.6341 4.4332 4.5470 4.2225 4.4447 4.6517 3.7822 2.7388 2.3186 2.4765 2.8080 2.9086 2.9319 2.9889 2.9994 2.9636 2.9185 2.8731 2.8282 2.7823 2.7446 2.7222 2.7053 2.6943 2.7005 2.7250 2.7592 2.7842 2.8000 2.8221 2.8412 2.8459 2.8393 2.8250 2.8050 2.7764 2.7405 2.7080 2.6809 2.6549 2.6306 2.6084 2.5863 2.5617 2.5334 2.5043 2.4761 2.4465 2.4000 2.3335 2.3093 2.3042 2.2209 2.4980 3.4412 4.0802 3.8498 3.0186 2.3313 2.3294 2.4596 2.4415 2.4566 2.5041 2.5276 2.5454 2.5697 2.5971 2.6299 2.6666 2.6919 2.6992 2.6942 2.7045 2.7381 2.7540 2.7555 2.7736 2.7867 2.7831 2.7924 2.8139 2.8271 2.8300 2.8238 2.8090 2.7990 2.8078 2.8225 2.8325 2.8396 2.8525 2.8727 2.8696 2.8427 2.8327 2.8419 2.8491 2.8240 2.7637 2.6851 2.5138 2.0638
1.7898 1.9407 2.0353 2.0899 2.0921 2.0899 2.1077 2.1375 2.1481 2.1382 2.1767 2.2492 2.2832 2.2818 2.2671 2.2516 2.2454 2.2549 2.2747 2.2976 2.3189 2.3415 2.3665 2.3690 2.3437 2.3196 2.3063 2.3002 2.2972 2.2941 2.2886 2.2867 2.2873 2.2577 2.2027 2.1708 2.1641 2.1637 2.1564 2.1415 2.1293 2.1279 2.1385 2.1458 2.0637 1.8597 2.1879 3.2310 3.7027 3.2269 2.3759 1.8455 1.9068 2.0031 1.9817 2.0189 2.0832 2.1250 2.1655 2.1960 2.1954 2.1922 2.2047 2.2185 2.2348 2.2608 2.2844 2.3017 2.3247 2.3530 2.3810 2.4080 2.4348 2.4613 2.4736 2.4615 2.4423 2.4188 2.3775 2.3416 2.3336 2.3346 2.3359 2.3415 2.3391 2.3219 2.3096 2.3085 2.3114 2.3203 2.3267 2.2999 2.2782 2.3101 2.2246 2.0657 2.3373 3.0934 3.9555 4.2186 3.8739 4.0031 4.1070 3.1861 2.3475 2.3116 2.5679 2.7948 2.8882 2.9311 2.9723 2.9729 2.9364 2.8878 2.8458 2.8131 2.7778 2.7429 2.7150 2.6920 2.6792 2.6882 2.7124 2.7395 2.7628 2.7819 2.8002 2.8105 2.8073 2.7963 2.7843 2.7745 2.7544 2.7201 2.6910 2.6681 2.6400 2.6128 2.5917 2.5726 2.5526 2.5298 2.5037 2.4740 2.4398 2.3901 2.3250 2.3015 2.2957 2.2188 2.5059 3.4553 4.0935 3.8571 3.0208 2.3297 2.3258 2.4616 2.4511 2.4612 2.5012 2.5282 2.5562 2.5902 2.6207 2.6525 2.6869 2.7062 2.7096 2.7122 2.7296 2.7602 2.7734 2.7753 2.7935 2.8089 2.8074 2.8060 2.8131 2.8259 2.8310 2.8203 2.7998 2.7901 2.8092 2.8357 2.8498 2.8492 2.8488 2.8596 2.8519 2.8216 2.8031 2.8012 2.8024 2.7864 2.7484 2.6897 2.5191 2.0459
1.7686 1.9320 2.0286 2.0834 2.0882 2.0904 2.1112 2.1381 2.1438 2.1309 2.1654 2.2338 2.2677 2.2796 2.2875 2.2758 2.2589 2.2666 2.2912 2.3176 2.3367 2.3533 2.3734 2.3753 2.3528 2.3298 2.3142 2.3048 2.3058 2.3135 2.3141 2.3099 2.3029 2.2686 2.2137 2.1804 2.1667 2.1548 2.1437 2.1300 2.1091 2.1009 2.1186 2.1323 2.0556 1.8676 2.2103 3.2545 3.7223 3.2372 2.3663 1.8206 1.8836 1.9926 1.9816 2.0147 2.0708 2.1100 2.1525 2.1862 2.1868 2.1840 2.1974 2.2127 2.2308 2.2588 2.2851 2.3051 2.3278 2.3548 2.3827 2.4078 2.4309 2.4563 2.4686 2.4544 2.4330 2.4102 2.3747 2.3425 2.3292 2.3215 2.3163 2.3222 2.3277 2.3220 2.3126 2.3083 2.3150 2.3291 2.3354 2.3068 2.2801 2.3063 2.2558 2.1428 2.3156 2.9245 3.7994 4.1221 3.7754 3.8741 3.9313 2.9661 2.2063 2.3421 2.6179 2.7717 2.8691 2.9247 2.9438 2.9339 2.9031 2.8622 2.8273 2.8011 2.7714 2.7385 2.7085 2.6873 2.6799 2.6894 2.7077 2.7255 2.7419 2.7587 2.7770 2.7866 2.7803 2.7670 2.7550 2.7477 2.7309 2.7008 2.6802 2.6639 2.6320 2.6014 2.5847 2.5700 2.5499 2.5234 2.4970 2.4716 2.4380 2.3849 2.3172 2.2951 2.2912 2.2071 2.4911 3.4519 4.0820 3.8201 2.9880 2.3162 2.3181 2.4626 2.4639 2.4685 2.4985 2.5282 2.5642 2.6047 2.6377 2.6649 2.6898 2.7075 2.7187 2.7302 2.7491 2.7752 2.7944 2.8063 2.8194 2.8277 2.8269 2.8235 2.8247 2.8341 2.8392 2.8320 2.8173 2.8094 2.8203 2.8360 2.8449 2.8468 2.8453 2.8423 2.8301 2.8114 2.8018 2.7962 2.7826 2.7595 2.7316 2.6950 2.5434 2.0604
1.7438 1.9243 2.0209 2.0748 2.0858 2.0909 2.1073 2.1275 2.1310 2.1200 2.1466 2.2024 2.2385 2.2691 2.3004 2.2942 2.2711 2.2833 2.3172 2.3468 2.3569 2.3594 2.3732 2.3801 2.3705 2.3580 2.3430 2.3239 2.3194 2.3292 2.3251 2.3090 2.2917 2.2631 2.2256 2.1978 2.1748 2.1483 2.1305 2.1192 2.0989 2.0873 2.1000 2.1117 2.0398 1.8643 2.2187 3.2656 3.7277 3.2334 2.3554 1.8015 1.8568 1.9733 1.9753 2.0053 2.0527 2.0900 2.1362 2.1739 2.1741 2.1710 2.1872 2.2058 2.2243 2.2491 2.2768 2.3033 2.3267 2.3522 2.3839 2.4106 2.4295 2.4496 2.4592 2.4461 2.4263 2.4061 2.3780 2.3511 2.3342 2.3180 2.3041 2.3046 2.3151 2.3244 2.3220 2.3151 2.3222 2.3373 2.3426 2.3173 2.2925 2.3109 2.2762 2.2088 2.3968 2.9877 3.8481 4.1695 3.8317 3.9378 3.9889 3.0023 2.2392 2.3870 2.6332 2.7474 2.8495 2.9086 2.9088 2.8913 2.8685 2.8394 2.8113 2.7858 2.7581 2.7283 2.7013 2.6870 2.6867 2.6931 2.7030 2.7141 2.7211 2.7286 2.7463 2.7597 2.7560 2.7434 2.7300 2.7189 2.7030 2.6815 2.6699 2.6568 2.6207 2.5893 2.5798 2.5703 2.5475 2.5117 2.4813 2.4620 2.4341 2.3822 2.3124 2.2928 2.2928 2.1983 2.4731 3.4418 4.0630 3.7786 2.9599 2.3131 2.3145 2.4599 2.4714 2.4760 2.5022 2.5347 2.5730 2.6137 2.6490 2.6731 2.6874 2.7060 2.7298 2.7490 2.7674 2.7906 2.8183 2.8399 2.8430 2.8393 2.8395 2.8407 2.8434 2.8498 2.8537 2.8512 2.8453 2.8384 2.8318 2.8267 2.8268 2.8369 2.8423 2.8280 2.8139 2.8123 2.8162 2.8107 2.7853 2.7516 2.7226 2.6948 2.5648 2.0945
1.7317 1.9183 2.0060 2.0499 2.0610 2.0735 2.0958 2.1124 2.1176 2.1198 2.1451 2.1859 2.2137 2.2426 2.2760 2.2782 2.2673 2.2898 2.3342 2.3707 2.3712 2.3612 2.3815 2.3961 2.3845 2.3729 2.3612 2.3403 2.3293 2.3294 2.3148 2.2911 2.2733 2.2525 2.2260 2.2026 2.1793 2.1530 2.1342 2.1224 2.1057 2.0872 2.0773 2.0833 2.0246 1.8546 2.2089 3.2583 3.7233 3.2364 2.3760 1.8249 1.8588 1.9640 1.9691 1.9974 2.0376 2.0669 2.1092 2.1501 2.1597 2.1649 2.1847 2.2061 2.2233 2.2390 2.2617 2.2919 2.3187 2.3464 2.3816 2.4097 2.4258 2.4401 2.4465 2.4376 2.4250 2.4129 2.3948 2.3755 2.3603 2.3434 2.3265 2.3197 2.3254 2.3367 2.3337 2.3234 2.3316 2.3480 2.3520 2.3296 2.3097 2.3280 2.2946 2.2353 2.4341 3.0283 3.8774 4.1973 3.8710 3.9646 3.9970 3.0230 2.2737 2.4132 2.6388 2.7331 2.8251 2.8788 2.8751 2.8570 2.8369 2.8115 2.7836 2.7565 2.7324 2.7102 2.6903 2.6809 2.6811 2.6819 2.6872 2.6981 2.6985 2.6935 2.7041 2.7182 2.7200 2.7115 2.6972 2.6814 2.6690 2.6613 2.6527 2.6321 2.5929 2.5656 2.5641 2.5603 2.5369 2.4937 2.4570 2.4389 2.4203 2.3792 2.3146 2.2984 2.3022 2.2092 2.4814 3.4447 4.0655 3.7907 2.9886 2.3453 2.3245 2.4519 2.4643 2.4798 2.5175 2.5545 2.5882 2.6224 2.6606 2.6879 2.6976 2.7150 2.7444 2.7708 2.7943 2.8190 2.8472 2.8647 2.8540 2.8401 2.8421 2.8486 2.8561 2.8662 2.8693 2.8617 2.8530 2.8434 2.8294 2.8175 2.8164 2.8313 2.8406 2.8239 2.8138 2.8229 2.8274 2.8176 2.7940 2.7637 2.7302 2.6837 2.5558 2.1232
1.7297 1.9176 1.9934 2.0227 2.0301 2.0507 2.0836 2.1004 2.1092 2.1253 2.1513 2.1787 2.1956 2.2122 2.2337 2.2445 2.2531 2.2816 2.3291 2.3724 2.3688 2.3546 2.3878 2.4098 2.3891 2.3710 2.3637 2.3540 2.3414 2.3239 2.2965 2.2691 2.2525 2.2358 2.2150 2.1975 2.1804 2.1596 2.1394 2.1234 2.1110 2.0878 2.0541 2.0525 2.0069 1.8454 2.2062 3.2627 3.7158 3.2149 2.3744 1.8462 1.8768 1.9696 1.9667 1.9955 2.0329 2.0502 2.0821 2.1235 2.1467 2.1604 2.1767 2.1981 2.2166 2.2252 2.2422 2.2735 2.3025 2.3318 2.3686 2.3986 2.4153 2.4255 2.4296 2.4269 2.4227 2.4178 2.4080 2.3958 2.3846 2.3728 2.3604 2.3500 2.3469 2.3500 2.3422 2.3309 2.3396 2.3556 2.3584 2.3396 2.3263 2.3472 2.3068 2.2326 2.4216 3.0120 3.8593 4.1891 3.8752 3.9431 3.9471 2.9981 2.2783 2.4191 2.6411 2.7270 2.7985 2.8402 2.8398 2.8235 2.8016 2.7750 2.7460 2.7191 2.6995 2.6857 2.6747 2.6684 2.6653 2.6617 2.6649 2.6765 2.6756 2.6644 2.6651 2.6732 2.6777 2.6737 2.6602 2.6410 2.6318 2.6352 2.6248 2.5940 2.5560 2.5348 2.5371 2.5370 2.5166 2.4728 2.4322 2.4121 2.4042 2.3784 2.3200 2.3049 2.3109 2.2226 2.4961 3.4550 4.0840 3.8262 3.0201 2.3602 2.3291 2.4468 2.4535 2.4802 2.5340 2.5760 2.6038 2.6296 2.6688 2.7021 2.7152 2.7327 2.7616 2.7916 2.8196 2.8455 2.8688 2.8782 2.8622 2.8450 2.8450 2.8531 2.8647 2.8775 2.8769 2.8592 2.8404 2.8259 2.8147 2.8120 2.8205 2.8359 2.8407 2.8239 2.8179 2.8296 2.8277 2.8127 2.7975 2.7801 2.7475 2.6761 2.5382 2.1452
1.7278 1.9248 1.9949 2.0145 2.0210 2.0442 2.0792 2.0979 2.1087 2.1254 2.1457 2.1655 2.1813 2.1948 2.2084 2.2238 2.2406 2.2601 2.2965 2.3397 2.3422 2.3354 2.3745 2.4016 2.3833 2.3607 2.3567 2.3696 2.3637 2.3275 2.2887 2.2567 2.2306 2.2111 2.1989 2.1931 2.1816 2.1550 2.1236 2.1003 2.0922 2.0750 2.0379 2.0278 1.9825 1.8458 2.2423 3.3126 3.7122 3.1347 2.2916 1.8105 1.8839 1.9854 1.9708 2.0023 2.0426 2.0495 2.0697 2.1079 2.1380 2.1480 2.1465 2.1645 2.1915 2.2034 2.2219 2.2545 2.2798 2.3037 2.3399 2.3741 2.3954 2.4042 2.4080 2.4125 2.4118 2.4047 2.3967 2.3878 2.3778 2.3722 2.3699 2.3644 2.3578 2.3526 2.3440 2.3371 2.3431 2.3534 2.3555 2.3438 2.3381 2.3555 2.3067 2.2254 2.4058 2.9899 3.8403 4.1830 3.8809 3.9389 3.9285 2.9891 2.2787 2.4158 2.6389 2.7227 2.7752 2.8014 2.7980 2.7794 2.7555 2.7315 2.7080 2.6861 2.6686 2.6584 2.6556 2.6533 2.6490 2.6459 2.6469 2.6522 2.6554 2.6535 2.6477 2.6429 2.6418 2.6390 2.6285 2.6084 2.5968 2.5988 2.5855 2.5545 2.5244 2.5072 2.5046 2.5035 2.4893 2.4542 2.4167 2.3958 2.3974 2.3830 2.3225 2.3039 2.3098 2.2155 2.4881 3.4623 4.1010 3.8278 2.9793 2.2989 2.3044 2.4516 2.4560 2.4806 2.5382 2.5841 2.6116 2.6332 2.6687 2.7048 2.7280 2.7517 2.7796 2.8057 2.8288 2.8497 2.8695 2.8828 2.8820 2.8712 2.8606 2.8635 2.8752 2.8798 2.8695 2.8456 2.8205 2.8023 2.7968 2.8110 2.8379 2.8516 2.8429 2.8191 2.8095 2.8180 2.8154 2.8017 2.7897 2.7829 2.7624 2.6894 2.5465 2.1653
1.7202 1.9283 1.9989 2.0176 2.0325 2.0559 2.0828 2.0996 2.1084 2.1176 2.1363 2.1605 2.1786 2.1915 2.2034 2.2165 2.2281 2.2369 2.2601 2.2957 2.3074 2.3127 2.3474 2.3769 2.3749 2.3543 2.3493 2.3798 2.3805 2.3315 2.2894 2.2587 2.2240 2.1985 2.1903 2.1930 2.1840 2.1474 2.1045 2.0754 2.0680 2.0607 2.0372 2.0192 1.9656 1.8709 2.3138 3.3774 3.7150 3.0769 2.2500 1.8046 1.8807 1.9860 1.9837 2.0191 2.0554 2.0557 2.0695 2.1039 2.1323 2.1339 2.1190 2.1366 2.1730 2.1914 2.2132 2.2466 2.2670 2.2839 2.3160 2.3508 2.3751 2.3844 2.3900 2.4011 2.4006 2.3869 2.3780 2.3711 2.3612 2.3605 2.3684 2.3706 2.3652 2.3564 2.3500 2.3479 2.3482 2.3509 2.3532 2.3479 2.3472 2.3606 2.3084 2.2288 2.4032 2.9791 3.8329 4.1802 3.8781 3.9416 3.9427 3.0126 2.2964 2.4159 2.6337 2.7174 2.7577 2.7706 2.7609 2.7394 2.7168 2.6996 2.6845 2.6677 2.6480 2.6362 2.6394 2.6422 2.6395 2.6384 2.6369 2.6347 2.6435 2.6549 2.6466 2.6303 2.6211 2.6162 2.6079 2.5896 2.5733 2.5646 2.5480 2.5242 2.5049 2.4905 2.4799 2.4747 2.4662 2.4436 2.4134 2.3918 2.3967 2.3867 2.3237 2.3014 2.3067 2.2135 2.4963 3.4883 4.1100 3.7902 2.9268 2.2562 2.2708 2.4417 2.4743 2.4942 2.5365 2.5861 2.6225 2.6460 2.6749 2.7075 2.7378 2.7677 2.7952 2.8151 2.8310 2.8478 2.8670 2.8884 2.9078 2.9058 2.8828 2.8777 2.8862 2.8787 2.8584 2.8338 2.8084 2.7909 2.7918 2.8174 2.8535 2.8632 2.8435 2.8132 2.7965 2.7986 2.8002 2.7937 2.7820 2.7795 2.7723 2.7136 2.5675 2.1672
1.7053 1.9153 1.9878 2.0148 2.0508 2.0779 2.0896 2.0970 2.0994 2.1036 2.1369 2.1809 2.1922 2.1944 2.2079 2.2112 2.2092 2.2229 2.2462 2.2682 2.2830 2.2961 2.3177 2.3476 2.3706 2.3591 2.3473 2.3740 2.3714 2.3208 2.2885 2.2732 2.2473 2.2184 2.1992 2.1960 2.1858 2.1483 2.1065 2.0776 2.0641 2.0605 2.0557 2.0315 1.9701 1.9290 2.3999 3.4098 3.7331 3.1617 2.4229 1.9543 1.8810 1.9440 2.0033 2.0429 2.0558 2.0534 2.0719 2.1059 2.1259 2.1270 2.1246 2.1513 2.1895 2.2062 2.2253 2.2568 2.2783 2.2940 2.3179 2.3437 2.3634 2.3732 2.3829 2.3984 2.3985 2.3831 2.3768 2.3744 2.3669 2.3690 2.3806 2.3854 2.3824 2.3763 2.3714 2.3672 2.3609 2.3590 2.3626 2.3573 2.3558 2.3733 2.3269 2.2486 2.4145 2.9809 3.8350 4.1717 3.8481 3.9217 3.9606 3.0619 2.3418 2.4270 2.6261 2.7079 2.7441 2.7516 2.7392 2.7203 2.7043 2.6950 2.6850 2.6676 2.6412 2.6245 2.6310 2.6390 2.6385 2.6366 2.6338 2.6319 2.6425 2.6558 2.6477 2.6301 2.6187 2.6094 2.5983 2.5842 2.5663 2.5456 2.5253 2.5088 2.4979 2.4867 2.4730 2.4636 2.4562 2.4429 2.4196 2.3955 2.3930 2.3806 2.3257 2.3058 2.3118 2.2486 2.5662 3.5520 4.1117 3.7469 2.9863 2.3858 2.2713 2.3868 2.5002 2.5310 2.5392 2.5935 2.6475 2.6784 2.7017 2.7240 2.7484 2.7771 2.8048 2.8226 2.8392 2.8614 2.8816 2.9014 2.9246 2.9247 2.8974 2.8875 2.8919 2.8796 2.8570 2.8346 2.8140 2.8033 2.8111 2.8307 2.8493 2.8519 2.8363 2.8103 2.7899 2.7838 2.7892 2.7929 2.7856 2.7820 2.7759 2.7287 2.5741 2.1331
1.6961 1.8975 1.9625 1.9943 2.0532 2.0863 2.0849 2.0864 2.0869 2.0891 2.1352 2.1928 2.1903 2.1789 2.1968 2.1937 2.1808 2.2029 2.2289 2.2370 2.2511 2.2691 2.2790 2.3075 2.3493 2.3478 2.3317 2.3496 2.3425 2.2962 2.2760 2.2787 2.2707 2.2433 2.2073 2.1869 2.1708 2.1414 2.1082 2.0792 2.0575 2.0551 2.0656 2.0338 1.9655 1.9775 2.4593 3.4064 3.8219 3.4823 2.8807 2.2977 1.9173 1.8678 2.0052 2.0512 2.0348 2.0356 2.0651 2.1002 2.1108 2.1160 2.1359 2.1713 2.2040 2.2160 2.2290 2.2547 2.2796 2.2992 2.3149 2.3287 2.3417 2.3541 2.3688 2.3851 2.3881 2.3798 2.3791 2.3819 2.3802 2.3827 2.3903 2.3946 2.3951 2.3930 2.3863 2.3755 2.3642 2.3618 2.3673 2.3578 2.3517 2.3767 2.3387 2.2588 2.4169 2.9785 3.8371 4.1674 3.8255 3.9058 3.9726 3.0937 2.3684 2.4273 2.6055 2.6784 2.7119 2.7190 2.7077 2.6931 2.6837 2.6809 2.6755 2.6586 2.6275 2.6063 2.6142 2.6250 2.6251 2.6209 2.6191 2.6241 2.6342 2.6410 2.6340 2.6222 2.6130 2.5960 2.5756 2.5650 2.5499 2.5223 2.5008 2.4900 2.4828 2.4730 2.4594 2.4479 2.4407 2.4345 2.4176 2.3915 2.3776 2.3600 2.3193 2.3039 2.3075 2.2828 2.6341 3.5906 4.1211 3.8370 3.3477 2.8427 2.3841 2.2895 2.4959 2.5601 2.5350 2.5914 2.6600 2.6975 2.7190 2.7325 2.7458 2.7726 2.8045 2.8204 2.8362 2.8635 2.8831 2.8949 2.9100 2.9090 2.8872 2.8778 2.8788 2.8674 2.8474 2.8273 2.8124 2.8104 2.8239 2.8296 2.8198 2.8140 2.8082 2.7898 2.7635 2.7444 2.7511 2.7686 2.7738 2.7704 2.7592 2.7218 2.5637 2.0861
1.7062 1.8920 1.9336 1.9550 2.0240 2.0620 2.0583 2.0695 2.0810 2.0822 2.1174 2.1594 2.1430 2.1270 2.1512 2.1559 2.1456 2.1626 2.1789 2.1785 2.1932 2.2158 2.2247 2.2503 2.2919 2.2943 2.2850 2.3103 2.3090 2.2659 2.2477 2.2566 2.2618 2.2408 2.1965 2.1563 2.1293 2.1106 2.0834 2.0475 2.0220 2.0244 2.0422 1.9989 1.9229 1.9741 2.4602 3.3833 4.0162 4.0409 3.5730 2.7875 2.0118 1.7859 1.9715 2.0272 1.9956 2.0062 2.0450 2.0791 2.0853 2.0926 2.1202 2.1515 2.1752 2.1877 2.1973 2.2127 2.2379 2.2623 2.2741 2.2821 2.2946 2.3132 2.3322 2.3451 2.3541 2.3610 2.3661 2.3719 2.3789 2.3801 2.3782 2.3832 2.3890 2.3863 2.3741 2.3571 2.3448 2.3450 2.3523 2.3387 2.3277 2.3559 2.3205 2.2364 2.3917 2.9582 3.8317 4.1796 3.8495 3.9284 3.9771 3.0687 2.3309 2.3970 2.5662 2.6191 2.6439 2.6506 2.6411 2.6277 2.6194 2.6200 2.6229 2.6163 2.5889 2.5675 2.5756 2.5853 2.5829 2.5774 2.5796 2.5929 2.6036 2.6045 2.5978 2.5913 2.5841 2.5560 2.5206 2.5104 2.5015 2.4761 2.4586 2.4521 2.4433 2.4305 2.4167 2.4066 2.4032 2.4048 2.3952 2.3709 2.3501 2.3292 2.2999 2.2848 2.2789 2.2720 2.6252 3.5420 4.1528 4.1602 4.0879 3.6508 2.6471 2.1756 2.4347 2.5518 2.5151 2.5674 2.6352 2.6715 2.6966 2.7109 2.7194 2.7520 2.7940 2.8022 2.8041 2.8248 2.8393 2.8442 2.8520 2.8531 2.8438 2.8396 2.8388 2.8292 2.8111 2.7907 2.7787 2.7824 2.7991 2.7972 2.7714 2.7582 2.7539 2.7358 2.6967 2.6575 2.6622 2.6959 2.7216 2.7262 2.7143 2.6908 2.5462 2.0600
1.7259 1.9007 1.9273 1.9391 2.0038 2.0410 2.0421 2.0668 2.0925 2.0958 2.1093 2.1230 2.1025 2.0900 2.1123 2.1288 2.1330 2.1419 2.1461 2.1436 2.1545 2.1727 2.1831 2.2061 2.2397 2.2437 2.2449 2.2805 2.2869 2.2480 2.2300 2.2409 2.2542 2.2429 2.2012 2.1494 2.1113 2.0955 2.0693 2.0286 2.0038 2.0121 2.0343 1.9845 1.9041 1.9760 2.4630 3.3774 4.1565 4.4090 4.0031 3.0888 2.0983 1.7673 1.9627 2.0227 1.9910 2.0119 2.0521 2.0808 2.0888 2.1002 2.1256 2.1450 2.1587 2.1755 2.1849 2.1894 2.2121 2.2386 2.2466 2.2537 2.2721 2.2975 2.3178 2.3266 2.3401 2.3590 2.3661 2.3721 2.3873 2.3906 2.3840 2.3907 2.3998 2.3952 2.3792 2.3607 2.3509 2.3543 2.3618 2.3457 2.3315 2.3578 2.3198 2.2324 2.3886 2.9594 3.8377 4.1983 3.8846 3.9592 3.9804 3.0387 2.2960 2.3836 2.5479 2.5760 2.5884 2.5927 2.5839 2.5719 2.5654 2.5696 2.5820 2.5885 2.5700 2.5511 2.5576 2.5655 2.5627 2.5572 2.5615 2.5793 2.5917 2.5909 2.5829 2.5760 2.5673 2.5325 2.4889 2.4779 2.4740 2.4549 2.4419 2.4360 2.4238 2.4099 2.3996 2.3919 2.3916 2.4012 2.3994 2.3781 2.3559 2.3347 2.3093 2.2903 2.2738 2.2686 2.6125 3.5040 4.1925 4.4110 4.5658 4.1349 2.8190 2.1295 2.4052 2.5559 2.5227 2.5718 2.6306 2.6580 2.6847 2.7030 2.7102 2.7463 2.7922 2.7908 2.7792 2.7926 2.8027 2.8037 2.8091 2.8127 2.8101 2.8089 2.8083 2.8014 2.7841 2.7622 2.7538 2.7639 2.7824 2.7789 2.7496 2.7301 2.7223 2.7073 2.6644 2.6121 2.6091 2.6468 2.6857 2.6992 2.6914 2.6795 2.5511 2.0714
1.7407 1.9137 1.9555 1.9771 2.0262 2.0538 2.0591 2.0859 2.1161 2.1263 2.1272 2.1241 2.1165 2.1107 2.1143 2.1330 2.1564 2.1679 2.1713 2.1721 2.1693 2.1665 2.1710 2.1939 2.2265 2.2355 2.2402 2.2685 2.2725 2.2430 2.2360 2.2549 2.2746 2.2734 2.2441 2.1974 2.1535 2.1255 2.0966 2.0634 2.0415 2.0519 2.0814 2.0387 1.9620 2.0354 2.5238 3.4156 4.0761 4.1648 3.6941 2.8776 2.0915 1.8553 2.0264 2.0758 2.0532 2.0789 2.1098 2.1278 2.1427 2.1648 2.1905 2.1995 2.2039 2.2241 2.2350 2.2331 2.2524 2.2755 2.2748 2.2817 2.3097 2.3379 2.3555 2.3632 2.3758 2.3919 2.3944 2.3984 2.4182 2.4316 2.4342 2.4419 2.4488 2.4455 2.4337 2.4206 2.4158 2.4206 2.4257 2.4090 2.3945 2.4161 2.3742 2.2880 2.4459 3.0104 3.8680 4.2080 3.8850 3.9581 3.9852 3.0575 2.3297 2.4231 2.5740 2.5814 2.5836 2.5836 2.5734 2.5668 2.5691 2.5803 2.5989 2.6124 2.6017 2.5860 2.5886 2.5975 2.6010 2.5955 2.5951 2.6097 2.6238 2.6262 2.6156 2.6008 2.5855 2.5555 2.5224 2.5124 2.5079 2.4929 2.4802 2.4703 2.4569 2.4496 2.4505 2.4439 2.4402 2.4562 2.4610 2.4407 2.4214 2.4024 2.3729 2.3482 2.3276 2.3192 2.6717 3.5780 4.2151 4.2607 4.1386 3.6367 2.6503 2.2121 2.4831 2.6112 2.5852 2.6388 2.6902 2.7035 2.7232 2.7400 2.7445 2.7699 2.8018 2.7951 2.7862 2.8042 2.8147 2.8145 2.8233 2.8259 2.8143 2.8083 2.8100 2.8076 2.7922 2.7704 2.7695 2.7892 2.8097 2.8073 2.7801 2.7560 2.7479 2.7497 2.7274 2.6832 2.6663 2.6826 2.7123 2.7274 2.7249 2.7155 2.5919 2.1200
1.7496 1.8879 1.9357 1.9699 2.0017 2.0146 2.0182 2.0407 2.0684 2.0805 2.0731 2.0650 2.0795 2.0820 2.0610 2.0728 2.1079 2.1186 2.1225 2.1299 2.1137 2.0901 2.0948 2.1222 2.1533 2.1662 2.1674 2.1716 2.1648 2.1512 2.1610 2.1865 2.2050 2.2128 2.2046 2.1723 2.1296 2.0935 2.0635 2.0376 2.0182 2.0269 2.0580 2.0266 1.9586 2.0202 2.5293 3.4441 3.8885 3.6140 2.9859 2.3494 1.9581 1.9012 2.0184 2.0446 2.0343 2.0620 2.0839 2.0936 2.1129 2.1446 2.1749 2.1772 2.1716 2.1893 2.2018 2.2003 2.2163 2.2323 2.2235 2.2298 2.2632 2.2907 2.3052 2.3139 2.3236 2.3313 2.3269 2.3284 2.3516 2.3770 2.3935 2.4030 2.4064 2.4047 2.4009 2.3978 2.3983 2.4037 2.4075 2.3921 2.3797 2.3993 2.3577 2.2769 2.4375 3.0025 3.8630 4.2040 3.8763 3.9416 3.9654 3.0433 2.3135 2.3891 2.5177 2.5102 2.5110 2.5125 2.5012 2.4957 2.5017 2.5171 2.5378 2.5534 2.5502 2.5398 2.5389 2.5479 2.5556 2.5465 2.5375 2.5456 2.5581 2.5623 2.5515 2.5321 2.5116 2.4919 2.4768 2.4701 2.4626 2.4495 2.4408 2.4332 2.4185 2.4162 2.4291 2.4237 2.4137 2.4297 2.4362 2.4169 2.4043 2.3920 2.3606 2.3341 2.3106 2.2863 2.6564 3.6276 4.1928 3.9205 3.3171 2.7084 2.3019 2.2753 2.4967 2.5740 2.5643 2.6209 2.6600 2.6577 2.6705 2.6880 2.6920 2.7019 2.7146 2.7104 2.7079 2.7203 2.7270 2.7292 2.7416 2.7445 2.7291 2.7215 2.7260 2.7297 2.7220 2.7066 2.7056 2.7230 2.7467 2.7508 2.7299 2.7100 2.7070 2.7207 2.7209 2.6968 2.6687 2.6566 2.6684 2.6795 2.6810 2.6748 2.5709 2.1518
1.7789 1.8231 1.8297 1.8602 1.8813 1.8796 1.8732 1.8953 1.9208 1.9209 1.9015 1.8945 1.9293 1.9409 1.9028 1.9030 1.9312 1.9221 1.9164 1.9331 1.9155 1.8886 1.9104 1.9451 1.9630 1.9734 1.9695 1.9443 1.9271 1.9351 1.9582 1.9770 1.9808 1.9956 2.0152 1.9957 1.9591 1.9387 1.9143 1.8823 1.8640 1.8709 1.8897 1.8628 1.8032 1.8439 2.3942 3.4138 3.7604 3.2123 2.4139 1.8626 1.7487 1.7995 1.8435 1.8427 1.8432 1.8736 1.8975 1.9082 1.9227 1.9542 1.9907 1.9898 1.9718 1.9790 1.9918 1.9977 2.0101 2.0179 2.0094 2.0149 2.0429 2.0680 2.0835 2.0937 2.1030 2.1076 2.0991 2.0998 2.1283 2.1602 2.1817 2.1950 2.1993 2.1968 2.1987 2.2053 2.2093 2.2159 2.2233 2.2107 2.2006 2.2256 2.1929 2.1207 2.2818 2.8606 3.7776 4.1848 3.8922 3.9377 3.9082 2.9383 2.1676 2.2070 2.3097 2.2934 2.3045 2.3182 2.3081 2.2918 2.2852 2.2959 2.3142 2.3292 2.3340 2.3327 2.3326 2.3372 2.3377 2.3193 2.3028 2.3069 2.3125 2.3108 2.3061 2.2951 2.2778 2.2654 2.2611 2.2593 2.2508 2.2385 2.2463 2.2573 2.2387 2.2291 2.2462 2.2447 2.2314 2.2376 2.2384 2.2236 2.2213 2.2206 2.1989 2.1788 2.1478 2.0876 2.4604 3.5205 4.1174 3.7139 2.8389 2.1522 2.0621 2.2090 2.3181 2.3570 2.3790 2.4261 2.4409 2.4259 2.4423 2.4703 2.4789 2.4804 2.4848 2.4920 2.4850 2.4608 2.4512 2.4605 2.4716 2.4803 2.4870 2.4924 2.4986 2.5075 2.5158 2.5155 2.4970 2.4877 2.5161 2.5341 2.5218 2.5184 2.5254 2.5269 2.5268 2.5207 2.4933 2.4680 2.4705 2.4770 2.4792 2.4859 2.4383 2.1377
1.9591 1.9586 1.9324 1.9608 1.9737 1.9564 1.9401 1.9726 2.0039 1.9891 1.9630 1.9661 2.0163 2.0343 1.9868 1.9693 1.9750 1.9417 1.9323 1.9681 1.9589 1.9299 1.9545 1.9793 1.9743 1.9828 1.9878 1.9592 1.9515 1.9831 2.0058 2.0003 1.9798 2.0019 2.0509 2.0348 1.9979 2.0028 1.9888 1.9482 1.9401 1.9573 1.9666 1.9432 1.8872 1.8850 2.3953 3.4099 3.7104 3.0850 2.2644 1.7945 1.8243 1.9093 1.8964 1.8856 1.8981 1.9255 1.9517 1.9674 1.9743 1.9986 2.0356 2.0317 2.0034 1.9981 2.0115 2.0276 2.0329 2.0314 2.0335 2.0416 2.0569 2.0804 2.1037 2.1181 2.1247 2.1230 2.1118 2.1167 2.1530 2.1837 2.1972 2.2111 2.2220 2.2248 2.2294 2.2359 2.2375 2.2461 2.2612 2.2495 2.2364 2.2678 2.2522 2.1929 2.3296 2.8566 3.7341 4.1511 3.9034 3.9464 3.9034 2.9833 2.2475 2.2665 2.3522 2.3373 2.3551 2.3728 2.3604 2.3356 2.3194 2.3235 2.3314 2.3353 2.3419 2.3511 2.3588 2.3596 2.3483 2.3238 2.3072 2.3112 2.3093 2.2995 2.3021 2.3047 2.2957 2.2881 2.2879 2.2905 2.2808 2.2663 2.2959 2.3352 2.3136 2.2889 2.3015 2.3067 2.2970 2.2904 2.2850 2.2816 2.2906 2.2992 2.2903 2.2779 2.2397 2.1499 2.4719 3.4786 4.0760 3.7199 2.8642 2.2191 2.2287 2.3664 2.3647 2.3866 2.4387 2.4681 2.4595 2.4418 2.4672 2.5029 2.5094 2.5021 2.5045 2.5290 2.5198 2.4590 2.4376 2.4591 2.4662 2.4793 2.5128 2.5334 2.5378 2.5441 2.5626 2.5768 2.5419 2.5065 2.5394 2.5662 2.5528 2.5592 2.5723 2.5572 2.5508 2.5594 2.5410 2.5153 2.5143 2.5161 2.5157 2.5303 2.5147 2.2368
2.3673 2.4722 2.4862 2.5383 2.5397 2.5030 2.4826 2.5346 2.5828 2.5674 2.5532 2.5786 2.6360 2.6520 2.5981 2.5574 2.5346 2.4938 2.5038 2.5721 2.5725 2.5251 2.5190 2.5119 2.4856 2.4961 2.5261 2.5362 2.5661 2.6160 2.6196 2.5761 2.5318 2.5624 2.6341 2.6082 2.5576 2.5809 2.5796 2.5403 2.5552 2.5992 2.6178 2.6058 2.5476 2.4738 2.7846 3.5184 3.7156 3.2241 2.6409 2.3641 2.4627 2.5454 2.5213 2.5314 2.5593 2.5727 2.5890 2.6047 2.6083 2.6241 2.6512 2.6426 2.6111 2.5993 2.6149 2.6386 2.6318 2.6205 2.6421 2.6584 2.6595 2.6829 2.7196 2.7424 2.7397 2.7194 2.7065 2.7228 2.7676 2.7901 2.7848 2.7915 2.8122 2.8328 2.8388 2.8306 2.8231 2.8348 2.8593 2.8444 2.8198 2.8522 2.8579 2.8141 2.8852 3.2315 3.8483 4.1086 3.8786 3.9610 4.0272 3.3843 2.8564 2.9000 2.9871 2.9850 2.9925 2.9906 2.9677 2.9510 2.9478 2.9500 2.9383 2.9166 2.9134 2.9308 2.9542 2.9578 2.9388 2.9183 2.9115 2.9186 2.9149 2.9028 2.9070 2.9161 2.9160 2.9134 2.9144 2.9185 2.9045 2.8837 2.9294 2.9943 2.9746 2.9360 2.9377 2.9507 2.9531 2.9401 2.9343 2.9473 2.9644 2.9744 2.9720 2.9622 2.9232 2.8338 3.0299 3.7193 4.1439 3.9113 3.3137 2.8818 2.9466 3.0497 3.0061 3.0299 3.0935 3.1051 3.0869 3.0784 3.1077 3.1340 3.1206 3.0960 3.0967 3.1407 3.1481 3.0870 3.0731 3.1073 3.1124 3.1225 3.1626 3.1868 3.1846 3.1763 3.1868 3.2053 3.1740 3.1405 3.1764 3.1960 3.1641 3.1568 3.1651 3.1512 3.1521 3.1722 3.1639 3.1428 3.1403 3.1388 3.1341 3.1351 3.0681 2.5803
2.7296 2.9923 3.1097 3.2190 3.2071 3.1426 3.1081 3.1550 3.2139 3.2299 3.2588 3.3128 3.3567 3.3481 3.2833 3.2272 3.1940 3.1718 3.2158 3.3078 3.2996 3.2363 3.2469 3.2694 3.2566 3.2476 3.2540 3.2722 3.3140 3.3570 3.3392 3.2764 3.2291 3.2640 3.3343 3.2923 3.2369 3.2868 3.3056 3.2654 3.2771 3.3254 3.3585 3.3666 3.3117 3.1786 3.2709 3.6670 3.7558 3.4575 3.1736 3.0967 3.2138 3.2775 3.2619 3.2920 3.3282 3.3286 3.3275 3.3310 3.3284 3.3379 3.3577 3.3499 3.3237 3.3133 3.3307 3.3557 3.3410 3.3279 3.3676 3.3912 3.3797 3.3958 3.4362 3.4652 3.4538 3.4175 3.4120 3.4442 3.4899 3.5043 3.4879 3.4835 3.5042 3.5385 3.5494 3.5351 3.5262 3.5440 3.5767 3.5603 3.5276 3.5595 3.5794 3.5402 3.5338 3.6811 4.0061 4.0808 3.8551 3.9798 4.1743 3.8410 3.5529 3.6412 3.7336 3.7404 3.7379 3.7183 3.6878 3.6867 3.7003 3.6949 3.6670 3.6309 3.6139 3.6314 3.6744 3.6871 3.6614 3.6414 3.6394 3.6491 3.6532 3.6479 3.6430 3.6451 3.6536 3.6578 3.6576 3.6579 3.6392 3.6146 3.6621 3.7334 3.7191 3.6759 3.6665 3.6842 3.7016 3.6947 3.6888 3.6999 3.7138 3.7252 3.7338 3.7297 3.6908 3.6046 3.6698 4.0175 4.2341 4.1044 3.7910 3.5986 3.7040 3.7886 3.7530 3.7876 3.8513 3.8521 3.8259 3.8133 3.8304 3.8328 3.7909 3.7542 3.7643 3.8297 3.8685 3.8391 3.8291 3.8502 3.8582 3.8751 3.9128 3.9339 3.9269 3.9056 3.9016 3.9151 3.8984 3.8852 3.9255 3.9361 3.8890 3.8658 3.8662 3.8571 3.8624 3.8816 3.8768 3.8664 3.8786 3.8887 3.8817 3.8514 3.6990 2.9559
2.7669 3.1097 3.3494 3.5376 3.5137 3.4154 3.3479 3.3428 3.3899 3.4699 3.5700 3.6485 3.6528 3.5948 3.5145 3.4634 3.4526 3.4714 3.5452 3.6319 3.5875 3.5304 3.6625 3.8282 3.8800 3.8150 3.7086 3.6491 3.6351 3.6355 3.6114 3.5732 3.5556 3.5858 3.6211 3.5660 3.5338 3.6288 3.6756 3.6212 3.5770 3.5778 3.6129 3.6444 3.6076 3.4675 3.4843 3.7510 3.8051 3.5959 3.4381 3.4321 3.5338 3.5771 3.5578 3.5764 3.6049 3.6058 3.5889 3.5661 3.5493 3.5577 3.5853 3.5888 3.5745 3.5734 3.5898 3.6074 3.5967 3.5952 3.6418 3.6657 3.6458 3.6421 3.6656 3.6927 3.6808 3.6466 3.6628 3.7099 3.7428 3.7550 3.7498 3.7363 3.7390 3.7677 3.7898 3.7964 3.8047 3.8323 3.8690 3.8575 3.8305 3.8644 3.8817 3.8278 3.7727 3.8351 4.0605 4.0845 3.8708 3.9990 4.2205 3.9987 3.8109 3.9265 4.0120 4.0103 4.0141 4.0036 3.9793 3.9884 4.0014 3.9753 3.9464 3.9289 3.9036 3.9097 3.9698 3.9941 3.9600 3.9258 3.9125 3.9208 3.9413 3.9510 3.9271 3.9089 3.9250 3.9376 3.9338 3.9255 3.9052 3.8849 3.9164 3.9660 3.9574 3.9236 3.9089 3.9234 3.9510 3.9640 3.9531 3.9296 3.9251 3.9457 3.9766 3.9877 3.9459 3.8392 3.8482 4.0988 4.2436 4.1221 3.9092 3.8178 3.9412 4.0293 4.0147 4.0577 4.1212 4.1217 4.0779 4.0314 4.0179 3.9929 3.9288 3.8984 3.9353 4.0201 4.0930 4.1086 4.0781 4.0458 4.0619 4.1070 4.1484 4.1684 4.1638 4.1443 4.1338 4.1376 4.1316 4.1391 4.1870 4.2025 4.1640 4.1450 4.1433 4.1269 4.1164 4.1165 4.1051 4.1116 4.1631 4.2050 4.1990 4.1321 3.9295 3.1089
2.5450 2.8371 3.1161 3.3331 3.3008 3.1956 3.1185 3.0670 3.0870 3.1989 3.3338 3.4139 3.3849 3.3033 3.2366 3.2088 3.2177 3.2517 3.3237 3.3885 3.3205 3.2788 3.4961 3.7569 3.8521 3.7513 3.5682 3.4471 3.3796 3.3400 3.3228 3.3233 3.3363 3.3553 3.3534 3.2978 3.2926 3.4089 3.4668 3.4029 3.3147 3.2705 3.2930 3.3318 3.3134 3.2076 3.3088 3.7024 3.8115 3.5515 3.2867 3.1925 3.2656 3.3029 3.2723 3.2670 3.2849 3.2952 3.2702 3.2264 3.2042 3.2210 3.2613 3.2749 3.2703 3.2808 3.2943 3.2974 3.2917 3.3029 3.3464 3.3673 3.3479 3.3303 3.3350 3.3558 3.3494 3.3298 3.3648 3.4157 3.4305 3.4405 3.4507 3.4364 3.4249 3.4431 3.4724 3.5000 3.5260 3.5594 3.5929 3.5855 3.5670 3.5980 3.6020 3.5372 3.4998 3.6302 3.9741 4.0900 3.8957 4.0015 4.1554 3.8149 3.5421 3.6396 3.7088 3.6891 3.6973 3.7023 3.6911 3.7036 3.7075 3.6672 3.6495 3.6602 3.6321 3.6235 3.6881 3.7186 3.6815 3.6403 3.6191 3.6230 3.6523 3.6734 3.6404 3.6093 3.6261 3.6417 3.6370 3.6250 3.6079 3.5942 3.6078 3.6307 3.6242 3.6027 3.5888 3.5931 3.6167 3.6461 3.6356 3.5853 3.5690 3.5948 3.6304 3.6512 3.6161 3.4930 3.5454 3.9541 4.1765 3.9769 3.6501 3.4828 3.5930 3.6950 3.6917 3.7346 3.7962 3.7997 3.7471 3.6805 3.6537 3.6230 3.5599 3.5430 3.5948 3.6784 3.7604 3.8013 3.7541 3.6822 3.7011 3.7644 3.8097 3.8308 3.8324 3.8235 3.8148 3.8100 3.8038 3.8185 3.8716 3.8999 3.8824 3.8760 3.8761 3.8546 3.8283 3.8080 3.7901 3.8102 3.8887 3.9469 3.9345 3.8495 3.6659 2.9760
2.2276 2.3406 2.5125 2.6599 2.6251 2.5606 2.5281 2.4850 2.4773 2.5410 2.6266 2.6743 2.6453 2.6036 2.6001 2.6057 2.6016 2.5915 2.6168 2.6611 2.6159 2.5830 2.7251 2.8943 2.9503 2.8813 2.7648 2.6914 2.6398 2.5983 2.5939 2.6127 2.6267 2.6326 2.6211 2.5812 2.5813 2.6620 2.6954 2.6426 2.5806 2.5462 2.5472 2.5656 2.5506 2.4931 2.7909 3.5096 3.7455 3.3212 2.7536 2.4430 2.4921 2.5466 2.5090 2.4922 2.5095 2.5307 2.5095 2.4677 2.4619 2.4955 2.5415 2.5534 2.5495 2.5688 2.5793 2.5658 2.5572 2.5708 2.6047 2.6231 2.6148 2.6053 2.6083 2.6222 2.6229 2.6205 2.6551 2.6921 2.6937 2.6960 2.7071 2.7026 2.7001 2.7183 2.7416 2.7636 2.7893 2.8190 2.8416 2.8305 2.8116 2.8300 2.8183 2.7660 2.8231 3.1554 3.7781 4.0788 3.9015 3.9802 4.0165 3.3853 2.8709 2.8972 2.9488 2.9133 2.9073 2.9123 2.9119 2.9227 2.9218 2.8914 2.8895 2.9120 2.8856 2.8684 2.9193 2.9440 2.9155 2.8932 2.8845 2.8831 2.9011 2.9201 2.9034 2.8832 2.8899 2.8992 2.9001 2.8967 2.8869 2.8760 2.8847 2.8988 2.8883 2.8709 2.8618 2.8520 2.8545 2.8819 2.8842 2.8512 2.8471 2.8640 2.8656 2.8781 2.8687 2.7589 2.9383 3.6698 4.0734 3.7524 3.1515 2.7612 2.8265 2.9390 2.9264 2.9587 3.0138 3.0168 2.9814 2.9465 2.9498 2.9502 2.9178 2.9090 2.9416 2.9920 3.0416 3.0666 3.0338 2.9837 2.9924 3.0365 3.0769 3.0996 3.1065 3.1071 3.1046 3.0968 3.0792 3.0815 3.1314 3.1693 3.1678 3.1677 3.1711 3.1613 3.1393 3.1136 3.0985 3.1198 3.1815 3.2124 3.1805 3.1103 3.0148 2.6027
2.0265 1.9678 2.0142 2.0844 2.0554 2.0315 2.0411 2.0288 2.0135 2.0217 2.0410 2.0475 2.0259 2.0296 2.0818 2.1166 2.1002 2.0442 2.0250 2.0597 2.0520 2.0223 2.0428 2.0688 2.0636 2.0443 2.0308 2.0320 2.0218 2.0000 2.0035 2.0194 2.0202 2.0150 2.0055 1.9814 1.9761 2.0089 2.0084 1.9689 1.9562 1.9586 1.9502 1.9486 1.9261 1.8907 2.3407 3.3348 3.6826 3.1199 2.2894 1.7913 1.8250 1.9028 1.8694 1.8542 1.8752 1.9043 1.8977 1.8748 1.8851 1.9257 1.9689 1.9764 1.9724 1.9965 2.0069 1.9888 1.9842 1.9992 2.0190 2.0305 2.0333 2.0404 2.0497 2.0550 2.0596 2.0699 2.0914 2.1068 2.1030 2.1001 2.1051 2.1096 2.1215 2.1439 2.1557 2.1589 2.1740 2.1966 2.2102 2.1936 2.1708 2.1799 2.1562 2.1137 2.2590 2.7801 3.6574 4.1132 3.9289 3.9759 3.9147 3.0306 2.3031 2.2667 2.3089 2.2662 2.2467 2.2486 2.2557 2.2632 2.2614 2.2493 2.2595 2.2821 2.2650 2.2499 2.2802 2.2927 2.2749 2.2741 2.2808 2.2764 2.2782 2.2882 2.2921 2.2895 2.2863 2.2912 2.3017 2.3074 2.3023 2.2935 2.3055 2.3207 2.3033 2.2827 2.2770 2.2583 2.2422 2.2586 2.2713 2.2664 2.2804 2.2871 2.2530 2.2578 2.2755 2.1770 2.4533 3.4432 4.0129 3.6221 2.7922 2.1955 2.2131 2.3284 2.3019 2.3219 2.3700 2.3745 2.3668 2.3781 2.4165 2.4460 2.4426 2.4416 2.4555 2.4716 2.4817 2.4828 2.4781 2.4720 2.4699 2.4820 2.5082 2.5297 2.5407 2.5458 2.5473 2.5409 2.5160 2.5055 2.5444 2.5758 2.5732 2.5777 2.5931 2.6013 2.5904 2.5669 2.5563 2.5690 2.5954 2.5936 2.5529 2.5031 2.4679 2.2599
2.0614 1.9601 1.9881 2.0597 2.0447 2.0188 2.0181 2.0210 2.0280 2.0401 2.0417 2.0239 1.9932 1.9944 2.0449 2.0916 2.0934 2.0431 2.0227 2.0613 2.0708 2.0436 2.0198 1.9960 1.9724 1.9683 1.9812 1.9960 2.0008 1.9959 1.9954 1.9958 1.9884 1.9777 1.9635 1.9409 1.9332 1.9502 1.9343 1.8931 1.8992 1.9269 1.9341 1.9370 1.9041 1.8422 2.2862 3.3142 3.6905 3.1234 2.2563 1.7228 1.7485 1.8380 1.8219 1.8166 1.8385 1.8687 1.8833 1.8847 1.8920 1.9170 1.9509 1.9611 1.9636 1.9881 2.0037 2.0019 2.0185 2.0423 2.0472 2.0450 2.0498 2.0662 2.0780 2.0725 2.0745 2.0887 2.0945 2.0927 2.0916 2.0927 2.0950 2.0975 2.1097 2.1319 2.1359 2.1258 2.1307 2.1493 2.1631 2.1456 2.1227 2.1364 2.1071 2.0495 2.2067 2.7832 3.7432 4.2318 4.0072 4.0202 3.9329 2.9962 2.2293 2.1889 2.2355 2.1968 2.1835 2.1924 2.2041 2.2098 2.2083 2.2056 2.2182 2.2392 2.2392 2.2366 2.2515 2.2533 2.2399 2.2406 2.2466 2.2433 2.2401 2.2433 2.2518 2.2553 2.2521 2.2640 2.2850 2.2897 2.2816 2.2767 2.2928 2.3078 2.2853 2.2590 2.2510 2.2343 2.2180 2.2261 2.2344 2.2347 2.2542 2.2615 2.2253 2.2379 2.2655 2.1466 2.4026 3.4180 4.0444 3.6966 2.8397 2.1871 2.1806 2.2914 2.2631 2.2773 2.3223 2.3353 2.3479 2.3793 2.4200 2.4436 2.4413 2.4531 2.4795 2.4883 2.4857 2.4873 2.5015 2.5169 2.5154 2.5112 2.5182 2.5336 2.5475 2.5508 2.5504 2.5478 2.5313 2.5233 2.5470 2.5520 2.5290 2.5420 2.5804 2.6001 2.5924 2.5695 2.5575 2.5577 2.5596 2.5558 2.5357 2.4866 2.4094 2.1678
2.1028 2.0579 2.1449 2.2580 2.2574 2.2165 2.1938 2.2026 2.2307 2.2567 2.2593 2.2364 2.2038 2.1919 2.2156 2.2545 2.2728 2.2474 2.2436 2.2858 2.2987 2.2769 2.2575 2.2435 2.2319 2.2230 2.2161 2.2107 2.2103 2.2115 2.2027 2.1882 2.1771 2.1670 2.1507 2.1224 2.1103 2.1284 2.1132 2.0684 2.0677 2.0970 2.1194 2.1313 2.0901 2.0018 2.3948 3.3618 3.7274 3.2057 2.3960 1.8904 1.9061 1.9961 1.9994 2.0082 2.0293 2.0520 2.0805 2.1029 2.1054 2.1137 2.1379 2.1517 2.1608 2.1832 2.2066 2.2275 2.2599 2.2871 2.2875 2.2789 2.2802 2.2985 2.3103 2.2975 2.2940 2.3045 2.2976 2.2872 2.2934 2.3020 2.3028 2.2970 2.3002 2.3171 2.3195 2.3070 2.3045 2.3181 2.3345 2.3198 2.2998 2.3205 2.2879 2.2115 2.3533 2.9205 3.8676 4.3310 4.0746 4.0756 4.0028 3.0977 2.3572 2.3283 2.3836 2.3564 2.3566 2.3731 2.3847 2.3903 2.3907 2.3900 2.4000 2.4197 2.4336 2.4413 2.4465 2.4448 2.4369 2.4293 2.4246 2.4232 2.4236 2.4261 2.4317 2.4340 2.4353 2.4598 2.4920 2.4927 2.4782 2.4746 2.4923 2.5079 2.4880 2.4609 2.4483 2.4339 2.4220 2.4253 2.4271 2.4256 2.4467 2.4602 2.4350 2.4529 2.4707 2.3216 2.5218 3.4698 4.0895 3.8031 3.0003 2.3682 2.3564 2.4661 2.4466 2.4598 2.5038 2.5283 2.5522 2.5838 2.6104 2.6178 2.6103 2.6319 2.6744 2.6917 2.6960 2.7080 2.7272 2.7447 2.7499 2.7460 2.7424 2.7504 2.7621 2.7624 2.7617 2.7646 2.7584 2.7554 2.7686 2.7551 2.7189 2.7370 2.7885 2.8125 2.8061 2.7854 2.7726 2.7631 2.7496 2.7537 2.7595 2.7069 2.5615 2.1997
1.9822 2.0202 2.1771 2.3201 2.3287 2.2921 2.2761 2.2922 2.3139 2.3166 2.3049 2.2898 2.2821 2.2837 2.2936 2.3095 2.3152 2.2975 2.2991 2.3336 2.3471 2.3338 2.3197 2.3181 2.3239 2.3125 2.2879 2.2677 2.2574 2.2523 2.2393 2.2208 2.2063 2.2012 2.1941 2.1625 2.1397 2.1532 2.1460 2.1096 2.0930 2.0997 2.1139 2.1201 2.0762 2.0005 2.4084 3.3790 3.7440 3.2243 2.4209 1.9124 1.9125 1.9979 2.0124 2.0358 2.0570 2.0648 2.0912 2.1255 2.1378 2.1467 2.1645 2.1764 2.1857 2.2052 2.2360 2.2707 2.2957 2.3118 2.3240 2.3257 2.3239 2.3392 2.3514 2.3390 2.3315 2.3341 2.3214 2.3114 2.3244 2.3370 2.3351 2.3225 2.3159 2.3243 2.3301 2.3263 2.3198 2.3243 2.3378 2.3265 2.3108 2.3301 2.2932 2.2159 2.3654 2.9368 3.8691 4.3205 4.0733 4.1001 4.0466 3.1306 2.3670 2.3237 2.3827 2.3689 2.3770 2.3924 2.3986 2.4051 2.4094 2.4086 2.4164 2.4351 2.4506 2.4573 2.4572 2.4617 2.4662 2.4538 2.4388 2.4383 2.4455 2.4538 2.4603 2.4619 2.4661 2.4999 2.5420 2.5431 2.5236 2.5162 2.5320 2.5509 2.5421 2.5227 2.5078 2.4888 2.4736 2.4756 2.4810 2.4875 2.5147 2.5322 2.5091 2.5144 2.5063 2.3405 2.5320 3.4695 4.0786 3.7869 2.9889 2.3643 2.3557 2.4747 2.4679 2.4816 2.5248 2.5585 2.5870 2.6126 2.6304 2.6376 2.6406 2.6626 2.6989 2.7244 2.7406 2.7547 2.7672 2.7788 2.7898 2.7971 2.8001 2.8033 2.8058 2.8052 2.8107 2.8207 2.8150 2.8082 2.8218 2.8186 2.7957 2.8094 2.8485 2.8720 2.8719 2.8580 2.8505 2.8386 2.8128 2.8115 2.8247 2.7803 2.6170 2.2082
1.9549 1.9974 2.1579 2.3074 2.3273 2.3070 2.3060 2.3245 2.3315 2.3085 2.2825 2.2741 2.2891 2.3096 2.3193 2.3189 2.3077 2.2890 2.2899 2.3150 2.3241 2.3112 2.2955 2.2988 2.3157 2.3060 2.2743 2.2466 2.2263 2.2114 2.1987 2.1836 2.1660 2.1626 2.1642 2.1356 2.1046 2.1041 2.1022 2.0822 2.0541 2.0328 2.0266 2.0249 1.9843 1.9205 2.3600 3.3745 3.7409 3.1863 2.3637 1.8521 1.8527 1.9386 1.9574 1.9927 2.0166 2.0117 2.0312 2.0721 2.0981 2.1118 2.1209 2.1260 2.1328 2.1501 2.1845 2.2239 2.2371 2.2425 2.2677 2.2827 2.2806 2.2906 2.3011 2.2932 2.2863 2.2845 2.2726 2.2649 2.2758 2.2863 2.2852 2.2749 2.2647 2.2632 2.2708 2.2784 2.2737 2.2707 2.2752 2.2633 2.2514 2.2675 2.2306 2.1631 2.3214 2.8901 3.8054 4.2475 4.0168 4.0846 4.0575 3.1136 2.3096 2.2483 2.3094 2.3058 2.3193 2.3323 2.3328 2.3398 2.3489 2.3501 2.3566 2.3716 2.3838 2.3880 2.3879 2.4002 2.4151 2.4023 2.3850 2.3907 2.4054 2.4191 2.4304 2.4362 2.4435 2.4779 2.5185 2.5179 2.4969 2.4880 2.5020 2.5205 2.5147 2.4995 2.4883 2.4723 2.4608 2.4682 2.4798 2.4905 2.5167 2.5334 2.5131 2.5035 2.4647 2.2891 2.4941 3.4493 4.0553 3.7390 2.9219 2.2914 2.2870 2.4145 2.4147 2.4293 2.4725 2.5097 2.5383 2.5599 2.5761 2.5924 2.6128 2.6344 2.6581 2.6868 2.7100 2.7203 2.7237 2.7294 2.7447 2.7640 2.7783 2.7801 2.7726 2.7670 2.7758 2.7937 2.7913 2.7851 2.8050 2.8185 2.8128 2.8178 2.8377 2.8590 2.8646 2.8561 2.8542 2.8433 2.8098 2.7976 2.8052 2.7687 2.6162 2.2127
2.2059 2.1252 2.1872 2.3224 2.3622 2.3594 2.3599 2.3714 2.3745 2.3558 2.3307 2.3179 2.3301 2.3525 2.3683 2.3724 2.3636 2.3477 2.3504 2.3723 2.3695 2.3424 2.3207 2.3224 2.3389 2.3317 2.3017 2.2698 2.2421 2.2222 2.2134 2.2036 2.1830 2.1726 2.1717 2.1527 2.1233 2.1030 2.0974 2.0934 2.0659 2.0279 2.0036 2.0045 1.9718 1.8846 2.3185 3.3703 3.7302 3.1316 2.3065 1.8234 1.8512 1.9466 1.9647 2.0072 2.0366 2.0291 2.0482 2.0939 2.1252 2.1348 2.1305 2.1284 2.1347 2.1510 2.1830 2.2204 2.2347 2.2424 2.2688 2.2875 2.2889 2.2931 2.2979 2.2952 2.2947 2.2966 2.2897 2.2801 2.2771 2.2804 2.2862 2.2895 2.2849 2.2747 2.2779 2.2912 2.2943 2.2902 2.2833 2.2654 2.2548 2.2721 2.2420 2.1839 2.3301 2.8693 3.7580 4.1773 3.9369 4.0349 4.0454 3.0970 2.2787 2.2178 2.2815 2.2810 2.3013 2.3181 2.3171 2.3233 2.3355 2.3429 2.3487 2.3568 2.3681 2.3768 2.3810 2.3956 2.4116 2.4020 2.3938 2.4133 2.4341 2.4477 2.4656 2.4820 2.4945 2.5190 2.5420 2.5338 2.5154 2.5127 2.5278 2.5382 2.5180 2.4969 2.4967 2.5004 2.5080 2.5265 2.5383 2.5393 2.5512 2.5631 2.5547 2.5411 2.4767 2.2897 2.4972 3.4535 4.0645 3.7549 2.9335 2.2956 2.2913 2.4173 2.4129 2.4285 2.4734 2.5074 2.5343 2.5578 2.5770 2.6012 2.6341 2.6609 2.6818 2.7080 2.7291 2.7358 2.7356 2.7398 2.7583 2.7827 2.8010 2.8044 2.7929 2.7760 2.7784 2.8028 2.8159 2.8247 2.8499 2.8652 2.8600 2.8590 2.8710 2.8901 2.8958 2.8872 2.8862 2.8765 2.8420 2.8229 2.8202 2.7790 2.6356 2.2484
2.4704 2.2715 2.2253 2.3446 2.4112 2.4279 2.4263 2.4311 2.4357 2.4276 2.4058 2.3851 2.3868 2.4043 2.4237 2.4350 2.4344 2.4266 2.4323 2.4482 2.4300 2.3885 2.3644 2.3652 2.3763 2.3663 2.3363 2.3041 2.2755 2.2566 2.2539 2.2486 2.2225 2.1993 2.1894 2.1793 2.1579 2.1260 2.1126 2.1132 2.0898 2.0471 2.0127 2.0198 1.9939 1.8750 2.2884 3.3650 3.7295 3.1118 2.2928 1.8327 1.8779 1.9744 1.9853 2.0291 2.0651 2.0632 2.0864 2.1327 2.1595 2.1619 2.1528 2.1534 2.1643 2.1774 2.2010 2.2327 2.2530 2.2676 2.2890 2.3066 2.3133 2.3120 2.3099 2.3137 2.3225 2.3293 2.3245 2.3105 2.2967 2.2953 2.3077 2.3233 2.3261 2.3123 2.3090 2.3200 2.3280 2.3287 2.3203 2.2981 2.2841 2.3011 2.2754 2.2207 2.3543 2.8736 3.7524 4.1491 3.8759 3.9832 4.0295 3.0967 2.2814 2.2217 2.2815 2.2773 2.3017 2.3256 2.3284 2.3314 2.3412 2.3538 2.3613 2.3656 2.3779 2.3906 2.3959 2.4081 2.4232 2.4217 2.4260 2.4540 2.4754 2.4875 2.5132 2.5411 2.5576 2.5703 2.5754 2.5630 2.5518 2.5575 2.5734 2.5763 2.5464 2.5255 2.5390 2.5596 2.5780 2.5964 2.6022 2.5963 2.6020 2.6138 2.6127 2.5947 2.5114 2.3139 2.5170 3.4673 4.0890 3.8015 2.9794 2.3285 2.3202 2.4408 2.4288 2.4458 2.4941 2.5250 2.5505 2.5772 2.5998 2.6281 2.6663 2.6955 2.7149 2.7386 2.7585 2.7661 2.7660 2.7702 2.7901 2.8144 2.8308 2.8375 2.8309 2.8119 2.8085 2.8319 2.8587 2.8834 2.9081 2.9145 2.9034 2.9042 2.9185 2.9320 2.9335 2.9265 2.9277 2.9214 2.8913 2.8676 2.8495 2.7929 2.6579 2.3010
2.5002 2.3026 2.2264 2.3475 2.4433 2.4811 2.4830 2.4887 2.4933 2.4822 2.4550 2.4297 2.4305 2.4468 2.4616 2.4672 2.4669 2.4702 2.4780 2.4785 2.4458 2.4007 2.3835 2.3898 2.3972 2.3765 2.3390 2.3111 2.2894 2.2748 2.2782 2.2755 2.2417 2.2057 2.1864 2.1787 2.1658 2.1382 2.1179 2.1067 2.0827 2.0435 2.0080 2.0185 1.9956 1.8648 2.2699 3.3591 3.7465 3.1477 2.3319 1.8621 1.8912 1.9701 1.9676 2.0079 2.0499 2.0583 2.0862 2.1276 2.1429 2.1425 2.1458 2.1630 2.1821 2.1878 2.1991 2.2239 2.2460 2.2631 2.2801 2.2977 2.3093 2.3039 2.2975 2.3088 2.3255 2.3331 2.3235 2.3057 2.2940 2.2960 2.3102 2.3271 2.3322 2.3211 2.3138 2.3162 2.3211 2.3286 2.3332 2.3141 2.2931 2.3046 2.2742 2.2154 2.3525 2.8871 3.7871 4.1742 3.8598 3.9569 4.0267 3.1166 2.3061 2.2330 2.2784 2.2659 2.2887 2.3192 2.3303 2.3286 2.3291 2.3418 2.3540 2.3622 2.3759 2.3865 2.3866 2.3944 2.4114 2.4218 2.4343 2.4564 2.4709 2.4836 2.5170 2.5525 2.5700 2.5769 2.5768 2.5697 2.5682 2.5799 2.5943 2.5965 2.5787 2.5743 2.5981 2.6172 2.6223 2.6217 2.6187 2.6212 2.6430 2.6640 2.6547 2.6218 2.5267 2.3227 2.5223 3.4716 4.1044 3.8318 3.0016 2.3329 2.3188 2.4372 2.4225 2.4418 2.4941 2.5259 2.5515 2.5789 2.6022 2.6302 2.6659 2.6885 2.7020 2.7279 2.7546 2.7676 2.7687 2.7712 2.7899 2.8118 2.8256 2.8361 2.8417 2.8385 2.8381 2.8508 2.8781 2.9087 2.9261 2.9220 2.9090 2.9203 2.9422 2.9462 2.9423 2.9430 2.9512 2.9508 2.9280 2.8996 2.8617 2.7846 2.6588 2.3448
2.3152 2.2144 2.1988 2.3474 2.4684 2.5195 2.5228 2.5291 2.5353 2.5242 2.4918 2.4607 2.4635 2.4800 2.4857 2.4788 2.4737 2.4863 2.4955 2.4795 2.4345 2.3905 2.3846 2.4006 2.4077 2.3776 2.3347 2.3162 2.3015 2.2846 2.2892 2.2901 2.2560 2.2155 2.1905 2.1796 2.1690 2.1470 2.1208 2.0946 2.0655 2.0293 1.9970 2.0104 1.9929 1.8728 2.2834 3.3686 3.7593 3.1712 2.3588 1.8812 1.8940 1.9565 1.9430 1.9799 2.0279 2.0474 2.0786 2.1133 2.1198 2.1237 2.1457 2.1764 2.1959 2.1915 2.1922 2.2116 2.2307 2.2455 2.2608 2.2789 2.2929 2.2894 2.2847 2.2982 2.3167 2.3245 2.3123 2.2934 2.2855 2.2935 2.3110 2.3239 2.3254 2.3168 2.3102 2.3086 2.3080 2.3156 2.3277 2.3148 2.2949 2.3032 2.2656 2.2007 2.3446 2.8979 3.8163 4.2007 3.8642 3.9581 4.0439 3.1464 2.3329 2.2426 2.2733 2.2523 2.2711 2.3069 2.3277 2.3237 2.3153 2.3254 2.3418 2.3568 2.3731 2.3832 2.3825 2.3872 2.4021 2.4182 2.4327 2.4445 2.4496 2.4608 2.4987 2.5392 2.5585 2.5672 2.5701 2.5667 2.5710 2.5887 2.6024 2.6069 2.6086 2.6211 2.6436 2.6510 2.6415 2.6292 2.6241 2.6373 2.6780 2.7078 2.6821 2.6307 2.5293 2.3227 2.5195 3.4657 4.0974 3.8250 2.9930 2.3225 2.3094 2.4297 2.4170 2.4393 2.4931 2.5233 2.5481 2.5762 2.5992 2.6220 2.6471 2.6627 2.6772 2.7106 2.7438 2.7573 2.7575 2.7581 2.7722 2.7924 2.8098 2.8247 2.8382 2.8501 2.8550 2.8582 2.8811 2.9130 2.9278 2.9189 2.9046 2.9246 2.9546 2.9547 2.9487 2.9545 2.9653 2.9677 2.9509 2.9183 2.8635 2.7699 2.6433 2.3480
2.0137 2.0571 2.1677 2.3621 2.4982 2.5499 2.5472 2.5479 2.5587 2.5626 2.5327 2.4928 2.4929 2.5073 2.5046 2.4873 2.4764 2.4920 2.5009 2.4754 2.4223 2.3786 2.3820 2.4060 2.4145 2.3843 2.3467 2.3402 2.3258 2.2955 2.2954 2.3036 2.2808 2.2468 2.2201 2.2032 2.1868 2.1611 2.1293 2.0954 2.0608 2.0232 1.9933 2.0099 2.0029 1.9103 2.3357 3.3991 3.7508 3.1352 2.3309 1.8743 1.8971 1.9598 1.9426 1.9787 2.0320 2.0600 2.0925 2.1232 2.1300 2.1429 2.1767 2.2045 2.2110 2.1983 2.1952 2.2116 2.2253 2.2358 2.2518 2.2689 2.2816 2.2870 2.2905 2.2987 2.3117 2.3217 2.3156 2.2990 2.2875 2.2988 2.3241 2.3333 2.3262 2.3156 2.3150 2.3207 2.3184 2.3156 2.3170 2.3087 2.3028 2.3151 2.2742 2.2058 2.3487 2.8994 3.8088 4.1909 3.8671 3.9806 4.0771 3.1691 2.3417 2.2459 2.2719 2.2457 2.2614 2.3004 2.3284 2.3265 2.3156 2.3237 2.3420 2.3613 2.3797 2.3948 2.4047 2.4103 2.4155 2.4259 2.4372 2.4432 2.4417 2.4482 2.4853 2.5278 2.5515 2.5681 2.5766 2.5691 2.5719 2.5971 2.6134 2.6192 2.6336 2.6498 2.6579 2.6546 2.6474 2.6471 2.6513 2.6668 2.7120 2.7410 2.6987 2.6333 2.5299 2.3234 2.5166 3.4533 4.0686 3.7840 2.9646 2.3165 2.3139 2.4395 2.4319 2.4569 2.5082 2.5317 2.5533 2.5829 2.6064 2.6209 2.6308 2.6456 2.6733 2.7152 2.7462 2.7507 2.7473 2.7478 2.7558 2.7767 2.8068 2.8263 2.8365 2.8492 2.8562 2.8592 2.8811 2.9151 2.9374 2.9324 2.9156 2.9355 2.9705 2.9777 2.9752 2.9780 2.9815 2.9797 2.9656 2.9308 2.8668 2.7660 2.6241 2.3074
1.7782 1.9629 2.1792 2.3948 2.5317 2.5803 2.5736 2.5678 2.5799 2.5966 2.5744 2.5318 2.5243 2.5324 2.5271 2.5069 2.4913 2.5008 2.5042 2.4760 2.4250 2.3851 2.3885 2.4069 2.4098 2.3882 2.3661 2.3658 2.3440 2.3006 2.2998 2.3184 2.3063 2.2757 2.2451 2.2244 2.2048 2.1746 2.1375 2.1002 2.0685 2.0350 2.0042 2.0163 2.0146 1.9512 2.3906 3.4225 3.7278 3.0851 2.2943 1.8683 1.9122 1.9819 1.9619 1.9940 2.0467 2.0783 2.1136 2.1467 2.1578 2.1723 2.2000 2.2128 2.2075 2.1983 2.1993 2.2120 2.2231 2.2339 2.2499 2.2626 2.2707 2.2830 2.2946 2.2996 2.3075 2.3187 2.3210 2.3092 2.2920 2.3022 2.3314 2.3346 2.3178 2.3050 2.3128 2.3308 2.3312 2.3199 2.3090 2.3013 2.3059 2.3231 2.2810 2.2098 2.3527 2.8987 3.7908 4.1715 3.8734 4.0082 4.0991 3.1571 2.3159 2.2414 2.2787 2.2495 2.2639 2.3029 2.3307 2.3303 2.3222 2.3332 2.3532 2.3710 2.3831 2.3982 2.4208 2.4317 2.4300 2.4340 2.4416 2.4451 2.4449 2.4524 2.4831 2.5188 2.5432 2.5675 2.5840 2.5765 2.5781 2.6071 2.6269 2.6357 2.6535 2.6654 2.6613 2.6558 2.6587 2.6723 2.6861 2.7024 2.7407 2.7574 2.7016 2.6298 2.5277 2.3207 2.5105 3.4425 4.0503 3.7610 2.9515 2.3180 2.3215 2.4526 2.4513 2.4759 2.5244 2.5478 2.5666 2.5920 2.6156 2.6276 2.6296 2.6459 2.6806 2.7172 2.7366 2.7336 2.7299 2.7330 2.7409 2.7666 2.8081 2.8315 2.8373 2.8463 2.8549 2.8637 2.8877 2.9218 2.9476 2.9476 2.9339 2.9526 2.9887 3.0050 3.0080 3.0067 3.0019 2.9951 2.9834 2.9494 2.8814 2.7759 2.6219 2.2949
1.7202 2.0034 2.2481 2.4379 2.5620 2.6124 2.6121 2.6061 2.6129 2.6260 2.6113 2.5770 2.5602 2.5581 2.5560 2.5418 2.5242 2.5195 2.5110 2.4850 2.4476 2.4178 2.4121 2.4081 2.3937 2.3839 2.3816 2.3769 2.3437 2.2982 2.3050 2.3326 2.3216 2.2845 2.2461 2.2258 2.2109 2.1815 2.1402 2.1017 2.0838 2.0633 2.0273 2.0240 2.0165 1.9749 2.4230 3.4239 3.7045 3.0629 2.2880 1.8824 1.9424 2.0170 1.9916 2.0134 2.0574 2.0864 2.1266 2.1680 2.1828 2.1861 2.1894 2.1835 2.1783 2.1880 2.1988 2.2051 2.2193 2.2381 2.2511 2.2557 2.2574 2.2681 2.2828 2.2925 2.3007 2.3095 2.3169 2.3111 2.2921 2.2977 2.3210 2.3154 2.2927 2.2818 2.2974 2.3242 2.3298 2.3198 2.3074 2.2952 2.2963 2.3154 2.2712 2.1937 2.3478 2.9079 3.7896 4.1659 3.8850 4.0270 4.0957 3.1089 2.2613 2.2307 2.2931 2.2639 2.2780 2.3129 2.3325 2.3299 2.3270 2.3461 2.3690 2.3796 2.3764 2.3818 2.4103 2.4285 2.4284 2.4324 2.4388 2.4425 2.4522 2.4705 2.4922 2.5123 2.5311 2.5582 2.5830 2.5854 2.5909 2.6164 2.6386 2.6527 2.6671 2.6742 2.6721 2.6749 2.6854 2.6990 2.7154 2.7364 2.7619 2.7573 2.6922 2.6209 2.5215 2.3127 2.5007 3.4393 4.0610 3.7837 2.9697 2.3237 2.3220 2.4572 2.4621 2.4834 2.5316 2.5664 2.5848 2.5983 2.6221 2.6420 2.6486 2.6649 2.6900 2.7030 2.7048 2.7033 2.7054 2.7139 2.7304 2.7628 2.8060 2.8310 2.8389 2.8489 2.8612 2.8768 2.9042 2.9345 2.9511 2.9517 2.9499 2.9721 3.0063 3.0267 3.0342 3.0333 3.0264 3.0190 3.0108 2.9795 2.9088 2.7948 2.6438 2.3534
1.7522 2.0753 2.3088 2.4649 2.5742 2.6321 2.6505 2.6569 2.6592 2.6557 2.6405 2.6171 2.5966 2.5848 2.5804 2.5727 2.5583 2.5398 2.5188 2.4964 2.4738 2.4572 2.4495 2.4267 2.3901 2.3813 2.3883 2.3754 2.3394 2.3048 2.3148 2.3377 2.3233 2.2852 2.2472 2.2270 2.2109 2.1800 2.1400 2.1077 2.0997 2.0842 2.0413 2.0218 2.0070 1.9876 2.4505 3.4330 3.7025 3.0680 2.3004 1.9017 1.9700 2.0502 2.0235 2.0360 2.0684 2.0901 2.1301 2.1762 2.1942 2.1887 2.1723 2.1558 2.1574 2.1864 2.2049 2.2037 2.2217 2.2488 2.2574 2.2544 2.2515 2.2567 2.2698 2.2852 2.2937 2.2969 2.3055 2.3065 2.2925 2.2941 2.3077 2.2981 2.2794 2.2764 2.2949 2.3200 2.3266 2.3197 2.3080 2.2885 2.2826 2.3062 2.2552 2.1610 2.3441 2.9471 3.8150 4.1666 3.8872 4.0326 4.0931 3.0886 2.2362 2.2212 2.3021 2.2827 2.2942 2.3208 2.3335 2.3293 2.3293 2.3523 2.3762 2.3837 2.3748 2.3750 2.4010 2.4191 2.4195 2.4224 2.4291 2.4379 2.4591 2.4872 2.5053 2.5176 2.5342 2.5598 2.5842 2.5919 2.5986 2.6177 2.6396 2.6571 2.6681 2.6774 2.6887 2.7013 2.7136 2.7258 2.7457 2.7712 2.7824 2.7562 2.6846 2.6137 2.5141 2.3061 2.4977 3.4435 4.0752 3.8038 2.9808 2.3220 2.3188 2.4604 2.4718 2.4935 2.5430 2.5849 2.6023 2.6092 2.6383 2.6684 2.6789 2.6935 2.7096 2.7047 2.6938 2.6943 2.7031 2.7179 2.7394 2.7703 2.8056 2.8279 2.8399 2.8553 2.8723 2.8911 2.9200 2.9465 2.9534 2.9533 2.9623 2.9888 3.0221 3.0455 3.0564 3.0574 3.0538 3.0492 3.0403 3.0073 2.9314 2.8037 2.6601 2.4290
1.7873 2.0964 2.3180 2.4641 2.5668 2.6355 2.6802 2.7103 2.7145 2.6898 2.6635 2.6458 2.6300 2.6124 2.5952 2.5885 2.5817 2.5561 2.5262 2.5050 2.4892 2.4832 2.4868 2.4624 2.4095 2.3884 2.3883 2.3695 2.3446 2.3303 2.3318 2.3326 2.3145 2.2884 2.2632 2.2393 2.2105 2.1741 2.1428 2.1234 2.1113 2.0848 2.0365 2.0074 1.9887 1.9941 2.4830 3.4662 3.7264 3.0834 2.3108 1.9122 1.9855 2.0740 2.0529 2.0613 2.0850 2.0978 2.1281 2.1683 2.1886 2.1865 2.1709 2.1575 2.1653 2.2010 2.2201 2.2142 2.2321 2.2608 2.2662 2.2602 2.2562 2.2573 2.2670 2.2833 2.2891 2.2856 2.2923 2.2997 2.2961 2.2975 2.3035 2.2984 2.2938 2.3030 2.3182 2.3295 2.3298 2.3220 2.3079 2.2823 2.2738 2.3049 2.2391 2.1198 2.3660 3.0595 3.9120 4.2036 3.8924 4.0406 4.1295 3.1562 2.2851 2.2119 2.2905 2.3007 2.3071 2.3210 2.3344 2.3323 2.3304 2.3478 2.3693 2.3823 2.3860 2.3931 2.4110 2.4193 2.4140 2.4110 2.4178 2.4363 2.4638 2.4929 2.5153 2.5355 2.5584 2.5793 2.5917 2.5920 2.5945 2.6093 2.6285 2.6452 2.6578 2.6779 2.7066 2.7235 2.7330 2.7525 2.7811 2.8057 2.8036 2.7618 2.6842 2.6085 2.5043 2.3038 2.5069 3.4538 4.0761 3.7915 2.9627 2.3082 2.3161 2.4678 2.4863 2.5152 2.5670 2.6030 2.6184 2.6321 2.6716 2.7067 2.7136 2.7268 2.7466 2.7440 2.7310 2.7271 2.7383 2.7578 2.7735 2.7905 2.8115 2.8271 2.8413 2.8633 2.8838 2.9003 2.9263 2.9515 2.9586 2.9610 2.9733 3.0001 3.0336 3.0612 3.0754 3.0785 3.0820 3.0809 3.0635 3.0223 2.9385 2.7931 2.6627 2.5113
1.8030 2.0857 2.3070 2.4639 2.5701 2.6467 2.7079 2.7557 2.7651 2.7288 2.6916 2.6717 2.6596 2.6403 2.6133 2.6042 2.6011 2.5733 2.5370 2.5095 2.4901 2.4841 2.4913 2.4731 2.4258 2.4033 2.3970 2.3757 2.3624 2.3644 2.3560 2.3348 2.3109 2.2923 2.2752 2.2455 2.2091 2.1785 2.1583 2.1434 2.1205 2.0833 2.0363 2.0004 1.9712 1.9879 2.5006 3.4972 3.7405 3.0681 2.2938 1.9127 2.0038 2.1017 2.0814 2.0868 2.1075 2.1161 2.1336 2.1586 2.1751 2.1809 2.1786 2.1730 2.1793 2.2066 2.2236 2.2224 2.2351 2.2552 2.2621 2.2600 2.2569 2.2589 2.2690 2.2841 2.2880 2.2822 2.2860 2.2949 2.2991 2.3025 2.3056 2.3058 2.3126 2.3302 2.3405 2.3374 2.3284 2.3198 2.3101 2.2853 2.2743 2.3019 2.2111 2.0817 2.4625 3.3367 4.2078 4.3992 3.9787 4.1076 4.2578 3.3403 2.4055 2.1813 2.2410 2.3163 2.3226 2.3193 2.3373 2.3393 2.3334 2.3429 2.3614 2.3800 2.3940 2.4069 2.4208 2.4253 2.4193 2.4140 2.4209 2.4441 2.4709 2.4949 2.5183 2.5454 2.5740 2.5888 2.5880 2.5826 2.5862 2.6036 2.6220 2.6373 2.6545 2.6836 2.7205 2.7379 2.7483 2.7798 2.8141 2.8284 2.8118 2.7583 2.6735 2.5902 2.4823 2.2969 2.5199 3.4692 4.0805 3.7818 2.9462 2.2956 2.3154 2.4768 2.5011 2.5385 2.5937 2.6243 2.6438 2.6703 2.7126 2.7456 2.7547 2.7738 2.8011 2.8053 2.7918 2.7793 2.7868 2.8057 2.8127 2.8149 2.8220 2.8330 2.8493 2.8724 2.8913 2.9037 2.9230 2.9467 2.9642 2.9767 2.9896 3.0097 3.0363 3.0637 3.0832 3.0946 3.1068 3.1054 3.0746 3.0264 2.9398 2.7784 2.7018 2.7153
1.8041 2.0731 2.3039 2.4805 2.5970 2.6751 2.7347 2.7851 2.8001 2.7679 2.7279 2.7011 2.6856 2.6661 2.6392 2.6262 2.6186 2.5911 2.5498 2.5081 2.4768 2.4592 2.4511 2.4380 2.4200 2.4181 2.4175 2.3969 2.3871 2.3944 2.3825 2.3523 2.3216 2.2966 2.2723 2.2369 2.2066 2.1965 2.1842 2.1589 2.1281 2.0933 2.0545 2.0131 1.9647 1.9686 2.4879 3.5008 3.7215 3.0096 2.2475 1.9090 2.0338 2.1402 2.1108 2.1104 2.1329 2.1444 2.1513 2.1578 2.1647 2.1755 2.1866 2.1853 2.1808 2.1898 2.2061 2.2196 2.2235 2.2272 2.2408 2.2481 2.2465 2.2538 2.2699 2.2850 2.2907 2.2885 2.2896 2.2943 2.2993 2.3052 2.3102 2.3116 2.3193 2.3367 2.3433 2.3332 2.3171 2.3107 2.3145 2.2991 2.2837 2.2911 2.1696 2.0608 2.6520 3.7900 4.7117 4.7762 4.1910 4.2785 4.5055 3.6566 2.6073 2.1355 2.1558 2.3300 2.3448 2.3213 2.3452 2.3514 2.3417 2.3462 2.3626 2.3806 2.3897 2.3990 2.4179 2.4324 2.4367 2.4375 2.4449 2.4636 2.4832 2.4992 2.5148 2.5374 2.5649 2.5739 2.5668 2.5660 2.5802 2.6060 2.6271 2.6434 2.6652 2.6948 2.7255 2.7429 2.7617 2.8029 2.8343 2.8314 2.7997 2.7364 2.6424 2.5521 2.4462 2.2818 2.5291 3.4860 4.0975 3.7970 2.9530 2.2951 2.3167 2.4821 2.5095 2.5525 2.6132 2.6481 2.6797 2.7176 2.7514 2.7777 2.8012 2.8342 2.8658 2.8700 2.8516 2.8299 2.8288 2.8414 2.8429 2.8377 2.8369 2.8480 2.8668 2.8832 2.8951 2.9040 2.9145 2.9342 2.9668 2.9946 3.0082 3.0160 3.0280 3.0503 3.0780 3.1050 3.1243 3.1159 3.0700 3.0207 2.9395 2.7674 2.7894 3.0563
1.8332 2.0833 2.3098 2.4939 2.6160 2.6926 2.7472 2.7970 2.8168 2.7921 2.7579 2.7315 2.7099 2.6847 2.6553 2.6363 2.6224 2.5955 2.5506 2.4964 2.4557 2.4282 2.4035 2.3913 2.3978 2.4160 2.4239 2.4064 2.3986 2.4082 2.3974 2.3684 2.3389 2.3074 2.2706 2.2302 2.2058 2.2064 2.1924 2.1574 2.1324 2.1100 2.0759 2.0363 1.9795 1.9514 2.4476 3.4662 3.6817 2.9593 2.2195 1.9176 2.0663 2.1779 2.1409 2.1321 2.1523 2.1662 2.1675 2.1637 2.1673 2.1792 2.1906 2.1852 2.1714 2.1702 2.1890 2.2140 2.2124 2.2052 2.2236 2.2379 2.2377 2.2479 2.2682 2.2869 2.2958 2.2955 2.2942 2.2956 2.3005 2.3085 2.3158 2.3178 2.3226 2.3341 2.3364 2.3245 2.3068 2.3025 2.3141 2.3081 2.2923 2.2796 2.1382 2.0746 2.8824 4.2520 5.1676 5.1281 4.4878 4.5620 4.8433 4.1007 2.9376 2.1430 2.0769 2.3452 2.3713 2.3299 2.3609 2.3716 2.3584 2.3584 2.3712 2.3846 2.3849 2.3891 2.4142 2.4399 2.4554 2.4656 2.4760 2.4886 2.4984 2.5048 2.5125 2.5295 2.5532 2.5588 2.5506 2.5551 2.5757 2.6041 2.6270 2.6456 2.6696 2.6955 2.7183 2.7386 2.7660 2.8065 2.8296 2.8165 2.7771 2.7064 2.6028 2.5098 2.4138 2.2688 2.5331 3.4957 4.1110 3.8160 2.9721 2.3074 2.3185 2.4757 2.5019 2.5514 2.6211 2.6631 2.7046 2.7509 2.7812 2.8067 2.8427 2.8856 2.9192 2.9228 2.9012 2.8730 2.8645 2.8712 2.8692 2.8617 2.8592 2.8699 2.8874 2.8983 2.9046 2.9090 2.9112 2.9253 2.9633 2.9949 3.0035 3.0054 3.0136 3.0361 3.0731 3.1130 3.1316 3.1104 3.0515 3.0015 2.9243 2.7449 2.8432 3.3098
1.8997 2.1169 2.3180 2.4896 2.6053 2.6821 2.7414 2.7953 2.8173 2.7953 2.7717 2.7559 2.7292 2.6911 2.6514 2.6260 2.6093 2.5821 2.5360 2.4789 2.4365 2.4066 2.3756 2.3605 2.3707 2.3932 2.4046 2.3912 2.3874 2.4002 2.3924 2.3706 2.3535 2.3251 2.2806 2.2364 2.2088 2.1994 2.1748 2.1392 2.1321 2.1237 2.0850 2.0559 2.0104 1.9443 2.3944 3.4066 3.6442 2.9529 2.2361 1.9433 2.0906 2.2027 2.1667 2.1501 2.1617 2.1727 2.1738 2.1730 2.1828 2.1913 2.1876 2.1719 2.1580 2.1626 2.1861 2.2122 2.2122 2.2061 2.2233 2.2379 2.2390 2.2453 2.2638 2.2893 2.3018 2.2982 2.2951 2.2976 2.3048 2.3130 2.3196 2.3237 2.3284 2.3335 2.3304 2.3184 2.3060 2.3026 2.3085 2.3048 2.2940 2.2736 2.1329 2.1173 3.0593 4.5226 5.3432 5.2741 4.7711 4.8734 5.1498 4.5495 3.3347 2.2283 2.0392 2.3608 2.3943 2.3423 2.3800 2.3951 2.3796 2.3749 2.3827 2.3922 2.3905 2.3946 2.4209 2.4487 2.4680 2.4846 2.4992 2.5091 2.5111 2.5096 2.5154 2.5323 2.5536 2.5584 2.5511 2.5545 2.5703 2.5923 2.6134 2.6334 2.6556 2.6770 2.6977 2.7243 2.7555 2.7835 2.7966 2.7864 2.7494 2.6749 2.5645 2.4753 2.3953 2.2620 2.5309 3.4948 4.1088 3.8148 2.9826 2.3240 2.3198 2.4599 2.4813 2.5391 2.6196 2.6657 2.7092 2.7605 2.8011 2.8357 2.8737 2.9149 2.9472 2.9532 2.9341 2.9054 2.8957 2.9002 2.8944 2.8865 2.8874 2.8946 2.9053 2.9160 2.9220 2.9211 2.9174 2.9256 2.9550 2.9739 2.9713 2.9765 2.9967 3.0278 3.0715 3.1140 3.1236 3.0891 3.0228 2.9702 2.8915 2.7097 2.8121 3.3088
1.9405 2.1305 2.3145 2.4714 2.5733 2.6568 2.7354 2.7934 2.8114 2.7910 2.7736 2.7621 2.7299 2.6821 2.6360 2.6106 2.5965 2.5686 2.5264 2.4783 2.4350 2.3970 2.3629 2.3474 2.3557 2.3736 2.3824 2.3720 2.3686 2.3776 2.3723 2.3605 2.3566 2.3374 2.2952 2.2484 2.2148 2.1979 2.1672 2.1303 2.1280 2.1194 2.0724 2.0529 2.0228 1.9370 2.3619 3.3786 3.6435 2.9810 2.2707 1.9660 2.0975 2.2055 2.1747 2.1596 2.1670 2.1729 2.1766 2.1820 2.1909 2.1907 2.1761 2.1594 2.1530 2.1652 2.1900 2.2133 2.2179 2.2173 2.2307 2.2427 2.2446 2.2449 2.2585 2.2894 2.3065 2.3022 2.2989 2.3026 2.3098 2.3140 2.3157 2.3222 2.3314 2.3369 2.3303 2.3177 2.3139 2.3148 2.3117 2.3016 2.2917 2.2755 2.1475 2.1376 3.0261 4.3837 5.1180 5.1385 4.8565 4.9589 5.1422 4.6584 3.5200 2.3162 2.0542 2.3659 2.3988 2.3459 2.3835 2.4013 2.3884 2.3828 2.3900 2.4031 2.4103 2.4202 2.4420 2.4625 2.4768 2.4911 2.5038 2.5111 2.5120 2.5116 2.5186 2.5358 2.5569 2.5616 2.5526 2.5497 2.5603 2.5816 2.6012 2.6169 2.6334 2.6492 2.6668 2.6971 2.7295 2.7451 2.7489 2.7416 2.7090 2.6365 2.5278 2.4478 2.3815 2.2511 2.5205 3.4912 4.0924 3.7738 2.9529 2.3208 2.3218 2.4570 2.4759 2.5376 2.6230 2.6697 2.7123 2.7671 2.8202 2.8647 2.8999 2.9305 2.9533 2.9589 2.9466 2.9264 2.9213 2.9242 2.9125 2.9038 2.9102 2.9146 2.9172 2.9273 2.9342 2.9307 2.9241 2.9285 2.9511 2.9616 2.9522 2.9551 2.9774 3.0118 3.0532 3.0875 3.0910 3.0553 2.9910 2.9383 2.8628 2.6927 2.7286 3.0555
1.9393 2.1091 2.2945 2.4473 2.5358 2.6304 2.7348 2.7897 2.7975 2.7818 2.7632 2.7417 2.7045 2.6570 2.6142 2.5961 2.5883 2.5615 2.5285 2.4967 2.4485 2.3941 2.3585 2.3473 2.3549 2.3665 2.3703 2.3618 2.3534 2.3506 2.3467 2.3444 2.3459 2.3354 2.3036 2.2556 2.2190 2.2090 2.1831 2.1402 2.1212 2.0962 2.0435 2.0271 2.0050 1.9292 2.3690 3.4056 3.6832 3.0195 2.2951 1.9708 2.0859 2.1880 2.1628 2.1596 2.1721 2.1732 2.1782 2.1852 2.1818 2.1716 2.1615 2.1575 2.1619 2.1744 2.1942 2.2143 2.2228 2.2264 2.2369 2.2462 2.2481 2.2450 2.2544 2.2858 2.3074 2.3083 2.3067 2.3089 2.3127 2.3100 2.3050 2.3123 2.3286 2.3418 2.3358 2.3215 2.3262 2.3343 2.3262 2.3039 2.2885 2.2863 2.1757 2.1162 2.7601 3.8439 4.5688 4.7767 4.6771 4.7277 4.7585 4.3045 3.3528 2.3485 2.1159 2.3589 2.3829 2.3386 2.3681 2.3871 2.3828 2.3815 2.3934 2.4167 2.4398 2.4581 2.4705 2.4775 2.4813 2.4858 2.4900 2.4933 2.5006 2.5107 2.5183 2.5327 2.5551 2.5605 2.5475 2.5362 2.5459 2.5768 2.5961 2.6018 2.6121 2.6218 2.6315 2.6591 2.6909 2.7002 2.6963 2.6853 2.6549 2.5903 2.4934 2.4256 2.3669 2.2348 2.5070 3.4913 4.0709 3.7054 2.8881 2.2957 2.3272 2.4771 2.4983 2.5564 2.6375 2.6824 2.7252 2.7826 2.8410 2.8892 2.9207 2.9373 2.9437 2.9454 2.9417 2.9352 2.9372 2.9381 2.9209 2.9105 2.9200 2.9237 2.9214 2.9276 2.9337 2.9320 2.9254 2.9293 2.9546 2.9707 2.9633 2.9535 2.9588 2.9852 3.0143 3.0323 3.0361 3.0126 2.9580 2.9094 2.8462 2.7055 2.6376 2.6534
1.9780 2.0981 2.2719 2.4291 2.5145 2.6115 2.7178 2.7559 2.7527 2.7473 2.7281 2.6949 2.6590 2.6195 2.5818 2.5664 2.5621 2.5427 2.5202 2.4958 2.4414 2.3809 2.3571 2.3497 2.3431 2.3488 2.3573 2.3524 2.3407 2.3316 2.3311 2.3338 2.3305 2.3185 2.2919 2.2450 2.2090 2.2055 2.1864 2.1434 2.1137 2.0796 2.0286 2.0124 1.9933 1.9404 2.4037 3.4435 3.7089 3.0277 2.2898 1.9576 2.0695 2.1715 2.1509 2.1579 2.1752 2.1707 2.1698 2.1734 2.1676 2.1604 2.1599 2.1662 2.1764 2.1875 2.1986 2.2095 2.2194 2.2290 2.2387 2.2443 2.2448 2.2443 2.2542 2.2800 2.3011 2.3078 2.3075 2.3073 2.3099 2.3068 2.3009 2.3062 2.3227 2.3397 2.3368 2.3244 2.3329 2.3428 2.3307 2.3011 2.2865 2.3051 2.2147 2.1012 2.4912 3.3208 4.1010 4.4563 4.3946 4.4172 4.3648 3.8080 2.9859 2.3184 2.1914 2.3559 2.3693 2.3390 2.3623 2.3836 2.3897 2.3933 2.4061 2.4312 2.4610 2.4809 2.4816 2.4767 2.4747 2.4754 2.4766 2.4792 2.4924 2.5099 2.5154 2.5248 2.5475 2.5582 2.5484 2.5309 2.5353 2.5674 2.5825 2.5814 2.5928 2.6018 2.6024 2.6219 2.6477 2.6494 2.6387 2.6253 2.5997 2.5464 2.4640 2.4083 2.3572 2.2309 2.5088 3.4965 4.0637 3.6775 2.8619 2.2889 2.3402 2.5034 2.5279 2.5790 2.6524 2.6965 2.7401 2.7964 2.8527 2.8972 2.9223 2.9284 2.9262 2.9305 2.9340 2.9312 2.9341 2.9367 2.9242 2.9144 2.9181 2.9195 2.9178 2.9216 2.9266 2.9276 2.9238 2.9292 2.9556 2.9747 2.9700 2.9546 2.9499 2.9684 2.9840 2.9846 2.9825 2.9635 2.9155 2.8703 2.8211 2.7193 2.5893 2.3523
2.0771 2.1182 2.2567 2.4196 2.5120 2.5974 2.6755 2.6873 2.6773 2.6855 2.6717 2.6348 2.6057 2.5768 2.5423 2.5209 2.5126 2.5039 2.4882 2.4573 2.4015 2.3555 2.3579 2.3503 2.3144 2.3150 2.3376 2.3360 2.3250 2.3219 2.3284 2.3315 2.3181 2.2952 2.2644 2.2199 2.1860 2.1793 2.1626 2.1293 2.1081 2.0821 2.0396 2.0228 2.0041 1.9730 2.4473 3.4619 3.6947 2.9943 2.2570 1.9361 2.0592 2.1682 2.1507 2.1593 2.1757 2.1659 2.1537 2.1521 2.1604 2.1688 2.1728 2.1780 2.1871 2.1981 2.2005 2.1967 2.2069 2.2257 2.2373 2.2388 2.2364 2.2428 2.2572 2.2734 2.2876 2.2956 2.2941 2.2930 2.3005 2.3069 2.3085 2.3098 2.3173 2.3299 2.3307 2.3246 2.3314 2.3352 2.3195 2.2919 2.2879 2.3267 2.2567 2.1206 2.3651 3.0674 3.9312 4.3205 4.1417 4.1966 4.1848 3.4226 2.5977 2.2532 2.2576 2.3629 2.3689 2.3549 2.3794 2.4046 2.4179 2.4238 2.4293 2.4412 2.4629 2.4769 2.4693 2.4599 2.4603 2.4673 2.4749 2.4814 2.4952 2.5107 2.5124 2.5163 2.5356 2.5543 2.5570 2.5385 2.5317 2.5505 2.5563 2.5544 2.5744 2.5888 2.5842 2.5931 2.6071 2.5989 2.5838 2.5732 2.5563 2.5149 2.4446 2.3991 2.3579 2.2452 2.5275 3.5028 4.0760 3.7158 2.9033 2.3167 2.3604 2.5241 2.5506 2.5954 2.6627 2.7092 2.7534 2.8043 2.8530 2.8879 2.9028 2.9049 2.9078 2.9228 2.9297 2.9180 2.9145 2.9218 2.9234 2.9172 2.9079 2.9048 2.9075 2.9105 2.9131 2.9156 2.9175 2.9264 2.9474 2.9591 2.9530 2.9461 2.9508 2.9687 2.9763 2.9651 2.9484 2.9189 2.8692 2.8222 2.7799 2.7152 2.5997 2.2781
2.1381 2.1389 2.2486 2.4066 2.4967 2.5682 2.6249 2.6246 2.6142 2.6298 2.6249 2.5938 2.5659 2.5409 2.5136 2.4879 2.4689 2.4581 2.4394 2.4036 2.3614 2.3433 2.3670 2.3566 2.2991 2.2934 2.3184 2.3082 2.2954 2.3041 2.3193 2.3250 2.3116 2.2875 2.2554 2.2114 2.1745 2.1598 2.1425 2.1188 2.1079 2.0902 2.0526 2.0334 2.0132 1.9959 2.4747 3.4658 3.6715 2.9602 2.2343 1.9294 2.0586 2.1712 2.1561 2.1625 2.1760 2.1650 2.1512 2.1510 2.1673 2.1785 2.1754 2.1760 2.1847 2.1946 2.1913 2.1810 2.1957 2.2246 2.2402 2.2402 2.2351 2.2423 2.2566 2.2664 2.2728 2.2747 2.2688 2.2693 2.2871 2.3067 2.3168 2.3163 2.3167 2.3251 2.3286 2.3275 2.3321 2.3320 2.3173 2.2942 2.2954 2.3396 2.2848 2.1564 2.3410 2.9868 3.8992 4.2662 3.9621 4.0632 4.1268 3.2102 2.3565 2.2276 2.3122 2.3655 2.3677 2.3722 2.4024 2.4279 2.4412 2.4460 2.4407 2.4350 2.4486 2.4645 2.4625 2.4573 2.4593 2.4685 2.4798 2.4896 2.5009 2.5110 2.5136 2.5149 2.5231 2.5412 2.5535 2.5397 2.5290 2.5382 2.5357 2.5304 2.5521 2.5717 2.5706 2.5714 2.5737 2.5648 2.5536 2.5463 2.5354 2.5032 2.4432 2.4071 2.3721 2.2602 2.5344 3.4977 4.0876 3.7646 2.9554 2.3482 2.3791 2.5401 2.5679 2.6102 2.6766 2.7281 2.7723 2.8158 2.8559 2.8801 2.8834 2.8843 2.8941 2.9120 2.9190 2.9075 2.9014 2.9069 2.9131 2.9087 2.8946 2.8906 2.8933 2.8875 2.8817 2.8848 2.8957 2.9127 2.9312 2.9360 2.9278 2.9294 2.9454 2.9663 2.9737 2.9612 2.9389 2.9031 2.8498 2.7924 2.7420 2.6982 2.6260 2.3229
2.0958 2.1291 2.2419 2.3866 2.4592 2.5205 2.5783 2.5869 2.5804 2.5923 2.5972 2.5798 2.5433 2.5130 2.4997 2.4780 2.4466 2.4191 2.3896 2.3580 2.3419 2.3529 2.3833 2.3701 2.3106 2.2964 2.3051 2.2760 2.2569 2.2739 2.2966 2.3104 2.3116 2.3010 2.2751 2.2290 2.1849 2.1625 2.1427 2.1218 2.1137 2.0964 2.0557 2.0295 2.0050 1.9949 2.4801 3.4654 3.6602 2.9462 2.2358 1.9413 2.0624 2.1712 2.1598 2.1660 2.1775 2.1689 2.1666 2.1758 2.1835 2.1763 2.1585 2.1582 2.1715 2.1779 2.1733 2.1698 2.1924 2.2273 2.2471 2.2491 2.2426 2.2431 2.2521 2.2627 2.2648 2.2563 2.2452 2.2495 2.2780 2.3066 2.3210 2.3226 2.3233 2.3309 2.3355 2.3366 2.3416 2.3438 2.3349 2.3138 2.3084 2.3394 2.2923 2.1919 2.3674 2.9812 3.8855 4.2229 3.8683 3.9966 4.1084 3.1599 2.3150 2.2672 2.3546 2.3595 2.3602 2.3812 2.4159 2.4362 2.4431 2.4458 2.4326 2.4153 2.4294 2.4582 2.4731 2.4768 2.4769 2.4796 2.4874 2.4985 2.5063 2.5118 2.5202 2.5216 2.5139 2.5213 2.5362 2.5316 2.5287 2.5393 2.5324 2.5181 2.5297 2.5503 2.5596 2.5562 2.5493 2.5495 2.5489 2.5421 2.5317 2.5043 2.4531 2.4262 2.3930 2.2652 2.5199 3.4803 4.0848 3.7810 2.9744 2.3600 2.3881 2.5496 2.5790 2.6241 2.6958 2.7541 2.7973 2.8322 2.8646 2.8814 2.8770 2.8768 2.8867 2.8944 2.8995 2.9028 2.9010 2.8957 2.8920 2.8878 2.8830 2.8832 2.8785 2.8563 2.8386 2.8424 2.8625 2.8899 2.9131 2.9172 2.9064 2.9088 2.9265 2.9463 2.9563 2.9528 2.9411 2.9134 2.8609 2.7898 2.7198 2.6763 2.6366 2.3833
1.9570 2.0663 2.2241 2.3718 2.4287 2.4783 2.5368 2.5523 2.5452 2.5474 2.5603 2.5584 2.5135 2.4774 2.4798 2.4692 2.4349 2.3982 2.3643 2.3395 2.3390 2.3628 2.3928 2.3819 2.3298 2.3060 2.2973 2.2627 2.2397 2.2502 2.2751 2.3001 2.3158 2.3140 2.2899 2.2451 2.2012 2.1755 2.1508 2.1269 2.1214 2.1064 2.0601 2.0190 1.9835 1.9861 2.4887 3.4746 3.6572 2.9341 2.2333 1.9439 2.0520 2.1571 2.1550 2.1679 2.1794 2.1689 2.1746 2.1908 2.1858 2.1626 2.1409 2.1480 2.1678 2.1697 2.1666 2.1740 2.1958 2.2237 2.2445 2.2496 2.2434 2.2433 2.2545 2.2710 2.2743 2.2621 2.2523 2.2604 2.2894 2.3153 2.3279 2.3339 2.3369 2.3392 2.3439 2.3512 2.3585 2.3624 2.3572 2.3359 2.3208 2.3345 2.2904 2.2187 2.4043 3.0040 3.8906 4.2077 3.8371 3.9753 4.1108 3.1754 2.3460 2.3133 2.3829 2.3593 2.3573 2.3822 2.4123 2.4246 2.4274 2.4334 2.4233 2.4071 2.4270 2.4630 2.4815 2.4877 2.4896 2.4912 2.4988 2.5129 2.5188 2.5189 2.5279 2.5277 2.5108 2.5142 2.5346 2.5407 2.5445 2.5536 2.5430 2.5229 2.5244 2.5424 2.5578 2.5492 2.5313 2.5321 2.5351 2.5273 2.5153 2.4892 2.4436 2.4258 2.3988 2.2639 2.5086 3.4691 4.0686 3.7540 2.9508 2.3479 2.3819 2.5453 2.5770 2.6290 2.7106 2.7766 2.8168 2.8398 2.8632 2.8791 2.8798 2.8798 2.8817 2.8789 2.8819 2.8934 2.8908 2.8757 2.8673 2.8694 2.8772 2.8796 2.8670 2.8382 2.8191 2.8253 2.8463 2.8755 2.9051 2.9095 2.8909 2.8906 2.9030 2.9047 2.9062 2.9131 2.9165 2.9029 2.8607 2.7897 2.7106 2.6585 2.6255 2.3998
1.7767 1.9696 2.1941 2.3618 2.4133 2.4491 2.4965 2.5072 2.4934 2.4857 2.5038 2.5147 2.4682 2.4315 2.4471 2.4503 2.4258 2.3975 2.3711 2.3508 2.3468 2.3621 2.3873 2.3823 2.3403 2.3081 2.2905 2.2704 2.2490 2.2394 2.2616 2.2980 2.3186 2.3125 2.2832 2.2455 2.2122 2.1876 2.1572 2.1285 2.1263 2.1169 2.0680 2.0091 1.9592 1.9828 2.5115 3.4955 3.6573 2.9156 2.2177 1.9327 2.0324 2.1349 2.1412 2.1650 2.1786 2.1600 2.1633 2.1799 2.1679 2.1439 2.1340 2.1525 2.1760 2.1746 2.1751 2.1903 2.1999 2.2093 2.2290 2.2373 2.2326 2.2423 2.2663 2.2903 2.2990 2.2939 2.2924 2.3015 2.3187 2.3315 2.3392 2.3502 2.3544 2.3476 2.3533 2.3709 2.3792 2.3790 2.3723 2.3495 2.3289 2.3322 2.2887 2.2327 2.4233 3.0195 3.9109 4.2278 3.8462 3.9807 4.1222 3.1946 2.3691 2.3342 2.3973 2.3674 2.3619 2.3792 2.3969 2.4019 2.4053 2.4192 2.4224 2.4200 2.4456 2.4751 2.4787 2.4802 2.4903 2.4995 2.5127 2.5314 2.5374 2.5325 2.5344 2.5302 2.5161 2.5262 2.5551 2.5684 2.5706 2.5692 2.5555 2.5384 2.5364 2.5492 2.5615 2.5461 2.5167 2.5047 2.5002 2.4918 2.4795 2.4525 2.4088 2.3981 2.3826 2.2587 2.5115 3.4729 4.0521 3.7088 2.9086 2.3256 2.3671 2.5315 2.5659 2.6252 2.7164 2.7887 2.8238 2.8329 2.8463 2.8658 2.8818 2.8826 2.8726 2.8674 2.8696 2.8727 2.8614 2.8448 2.8451 2.8596 2.8753 2.8766 2.8614 2.8396 2.8300 2.8390 2.8522 2.8738 2.9079 2.9105 2.8795 2.8767 2.8819 2.8534 2.8363 2.8500 2.8624 2.8586 2.8336 2.7812 2.7118 2.6516 2.5992 2.3573
1.6696 1.9170 2.1692 2.3366 2.3842 2.4117 2.4487 2.4545 2.4378 2.4271 2.4485 2.4676 2.4265 2.3945 2.4169 2.4300 2.4183 2.4049 2.3897 2.3719 2.3597 2.3593 2.3686 2.3635 2.3341 2.2987 2.2750 2.2685 2.2503 2.2265 2.2488 2.2933 2.3105 2.2976 2.2681 2.2409 2.2178 2.1924 2.1606 2.1321 2.1239 2.1104 2.0650 2.0022 1.9482 1.9893 2.5351 3.5128 3.6563 2.9024 2.2131 1.9423 2.0443 2.1346 2.1271 2.1525 2.1690 2.1446 2.1441 2.1610 2.1506 2.1336 2.1338 2.1527 2.1708 2.1696 2.1759 2.1945 2.1928 2.1899 2.2137 2.2272 2.2235 2.2421 2.2767 2.3037 2.3179 2.3226 2.3264 2.3306 2.3344 2.3392 2.3481 2.3627 2.3689 2.3628 2.3737 2.3961 2.3976 2.3872 2.3760 2.3528 2.3329 2.3362 2.2936 2.2360 2.4121 3.0014 3.9212 4.2639 3.8790 3.9985 4.1330 3.2157 2.3949 2.3485 2.4007 2.3671 2.3634 2.3803 2.3932 2.3945 2.3957 2.4095 2.4239 2.4376 2.4624 2.4800 2.4757 2.4797 2.4985 2.5112 2.5233 2.5412 2.5483 2.5436 2.5409 2.5364 2.5301 2.5422 2.5660 2.5759 2.5708 2.5581 2.5469 2.5407 2.5394 2.5453 2.5510 2.5337 2.5021 2.4808 2.4700 2.4635 2.4535 2.4268 2.3825 2.3724 2.3616 2.2491 2.5149 3.4837 4.0640 3.7181 2.9152 2.3293 2.3673 2.5302 2.5655 2.6261 2.7184 2.7899 2.8198 2.8202 2.8260 2.8447 2.8660 2.8653 2.8504 2.8506 2.8531 2.8428 2.8269 2.8188 2.8299 2.8503 2.8667 2.8713 2.8619 2.8429 2.8331 2.8396 2.8483 2.8676 2.9044 2.9051 2.8661 2.8617 2.8652 2.8255 2.8038 2.8221 2.8308 2.8232 2.8090 2.7769 2.7237 2.6580 2.5783 2.3004
1.6714 1.9344 2.1607 2.2974 2.3358 2.3598 2.3932 2.4015 2.3900 2.3817 2.4024 2.4236 2.3945 2.3706 2.3905 2.4059 2.4058 2.4073 2.4020 2.3856 2.3704 2.3578 2.3428 2.3282 2.3103 2.2770 2.2470 2.2412 2.2252 2.2024 2.2294 2.2757 2.2864 2.2740 2.2560 2.2392 2.2187 2.1895 2.1615 2.1383 2.1149 2.0870 2.0504 2.0007 1.9541 2.0001 2.5467 3.5190 3.6529 2.8953 2.2208 1.9736 2.0881 2.1576 2.1151 2.1302 2.1507 2.1286 2.1275 2.1451 2.1408 2.1312 2.1328 2.1403 2.1462 2.1480 2.1611 2.1811 2.1774 2.1754 2.2070 2.2266 2.2244 2.2457 2.2812 2.3048 2.3212 2.3327 2.3347 2.3300 2.3264 2.3342 2.3519 2.3669 2.3757 2.3831 2.4034 2.4227 2.4103 2.3869 2.3719 2.3492 2.3331 2.3444 2.3064 2.2379 2.3767 2.9378 3.8860 4.2749 3.9097 4.0117 4.1241 3.2197 2.4149 2.3634 2.4003 2.3573 2.3606 2.3875 2.4046 2.4061 2.4021 2.4063 2.4233 2.4475 2.4651 2.4728 2.4767 2.4922 2.5147 2.5219 2.5240 2.5345 2.5428 2.5446 2.5438 2.5423 2.5420 2.5455 2.5496 2.5468 2.5342 2.5175 2.5143 2.5207 2.5209 2.5206 2.5209 2.5077 2.4844 2.4651 2.4551 2.4522 2.4460 2.4219 2.3788 2.3653 2.3494 2.2404 2.5153 3.4953 4.1043 3.7901 2.9764 2.3588 2.3830 2.5449 2.5815 2.6376 2.7198 2.7804 2.8047 2.8042 2.8064 2.8167 2.8272 2.8228 2.8135 2.8229 2.8263 2.8078 2.7974 2.8043 2.8183 2.8325 2.8450 2.8587 2.8600 2.8344 2.8121 2.8130 2.8250 2.8493 2.8844 2.8837 2.8464 2.8408 2.8471 2.8224 2.8149 2.8353 2.8315 2.8111 2.7989 2.7791 2.7379 2.6715 2.5729 2.2602
1.7033 1.9688 2.1687 2.2765 2.2976 2.3115 2.3422 2.3589 2.3553 2.3440 2.3531 2.3695 2.3572 2.3419 2.3471 2.3590 2.3733 2.3913 2.3960 2.3820 2.3685 2.3517 2.3203 2.2936 2.2764 2.2452 2.2117 2.1973 2.1821 2.1696 2.1979 2.2383 2.2482 2.2497 2.2528 2.2414 2.2161 2.1863 2.1618 2.1396 2.1069 2.0726 2.0445 2.0067 1.9630 1.9976 2.5378 3.5191 3.6496 2.8793 2.2089 1.9785 2.1059 2.1642 2.0975 2.1046 2.1326 2.1213 2.1198 2.1295 2.1234 2.1164 2.1200 2.1249 2.1267 2.1288 2.1456 2.1717 2.1770 2.1806 2.2095 2.2304 2.2353 2.2567 2.2858 2.3027 2.3174 2.3306 2.3295 2.3201 2.3163 2.3305 2.3546 2.3658 2.3737 2.3935 2.4234 2.4407 2.4180 2.3870 2.3725 2.3486 2.3303 2.3469 2.3222 2.2569 2.3464 2.8356 3.7604 4.1944 3.9019 4.0002 4.0639 3.1582 2.3851 2.3644 2.4088 2.3608 2.3670 2.3940 2.4052 2.4077 2.4062 2.4059 2.4205 2.4456 2.4582 2.4634 2.4746 2.4934 2.5107 2.5121 2.5076 2.5107 2.5208 2.5308 2.5317 2.5280 2.5253 2.5208 2.5125 2.5006 2.4885 2.4813 2.4839 2.4906 2.4908 2.4889 2.4871 2.4772 2.4614 2.4479 2.4411 2.4391 2.4326 2.4126 2.3809 2.3725 2.3527 2.2464 2.5262 3.5067 4.1322 3.8401 3.0102 2.3623 2.3813 2.5526 2.5981 2.6530 2.7208 2.7597 2.7751 2.7782 2.7784 2.7784 2.7772 2.7716 2.7704 2.7855 2.7904 2.7738 2.7751 2.7925 2.7970 2.7989 2.8112 2.8302 2.8352 2.8082 2.7857 2.7911 2.8067 2.8270 2.8494 2.8464 2.8190 2.8105 2.8122 2.8005 2.8026 2.8190 2.8109 2.7922 2.7872 2.7727 2.7343 2.6743 2.5772 2.2418
1.7134 1.9753 2.1749 2.2778 2.2791 2.2734 2.2973 2.3232 2.3268 2.3057 2.2962 2.3038 2.3077 2.2985 2.2836 2.2911 2.3207 2.3509 2.3628 2.3541 2.3457 2.3317 2.2969 2.2627 2.2390 2.2078 2.1733 2.1493 2.1354 2.1351 2.1583 2.1876 2.2041 2.2269 2.2505 2.2393 2.2082 2.1845 2.1627 2.1367 2.1061 2.0773 2.0525 2.0178 1.9703 1.9852 2.5206 3.5254 3.6584 2.8653 2.1818 1.9507 2.0818 2.1427 2.0754 2.0812 2.1171 2.1212 2.1195 2.1155 2.0996 2.0912 2.1009 2.1154 2.1227 2.1208 2.1367 2.1727 2.1930 2.2011 2.2161 2.2331 2.2500 2.2721 2.2922 2.3036 2.3158 2.3272 2.3242 2.3154 2.3163 2.3345 2.3580 2.3637 2.3691 2.3940 2.4287 2.4469 2.4226 2.3926 2.3826 2.3574 2.3314 2.3434 2.3369 2.2954 2.3350 2.7167 3.5660 4.0483 3.8903 3.9908 3.9631 3.0385 2.3093 2.3462 2.4214 2.3790 2.3834 2.3971 2.3901 2.3920 2.4013 2.4060 2.4176 2.4363 2.4478 2.4556 2.4671 2.4779 2.4838 2.4836 2.4805 2.4803 2.4902 2.5029 2.5010 2.4896 2.4795 2.4759 2.4728 2.4607 2.4560 2.4662 2.4696 2.4639 2.4616 2.4626 2.4618 2.4521 2.4382 2.4296 2.4257 2.4215 2.4106 2.3944 2.3814 2.3870 2.3692 2.2669 2.5482 3.5199 4.1395 3.8436 2.9941 2.3288 2.3547 2.5436 2.6033 2.6619 2.7164 2.7292 2.7330 2.7405 2.7386 2.7311 2.7259 2.7242 2.7297 2.7442 2.7495 2.7413 2.7529 2.7719 2.7622 2.7540 2.7696 2.7847 2.7831 2.7650 2.7602 2.7799 2.7969 2.8048 2.8090 2.8051 2.7926 2.7795 2.7655 2.7499 2.7471 2.7554 2.7539 2.7522 2.7604 2.7463 2.7036 2.6560 2.5779 2.2363
1.6969 1.9273 2.1392 2.2650 2.2606 2.2355 2.2449 2.2726 2.2816 2.2570 2.2391 2.2419 2.2509 2.2436 2.2220 2.2316 2.2667 2.2893 2.2973 2.2981 2.2972 2.2848 2.2503 2.2200 2.2025 2.1721 2.1350 2.1119 2.1046 2.1105 2.1262 2.1470 2.1698 2.2000 2.2248 2.2146 2.1896 2.1775 2.1641 2.1416 2.1158 2.0883 2.0588 2.0261 1.9845 1.9948 2.5328 3.5584 3.7017 2.8984 2.1936 1.9407 2.0588 2.1215 2.0610 2.0626 2.0976 2.1121 2.1159 2.1104 2.0932 2.0869 2.1016 2.1186 2.1238 2.1169 2.1298 2.1683 2.1970 2.2087 2.2144 2.2293 2.2554 2.2794 2.2963 2.3082 2.3237 2.3369 2.3297 2.3182 2.3234 2.3415 2.3601 2.3665 2.3762 2.4033 2.4336 2.4463 2.4264 2.4031 2.3956 2.3760 2.3504 2.3469 2.3475 2.3343 2.3338 2.6188 3.4088 3.9796 3.9988 4.0674 3.8854 2.9405 2.2547 2.3171 2.4115 2.3840 2.3932 2.4005 2.3827 2.3828 2.3973 2.4062 2.4183 2.4337 2.4394 2.4444 2.4588 2.4673 2.4661 2.4653 2.4659 2.4664 2.4677 2.4668 2.4581 2.4455 2.4380 2.4471 2.4593 2.4502 2.4468 2.4640 2.4663 2.4527 2.4468 2.4489 2.4508 2.4419 2.4286 2.4238 2.4232 2.4192 2.4069 2.3921 2.3869 2.4005 2.3860 2.2827 2.5636 3.5393 4.1622 3.8605 2.9893 2.3044 2.3313 2.5282 2.5924 2.6503 2.6955 2.6918 2.6876 2.6965 2.6922 2.6817 2.6790 2.6853 2.6976 2.7097 2.7110 2.7033 2.7126 2.7285 2.7223 2.7172 2.7280 2.7300 2.7202 2.7133 2.7224 2.7472 2.7688 2.7794 2.7817 2.7850 2.7872 2.7706 2.7386 2.7081 2.6964 2.7016 2.7009 2.7016 2.7116 2.6955 2.6522 2.6170 2.5540 2.2187
1.6712 1.8356 2.0499 2.2105 2.2188 2.1854 2.1792 2.1999 2.2111 2.1930 2.1812 2.1846 2.1866 2.1776 2.1658 2.1827 2.2108 2.2103 2.2074 2.2205 2.2275 2.2135 2.1798 2.1634 2.1671 2.1392 2.0979 2.0867 2.0892 2.0921 2.1018 2.1209 2.1465 2.1668 2.1733 2.1658 2.1568 2.1571 2.1575 2.1488 2.1267 2.0934 2.0560 2.0262 2.0000 2.0288 2.5774 3.6039 3.7574 2.9627 2.2361 1.9464 2.0387 2.1012 2.0505 2.0445 2.0688 2.0851 2.0998 2.1077 2.1002 2.1001 2.1158 2.1238 2.1182 2.1090 2.1181 2.1480 2.1736 2.1870 2.1941 2.2099 2.2374 2.2642 2.2854 2.3027 2.3235 2.3378 2.3228 2.3052 2.3149 2.3343 2.3506 2.3636 2.3813 2.4062 2.4231 2.4249 2.4150 2.4024 2.3936 2.3868 2.3745 2.3532 2.3522 2.3652 2.3311 2.5336 3.2859 3.9796 4.1989 4.1847 3.7912 2.8611 2.2419 2.2878 2.3730 2.3599 2.3793 2.3918 2.3757 2.3730 2.3827 2.3896 2.4048 2.4227 2.4192 2.4162 2.4366 2.4506 2.4476 2.4443 2.4479 2.4543 2.4456 2.4238 2.4085 2.4025 2.4071 2.4317 2.4555 2.4456 2.4354 2.4487 2.4545 2.4461 2.4378 2.4384 2.4446 2.4385 2.4253 2.4209 2.4205 2.4171 2.4091 2.3972 2.3870 2.3977 2.3846 2.2774 2.5584 3.5501 4.1900 3.8925 3.0078 2.3035 2.3180 2.5051 2.5590 2.6066 2.6439 2.6366 2.6317 2.6404 2.6346 2.6245 2.6271 2.6406 2.6573 2.6673 2.6634 2.6493 2.6470 2.6589 2.6719 2.6781 2.6741 2.6626 2.6530 2.6560 2.6672 2.6843 2.7129 2.7424 2.7595 2.7783 2.7964 2.7824 2.7387 2.6905 2.6716 2.6792 2.6686 2.6512 2.6487 2.6305 2.5923 2.5607 2.4930 2.1706
1.6753 1.7540 1.9314 2.1015 2.1294 2.1094 2.1045 2.1166 2.1240 2.1151 2.1121 2.1151 2.1074 2.0965 2.0957 2.1126 2.1282 2.1179 2.1163 2.1397 2.1521 2.1392 2.1116 2.1090 2.1278 2.1026 2.0606 2.0592 2.0645 2.0585 2.0662 2.0902 2.1179 2.1292 2.1215 2.1123 2.1093 2.1138 2.1251 2.1317 2.1155 2.0835 2.0493 2.0164 1.9935 2.0539 2.6146 3.6077 3.7511 2.9699 2.2257 1.9009 1.9721 2.0464 2.0205 2.0147 2.0285 2.0423 2.0647 2.0840 2.0831 2.0842 2.0974 2.1016 2.0948 2.0882 2.0933 2.1104 2.1261 2.1375 2.1483 2.1624 2.1830 2.2113 2.2388 2.2571 2.2692 2.2687 2.2431 2.2261 2.2483 2.2834 2.3109 2.3265 2.3375 2.3487 2.3505 2.3482 2.3560 2.3581 2.3476 2.3532 2.3605 2.3378 2.3519 2.3957 2.3148 2.3988 3.0603 3.8521 4.2765 4.1414 3.5167 2.6942 2.2304 2.2694 2.3268 2.3094 2.3278 2.3405 2.3249 2.3182 2.3208 2.3214 2.3350 2.3553 2.3527 2.3492 2.3689 2.3785 2.3679 2.3587 2.3653 2.3854 2.3870 2.3681 2.3543 2.3512 2.3585 2.3785 2.3910 2.3705 2.3571 2.3781 2.4004 2.4068 2.4005 2.4028 2.4172 2.4137 2.3957 2.3842 2.3722 2.3584 2.3580 2.3602 2.3504 2.3557 2.3413 2.2396 2.5259 3.5152 4.1545 3.8655 2.9974 2.2987 2.2939 2.4585 2.4957 2.5238 2.5463 2.5376 2.5388 2.5537 2.5491 2.5390 2.5433 2.5547 2.5662 2.5742 2.5737 2.5659 2.5633 2.5720 2.5883 2.5908 2.5740 2.5660 2.5742 2.5893 2.6013 2.6130 2.6432 2.6800 2.7033 2.7378 2.7809 2.7833 2.7407 2.6819 2.6552 2.6604 2.6413 2.6102 2.5970 2.5785 2.5426 2.4942 2.3948 2.0840
1.7004 1.7009 1.8080 1.9525 2.0004 2.0155 2.0314 2.0339 2.0306 2.0321 2.0373 2.0368 2.0215 2.0105 2.0167 2.0259 2.0298 2.0292 2.0394 2.0630 2.0764 2.0716 2.0574 2.0616 2.0787 2.0555 2.0203 2.0235 2.0251 2.0112 2.0218 2.0513 2.0741 2.0802 2.0720 2.0625 2.0554 2.0531 2.0652 2.0815 2.0762 2.0602 2.0436 2.0006 1.9657 2.0700 2.6458 3.5723 3.6874 2.9337 2.1980 1.8521 1.8948 1.9734 1.9743 1.9777 1.9894 2.0022 2.0241 2.0436 2.0439 2.0434 2.0530 2.0592 2.0589 2.0574 2.0616 2.0711 2.0760 2.0818 2.0959 2.1072 2.1156 2.1361 2.1612 2.1774 2.1860 2.1827 2.1595 2.1474 2.1741 2.2173 2.2504 2.2569 2.2617 2.2823 2.2877 2.2809 2.2909 2.2933 2.2775 2.2931 2.3253 2.3298 2.3913 2.4786 2.3315 2.2431 2.7369 3.5724 4.1854 3.9120 3.0636 2.4231 2.1894 2.2516 2.2882 2.2603 2.2629 2.2706 2.2624 2.2535 2.2443 2.2354 2.2527 2.2817 2.2689 2.2574 2.2903 2.2971 2.2660 2.2550 2.2653 2.2789 2.2895 2.2929 2.2878 2.2861 2.2947 2.2994 2.2885 2.2614 2.2537 2.2829 2.3134 2.3260 2.3242 2.3378 2.3678 2.3618 2.3334 2.3254 2.3099 2.2787 2.2731 2.2839 2.2825 2.2839 2.2652 2.1922 2.4971 3.4471 4.0538 3.7804 2.9603 2.2893 2.2567 2.3942 2.4230 2.4290 2.4277 2.4147 2.4249 2.4502 2.4457 2.4317 2.4346 2.4402 2.4436 2.4510 2.4591 2.4646 2.4706 2.4766 2.4784 2.4731 2.4657 2.4731 2.4942 2.5165 2.5344 2.5507 2.5767 2.6019 2.6156 2.6574 2.7247 2.7475 2.7146 2.6574 2.6282 2.6313 2.6144 2.5854 2.5707 2.5586 2.5267 2.4490 2.2971 1.9858
1.6829 1.6520 1.6999 1.8057 1.8741 1.9324 1.9731 1.9583 1.9389 1.9572 1.9766 1.9740 1.9517 1.9423 1.9591 1.9668 1.9641 1.9714 1.9793 1.9821 1.9921 2.0047 2.0081 2.0109 2.0111 1.9894 1.9697 1.9815 1.9863 1.9760 1.9932 2.0179 2.0141 2.0018 1.9992 2.0077 2.0096 1.9946 1.9930 2.0100 2.0221 2.0344 2.0407 1.9864 1.9444 2.1166 2.7168 3.5563 3.6500 2.9773 2.3216 1.9788 1.9414 1.9577 1.9449 1.9552 1.9792 1.9983 2.0113 2.0205 2.0295 2.0399 2.0478 2.0429 2.0317 2.0293 2.0422 2.0609 2.0604 2.0585 2.0803 2.0977 2.0952 2.0856 2.0845 2.1091 2.1788 2.2626 2.2872 2.2682 2.2468 2.2282 2.2084 2.1903 2.2428 2.3792 2.4412 2.3992 2.3436 2.2922 2.2567 2.2832 2.3504 2.4093 2.5474 2.6933 2.4737 2.1899 2.4842 3.3143 4.0677 3.6663 2.6222 2.1356 2.0991 2.1947 2.2591 2.2627 2.2480 2.2648 2.3068 2.3042 2.2653 2.2441 2.2999 2.3648 2.2715 2.1976 2.3133 2.3635 2.2983 2.3075 2.3208 2.2463 2.1915 2.1888 2.1873 2.2052 2.2538 2.2800 2.2796 2.2864 2.2908 2.2785 2.2532 2.2284 2.2246 2.2643 2.3216 2.3023 2.2637 2.3145 2.3553 2.3198 2.2653 2.2312 2.2282 2.2244 2.1990 2.1909 2.5379 3.4045 3.9514 3.7158 2.9579 2.3041 2.2231 2.3393 2.3891 2.3842 2.3560 2.3365 2.3508 2.3763 2.3604 2.3361 2.3423 2.3596 2.3753 2.3880 2.3905 2.3821 2.3771 2.3777 2.3814 2.4137 2.4672 2.4707 2.4420 2.4471 2.4742 2.5021 2.5258 2.5383 2.5415 2.5745 2.6340 2.6525 2.6229 2.5789 2.5683 2.5914 2.5931 2.5754 2.5651 2.5728 2.5661 2.4744 2.2712 1.9370
1.5904 1.5738 1.5846 1.6385 1.7059 1.7869 1.8457 1.8308 1.8033 1.8176 1.8361 1.8384 1.8291 1.8254 1.8349 1.8430 1.8496 1.8605 1.8574 1.8423 1.8559 1.8893 1.9056 1.8922 1.8597 1.8406 1.8443 1.8626 1.8768 1.8896 1.9262 1.9481 1.9122 1.8633 1.8428 1.8629 1.8889 1.8869 1.8804 1.8870 1.9079 1.9424 1.9683 1.9216 1.9137 2.1858 2.7418 3.3254 3.3588 2.9194 2.5718 2.3647 2.2004 2.0376 1.9174 1.9112 1.9617 1.9968 1.9874 1.9724 2.0083 2.0495 2.0502 2.0076 1.9583 1.9476 1.9723 2.0034 1.9991 1.9910 2.0247 2.0640 2.0675 2.0177 1.9767 2.0400 2.2835 2.6110 2.7729 2.7327 2.5578 2.3368 2.1602 2.1201 2.3283 2.7325 2.9195 2.7933 2.5647 2.3655 2.2677 2.2807 2.3442 2.3787 2.4496 2.5124 2.2925 2.0434 2.2855 3.0074 3.6588 3.2059 2.1900 1.8040 1.8318 1.9404 2.0986 2.2159 2.2294 2.3172 2.4940 2.5343 2.4711 2.4612 2.6057 2.7312 2.4728 2.2732 2.5523 2.7247 2.6467 2.7025 2.6955 2.4090 2.1358 2.0110 1.9728 2.0442 2.2197 2.3740 2.4870 2.6067 2.6241 2.4746 2.2678 2.1071 2.0603 2.1186 2.2080 2.2023 2.2209 2.4427 2.6291 2.5969 2.4065 2.2087 2.1340 2.0964 2.0671 2.1597 2.5183 3.1422 3.5565 3.4491 2.8646 2.2748 2.1174 2.2100 2.3301 2.3487 2.3008 2.2640 2.2535 2.2440 2.1949 2.1545 2.1728 2.2301 2.2932 2.3283 2.3160 2.2626 2.2138 2.2033 2.2558 2.4119 2.5982 2.5632 2.3831 2.3077 2.3127 2.3311 2.3431 2.3472 2.3497 2.3533 2.3529 2.3357 2.3101 2.3000 2.3388 2.4112 2.4477 2.4432 2.4303 2.4511 2.4714 2.3831 2.1679 1.8621
